       __       ___      ___   ___                _______  _______ .___  ___. 
      |  |     /   \     \  \ /  /               |   ____||   ____||   \/   | 
      |  |    /  ^  \     \  V  /      ______    |  |__   |  |__   |  \  /  | 
.--.  |  |   /  /_\  \     >   <      |______|   |   __|  |   __|  |  |\/|  | 
|  `--'  |  /  _____  \   /  .  \                |  |     |  |____ |  |  |  | 
 \______/  /__/     \__\ /__/ \__\               |__|     |_______||__|  |__| 
                                                                              

v06: paper-validation constitutive adapter installed
============================================================
mech100 XLA/GPU upgrade wrapper (v04)
original_solver_module = /home/user/work/159/jax-fem/jax_fem_am/simulation/stepper.py
linear_solver_override = pardiso_solver(mkl multithreaded direct)
xla_platform           = gpu
xla_preallocate       = off
xla_mem_fraction      = None
fallback_to_spsolve   = True
thermal_warm_start    = False
loop_kernel_jit       = True
skip_unused_mech_mat = True
dof_to_quad_cache    = True
quiet_jax_fem_logs = True
lazy_output_postprocess = False
thermal_only_mech_surrogate = True
cell_assembly_chunking = auto target_batch_size=262144
full_loop_xla         = disabled; v03 Python/jax-fem loop is preserved
============================================================
v06: lifecycle wrapper refreshed after v04 JIT patches
v06: mechanics-event wrapper refreshed after v04 caches
v06: thermal energy ledger installed after v04 solver patch
mesh element type: HEX8; mechanics B-bar: ON (--mechanics-bbar auto)
WARNING: scan_speed * dt is larger than 0.5 * beam_radius; consider smaller dt.
powder elset 'POWDER': 43810 permanent powder cells (weak-solid mechanics: ON, E=1e+10 Pa)
path_output: /home/user/work/output/amb_l0_20260731T092534Z/path_used.csv
inp: /home/user/work/159/jax-fem/cases/AM-Benchmark/derived/meshes/amb_d07_L0.inp
selected_cells: 109200
points: 118800
raw_pmin: [-20.34 -10.   -12.7 ]
raw_pmax: [79.66 10.   12.48]
mesh_length_scale: 0.001
path_length_scale: 0.001
scaled_pmin: [-0.02034 -0.01    -0.0127 ]
scaled_pmax: [0.07966 0.01    0.01248]
part_pmin: [-0.02034 -0.01     0.     ]
part_pmax: [0.07966 0.01    0.01248]
thermal_dofs: 118800
mechanical_dofs: 356400
build_axis: z
base_side: min
build_direction: +z
plane_axes: ['x', 'y']
scan_axis: x
hatch_axis: y
layers: 13
layer_thickness: 0.001
hatch_lines_per_layer: 4
hatch_spacing: None
scan_pattern: raster
scan_rotation_per_layer: 0.0
jump_speed: 0.0
scan_steps_per_layer: 8
total_thermal_steps: 1748
scan_length: 0.075
scan_speed: 0.00046875
actual_scan_speed: 0.0005357142857142857
dt: 20.0
laser_power: 48.75
absorptivity: 0.62
effective_laser_power_nominal: 30.225
source_model: legacy
heat_source_normalization: 2*P_abs/(pi*r_b^2*source_depth)
beam_radius: 0.002
source_depth: 0.001
powder_mode: powder
inactive_thermal_factor: 1e-06
inactive_mechanics_factor: 1e-09
rho_solid: 8453.0
cp_solid: 500.0
conductivity_solid: 20.0
rho_powder: 4395.6
cp_powder: 500.0
conductivity_powder: 1.0
rho_liquid: 7914.0
cp_liquid: 663.0
conductivity_liquid: 32.3
emissivity: 0.46
bottom_thermal_bc: fixed
bottom_temperature_effective: 347.05
front_surface_loss_h: 0.0
front_surface_loss_thickness: 0.0
front_surface_loss_radiation: False
mechanics_model: j2_plastic
mushy_mechanics_factor: 0.01
liquid_mechanics_factor: 0.0001
reset_plastic_on_melt: True
active_window_below_layers: 0
old_layer_thermal_factor: 1e-06
old_layer_cooling_h: 0.0
layer_activation_mode: layer_on_scan
future_layer_mode: void
layer_activation_geometry: centroid
WARNING: j2_plastic is a simplified stress-clipping/radial-return approximation; do not use as industrial-grade quantitative residual stress.
thermal_boundary_face_counts: [109200]
thermal_dirichlet_node_counts: [4752]
mechanical_dirichlet_node_counts: [4752, 4752, 4752]
output_dir: /home/user/work/output/amb_l0_20260731T092534Z
E0731 17:25:50.324739    1244 cuda_executor.cc:1182] [0] Failed to allocate device memory of 4.00GiB (4294967296 bytes): RESOURCE_EXHAUSTED: : CUDA_ERROR_OUT_OF_MEMORY: out of memory
global_step=0 mode=scan layer=1/13 highest_printed_layer=1 hatch=1/4 scan=1/8 front_z=0.001 active_window_cells=51050/109200 printed_cells=51050/109200 cooling_only_cells=0/109200 mechanics_current=1 mechanics_source_step=0 T_min=347.05 T_max=1631.09185908 u_max=5.46715580117e-05 vm_max=393943358.309 laser_center=[ 0.     -0.0025  0.001 ] laser_switch=1 effective_power=30.225 vtk=/home/user/work/output/amb_l0_20260731T092534Z/step_000000_scan.vtu
global_step=1 mode=scan layer=1/13 highest_printed_layer=1 hatch=1/4 scan=2/8 front_z=0.001 active_window_cells=51050/109200 printed_cells=51050/109200 cooling_only_cells=0/109200 mechanics_current=0 mechanics_source_step=0 T_min=347.05 T_max=1144.04849749 u_max=5.46715580117e-05 vm_max=393943358.309 laser_center=[ 0.01071429 -0.0025      0.001     ] laser_switch=1 effective_power=30.225 vtk=
global_step=2 mode=scan layer=1/13 highest_printed_layer=1 hatch=1/4 scan=3/8 front_z=0.001 active_window_cells=51050/109200 printed_cells=51050/109200 cooling_only_cells=0/109200 mechanics_current=0 mechanics_source_step=0 T_min=347.05 T_max=1245.77057368 u_max=5.46715580117e-05 vm_max=393943358.309 laser_center=[ 0.02142857 -0.0025      0.001     ] laser_switch=1 effective_power=30.225 vtk=
global_step=3 mode=scan layer=1/13 highest_printed_layer=1 hatch=1/4 scan=4/8 front_z=0.001 active_window_cells=51050/109200 printed_cells=51050/109200 cooling_only_cells=0/109200 mechanics_current=0 mechanics_source_step=0 T_min=347.05 T_max=1145.86884497 u_max=5.46715580117e-05 vm_max=393943358.309 laser_center=[ 0.03214286 -0.0025      0.001     ] laser_switch=1 effective_power=30.225 vtk=
global_step=4 mode=scan layer=1/13 highest_printed_layer=1 hatch=1/4 scan=5/8 front_z=0.001 active_window_cells=51050/109200 printed_cells=51050/109200 cooling_only_cells=0/109200 mechanics_current=0 mechanics_source_step=0 T_min=347.05 T_max=1145.23957485 u_max=5.46715580117e-05 vm_max=393943358.309 laser_center=[ 0.04285714 -0.0025      0.001     ] laser_switch=1 effective_power=30.225 vtk=
global_step=5 mode=scan layer=1/13 highest_printed_layer=1 hatch=1/4 scan=6/8 front_z=0.001 active_window_cells=51050/109200 printed_cells=51050/109200 cooling_only_cells=0/109200 mechanics_current=0 mechanics_source_step=0 T_min=347.05 T_max=1170.7457348 u_max=5.46715580117e-05 vm_max=393943358.309 laser_center=[ 0.05357143 -0.0025      0.001     ] laser_switch=1 effective_power=30.225 vtk=
global_step=6 mode=scan layer=1/13 highest_printed_layer=1 hatch=1/4 scan=7/8 front_z=0.001 active_window_cells=51050/109200 printed_cells=51050/109200 cooling_only_cells=0/109200 mechanics_current=0 mechanics_source_step=0 T_min=347.05 T_max=1122.41080871 u_max=5.46715580117e-05 vm_max=393943358.309 laser_center=[ 0.06428571 -0.0025      0.001     ] laser_switch=1 effective_power=30.225 vtk=
global_step=7 mode=scan layer=1/13 highest_printed_layer=1 hatch=1/4 scan=8/8 front_z=0.001 active_window_cells=51050/109200 printed_cells=51050/109200 cooling_only_cells=0/109200 mechanics_current=0 mechanics_source_step=0 T_min=347.05 T_max=1483.49400432 u_max=5.46715580117e-05 vm_max=393943358.309 laser_center=[ 0.075  -0.0025  0.001 ] laser_switch=1 effective_power=30.225 vtk=
global_step=8 mode=scan layer=1/13 highest_printed_layer=1 hatch=2/4 scan=1/8 front_z=0.001 active_window_cells=51050/109200 printed_cells=51050/109200 cooling_only_cells=0/109200 mechanics_current=0 mechanics_source_step=0 T_min=347.05 T_max=1086.94872263 u_max=5.46715580117e-05 vm_max=393943358.309 laser_center=[ 0.075      -0.00083333  0.001     ] laser_switch=1 effective_power=30.225 vtk=
global_step=9 mode=scan layer=1/13 highest_printed_layer=1 hatch=2/4 scan=2/8 front_z=0.001 active_window_cells=51050/109200 printed_cells=51050/109200 cooling_only_cells=0/109200 mechanics_current=0 mechanics_source_step=0 T_min=347.05 T_max=654.740053091 u_max=5.46715580117e-05 vm_max=393943358.309 laser_center=[ 0.06428571 -0.00083333  0.001     ] laser_switch=1 effective_power=30.225 vtk=
global_step=10 mode=scan layer=1/13 highest_printed_layer=1 hatch=2/4 scan=3/8 front_z=0.001 active_window_cells=51050/109200 printed_cells=51050/109200 cooling_only_cells=0/109200 mechanics_current=0 mechanics_source_step=0 T_min=347.05 T_max=956.026907985 u_max=5.46715580117e-05 vm_max=393943358.309 laser_center=[ 0.05357143 -0.00083333  0.001     ] laser_switch=1 effective_power=30.225 vtk=
global_step=11 mode=scan layer=1/13 highest_printed_layer=1 hatch=2/4 scan=4/8 front_z=0.001 active_window_cells=51050/109200 printed_cells=51050/109200 cooling_only_cells=0/109200 mechanics_current=0 mechanics_source_step=0 T_min=347.05 T_max=780.225191775 u_max=5.46715580117e-05 vm_max=393943358.309 laser_center=[ 0.04285714 -0.00083333  0.001     ] laser_switch=1 effective_power=30.225 vtk=
global_step=12 mode=scan layer=1/13 highest_printed_layer=1 hatch=2/4 scan=5/8 front_z=0.001 active_window_cells=51050/109200 printed_cells=51050/109200 cooling_only_cells=0/109200 mechanics_current=0 mechanics_source_step=0 T_min=347.05 T_max=783.457203001 u_max=5.46715580117e-05 vm_max=393943358.309 laser_center=[ 0.03214286 -0.00083333  0.001     ] laser_switch=1 effective_power=30.225 vtk=
global_step=13 mode=scan layer=1/13 highest_printed_layer=1 hatch=2/4 scan=6/8 front_z=0.001 active_window_cells=51050/109200 printed_cells=51050/109200 cooling_only_cells=0/109200 mechanics_current=0 mechanics_source_step=0 T_min=347.05 T_max=1134.49090931 u_max=5.46715580117e-05 vm_max=393943358.309 laser_center=[ 0.02142857 -0.00083333  0.001     ] laser_switch=1 effective_power=30.225 vtk=
global_step=14 mode=scan layer=1/13 highest_printed_layer=1 hatch=2/4 scan=7/8 front_z=0.001 active_window_cells=51050/109200 printed_cells=51050/109200 cooling_only_cells=0/109200 mechanics_current=0 mechanics_source_step=0 T_min=347.05 T_max=697.791429326 u_max=5.46715580117e-05 vm_max=393943358.309 laser_center=[ 0.01071429 -0.00083333  0.001     ] laser_switch=1 effective_power=30.225 vtk=
global_step=15 mode=scan layer=1/13 highest_printed_layer=1 hatch=2/4 scan=8/8 front_z=0.001 active_window_cells=51050/109200 printed_cells=51050/109200 cooling_only_cells=0/109200 mechanics_current=0 mechanics_source_step=0 T_min=347.05 T_max=1123.97989774 u_max=5.46715580117e-05 vm_max=393943358.309 laser_center=[ 0.         -0.00083333  0.001     ] laser_switch=1 effective_power=30.225 vtk=
global_step=16 mode=scan layer=1/13 highest_printed_layer=1 hatch=3/4 scan=1/8 front_z=0.001 active_window_cells=51050/109200 printed_cells=51050/109200 cooling_only_cells=0/109200 mechanics_current=1 mechanics_source_step=16 T_min=347.05 T_max=1023.34796384 u_max=3.86587106503e-05 vm_max=563852185.639 laser_center=[0.         0.00083333 0.001     ] laser_switch=1 effective_power=30.225 vtk=/home/user/work/output/amb_l0_20260731T092534Z/step_000016_scan.vtu
global_step=17 mode=scan layer=1/13 highest_printed_layer=1 hatch=3/4 scan=2/8 front_z=0.001 active_window_cells=51050/109200 printed_cells=51050/109200 cooling_only_cells=0/109200 mechanics_current=0 mechanics_source_step=16 T_min=347.05 T_max=699.055819035 u_max=3.86587106503e-05 vm_max=563852185.639 laser_center=[0.01071429 0.00083333 0.001     ] laser_switch=1 effective_power=30.225 vtk=
global_step=18 mode=scan layer=1/13 highest_printed_layer=1 hatch=3/4 scan=3/8 front_z=0.001 active_window_cells=51050/109200 printed_cells=51050/109200 cooling_only_cells=0/109200 mechanics_current=0 mechanics_source_step=16 T_min=347.05 T_max=1135.58853788 u_max=3.86587106503e-05 vm_max=563852185.639 laser_center=[0.02142857 0.00083333 0.001     ] laser_switch=1 effective_power=30.225 vtk=
global_step=19 mode=scan layer=1/13 highest_printed_layer=1 hatch=3/4 scan=4/8 front_z=0.001 active_window_cells=51050/109200 printed_cells=51050/109200 cooling_only_cells=0/109200 mechanics_current=0 mechanics_source_step=16 T_min=347.05 T_max=782.205403721 u_max=3.86587106503e-05 vm_max=563852185.639 laser_center=[0.03214286 0.00083333 0.001     ] laser_switch=1 effective_power=30.225 vtk=
global_step=20 mode=scan layer=1/13 highest_printed_layer=1 hatch=3/4 scan=5/8 front_z=0.001 active_window_cells=51050/109200 printed_cells=51050/109200 cooling_only_cells=0/109200 mechanics_current=0 mechanics_source_step=16 T_min=347.05 T_max=781.826789299 u_max=3.86587106503e-05 vm_max=563852185.639 laser_center=[0.04285714 0.00083333 0.001     ] laser_switch=1 effective_power=30.225 vtk=
global_step=21 mode=scan layer=1/13 highest_printed_layer=1 hatch=3/4 scan=6/8 front_z=0.001 active_window_cells=51050/109200 printed_cells=51050/109200 cooling_only_cells=0/109200 mechanics_current=0 mechanics_source_step=16 T_min=347.05 T_max=951.026564181 u_max=3.86587106503e-05 vm_max=563852185.639 laser_center=[0.05357143 0.00083333 0.001     ] laser_switch=1 effective_power=30.225 vtk=
global_step=22 mode=scan layer=1/13 highest_printed_layer=1 hatch=3/4 scan=7/8 front_z=0.001 active_window_cells=51050/109200 printed_cells=51050/109200 cooling_only_cells=0/109200 mechanics_current=0 mechanics_source_step=16 T_min=347.05 T_max=650.842036394 u_max=3.86587106503e-05 vm_max=563852185.639 laser_center=[0.06428571 0.00083333 0.001     ] laser_switch=1 effective_power=30.225 vtk=
global_step=23 mode=scan layer=1/13 highest_printed_layer=1 hatch=3/4 scan=8/8 front_z=0.001 active_window_cells=51050/109200 printed_cells=51050/109200 cooling_only_cells=0/109200 mechanics_current=0 mechanics_source_step=16 T_min=347.05 T_max=1241.73737223 u_max=3.86587106503e-05 vm_max=563852185.639 laser_center=[0.075      0.00083333 0.001     ] laser_switch=1 effective_power=30.225 vtk=
global_step=24 mode=scan layer=1/13 highest_printed_layer=1 hatch=4/4 scan=1/8 front_z=0.001 active_window_cells=51050/109200 printed_cells=51050/109200 cooling_only_cells=0/109200 mechanics_current=0 mechanics_source_step=16 T_min=347.05 T_max=1273.77415314 u_max=3.86587106503e-05 vm_max=563852185.639 laser_center=[0.075  0.0025 0.001 ] laser_switch=1 effective_power=30.225 vtk=
global_step=25 mode=scan layer=1/13 highest_printed_layer=1 hatch=4/4 scan=2/8 front_z=0.001 active_window_cells=51050/109200 printed_cells=51050/109200 cooling_only_cells=0/109200 mechanics_current=0 mechanics_source_step=16 T_min=347.05 T_max=1129.19647439 u_max=3.86587106503e-05 vm_max=563852185.639 laser_center=[0.06428571 0.0025     0.001     ] laser_switch=1 effective_power=30.225 vtk=
global_step=26 mode=scan layer=1/13 highest_printed_layer=1 hatch=4/4 scan=3/8 front_z=0.001 active_window_cells=51050/109200 printed_cells=51050/109200 cooling_only_cells=0/109200 mechanics_current=0 mechanics_source_step=16 T_min=347.05 T_max=1175.88486878 u_max=3.86587106503e-05 vm_max=563852185.639 laser_center=[0.05357143 0.0025     0.001     ] laser_switch=1 effective_power=30.225 vtk=
global_step=27 mode=scan layer=1/13 highest_printed_layer=1 hatch=4/4 scan=4/8 front_z=0.001 active_window_cells=51050/109200 printed_cells=51050/109200 cooling_only_cells=0/109200 mechanics_current=0 mechanics_source_step=16 T_min=347.05 T_max=1148.69337607 u_max=3.86587106503e-05 vm_max=563852185.639 laser_center=[0.04285714 0.0025     0.001     ] laser_switch=1 effective_power=30.225 vtk=
global_step=28 mode=scan layer=1/13 highest_printed_layer=1 hatch=4/4 scan=5/8 front_z=0.001 active_window_cells=51050/109200 printed_cells=51050/109200 cooling_only_cells=0/109200 mechanics_current=0 mechanics_source_step=16 T_min=347.05 T_max=1147.58390332 u_max=3.86587106503e-05 vm_max=563852185.639 laser_center=[0.03214286 0.0025     0.001     ] laser_switch=1 effective_power=30.225 vtk=
global_step=29 mode=scan layer=1/13 highest_printed_layer=1 hatch=4/4 scan=6/8 front_z=0.001 active_window_cells=51050/109200 printed_cells=51050/109200 cooling_only_cells=0/109200 mechanics_current=0 mechanics_source_step=16 T_min=347.05 T_max=1247.9478408 u_max=3.86587106503e-05 vm_max=563852185.639 laser_center=[0.02142857 0.0025     0.001     ] laser_switch=1 effective_power=30.225 vtk=
global_step=30 mode=scan layer=1/13 highest_printed_layer=1 hatch=4/4 scan=7/8 front_z=0.001 active_window_cells=51050/109200 printed_cells=51050/109200 cooling_only_cells=0/109200 mechanics_current=0 mechanics_source_step=16 T_min=347.05 T_max=1145.7605499 u_max=3.86587106503e-05 vm_max=563852185.639 laser_center=[0.01071429 0.0025     0.001     ] laser_switch=1 effective_power=30.225 vtk=
global_step=31 mode=scan layer=1/13 highest_printed_layer=1 hatch=4/4 scan=8/8 front_z=0.001 active_window_cells=51050/109200 printed_cells=51050/109200 cooling_only_cells=0/109200 mechanics_current=0 mechanics_source_step=16 T_min=347.05 T_max=1208.72452241 u_max=3.86587106503e-05 vm_max=563852185.639 laser_center=[0.     0.0025 0.001 ] laser_switch=1 effective_power=30.225 vtk=
global_step=32 mode=layer_dwell layer=1/13 highest_printed_layer=1 hatch=4/4 scan=8/8 front_z=0.001 active_window_cells=51050/109200 printed_cells=51050/109200 cooling_only_cells=0/109200 mechanics_current=1 mechanics_source_step=32 T_min=347.05 T_max=421.558421219 u_max=2.44672609434e-05 vm_max=608770630.104 laser_center=[0.     0.0025 0.001 ] laser_switch=0 effective_power=0 vtk=/home/user/work/output/amb_l0_20260731T092534Z/step_000032_layer_dwell.vtu
global_step=33 mode=layer_dwell layer=1/13 highest_printed_layer=1 hatch=4/4 scan=8/8 front_z=0.001 active_window_cells=51050/109200 printed_cells=51050/109200 cooling_only_cells=0/109200 mechanics_current=0 mechanics_source_step=32 T_min=347.05 T_max=376.659723936 u_max=2.44672609434e-05 vm_max=608770630.104 laser_center=[0.     0.0025 0.001 ] laser_switch=0 effective_power=0 vtk=
global_step=34 mode=layer_dwell layer=1/13 highest_printed_layer=1 hatch=4/4 scan=8/8 front_z=0.001 active_window_cells=51050/109200 printed_cells=51050/109200 cooling_only_cells=0/109200 mechanics_current=0 mechanics_source_step=32 T_min=347.05 T_max=366.022101547 u_max=2.44672609434e-05 vm_max=608770630.104 laser_center=[0.     0.0025 0.001 ] laser_switch=0 effective_power=0 vtk=
global_step=35 mode=layer_dwell layer=1/13 highest_printed_layer=1 hatch=4/4 scan=8/8 front_z=0.001 active_window_cells=51050/109200 printed_cells=51050/109200 cooling_only_cells=0/109200 mechanics_current=0 mechanics_source_step=32 T_min=347.05 T_max=363.364742405 u_max=2.44672609434e-05 vm_max=608770630.104 laser_center=[0.     0.0025 0.001 ] laser_switch=0 effective_power=0 vtk=
global_step=36 mode=layer_dwell layer=1/13 highest_printed_layer=1 hatch=4/4 scan=8/8 front_z=0.001 active_window_cells=51050/109200 printed_cells=51050/109200 cooling_only_cells=0/109200 mechanics_current=0 mechanics_source_step=32 T_min=347.05 T_max=361.868971126 u_max=2.44672609434e-05 vm_max=608770630.104 laser_center=[0.     0.0025 0.001 ] laser_switch=0 effective_power=0 vtk=
global_step=37 mode=layer_dwell layer=1/13 highest_printed_layer=1 hatch=4/4 scan=8/8 front_z=0.001 active_window_cells=51050/109200 printed_cells=51050/109200 cooling_only_cells=0/109200 mechanics_current=0 mechanics_source_step=32 T_min=347.05 T_max=360.4426569 u_max=2.44672609434e-05 vm_max=608770630.104 laser_center=[0.     0.0025 0.001 ] laser_switch=0 effective_power=0 vtk=
global_step=38 mode=layer_dwell layer=1/13 highest_printed_layer=1 hatch=4/4 scan=8/8 front_z=0.001 active_window_cells=51050/109200 printed_cells=51050/109200 cooling_only_cells=0/109200 mechanics_current=0 mechanics_source_step=32 T_min=347.05 T_max=359.081378788 u_max=2.44672609434e-05 vm_max=608770630.104 laser_center=[0.     0.0025 0.001 ] laser_switch=0 effective_power=0 vtk=
global_step=39 mode=layer_dwell layer=1/13 highest_printed_layer=1 hatch=4/4 scan=8/8 front_z=0.001 active_window_cells=51050/109200 printed_cells=51050/109200 cooling_only_cells=0/109200 mechanics_current=0 mechanics_source_step=32 T_min=347.05 T_max=357.781659103 u_max=2.44672609434e-05 vm_max=608770630.104 laser_center=[0.     0.0025 0.001 ] laser_switch=0 effective_power=0 vtk=
global_step=40 mode=layer_dwell layer=1/13 highest_printed_layer=1 hatch=4/4 scan=8/8 front_z=0.001 active_window_cells=51050/109200 printed_cells=51050/109200 cooling_only_cells=0/109200 mechanics_current=0 mechanics_source_step=32 T_min=347.05 T_max=356.575634881 u_max=2.44672609434e-05 vm_max=608770630.104 laser_center=[0.     0.0025 0.001 ] laser_switch=0 effective_power=0 vtk=
global_step=41 mode=layer_dwell layer=1/13 highest_printed_layer=1 hatch=4/4 scan=8/8 front_z=0.001 active_window_cells=51050/109200 printed_cells=51050/109200 cooling_only_cells=0/109200 mechanics_current=0 mechanics_source_step=32 T_min=347.05 T_max=355.477236412 u_max=2.44672609434e-05 vm_max=608770630.104 laser_center=[0.     0.0025 0.001 ] laser_switch=0 effective_power=0 vtk=
global_step=42 mode=layer_dwell layer=1/13 highest_printed_layer=1 hatch=4/4 scan=8/8 front_z=0.001 active_window_cells=51050/109200 printed_cells=51050/109200 cooling_only_cells=0/109200 mechanics_current=0 mechanics_source_step=32 T_min=347.05 T_max=354.49391489 u_max=2.44672609434e-05 vm_max=608770630.104 laser_center=[0.     0.0025 0.001 ] laser_switch=0 effective_power=0 vtk=
global_step=43 mode=layer_dwell layer=1/13 highest_printed_layer=1 hatch=4/4 scan=8/8 front_z=0.001 active_window_cells=51050/109200 printed_cells=51050/109200 cooling_only_cells=0/109200 mechanics_current=0 mechanics_source_step=32 T_min=347.05 T_max=353.617387096 u_max=2.44672609434e-05 vm_max=608770630.104 laser_center=[0.     0.0025 0.001 ] laser_switch=0 effective_power=0 vtk=
global_step=44 mode=layer_dwell layer=1/13 highest_printed_layer=1 hatch=4/4 scan=8/8 front_z=0.001 active_window_cells=51050/109200 printed_cells=51050/109200 cooling_only_cells=0/109200 mechanics_current=0 mechanics_source_step=32 T_min=347.05 T_max=352.837917547 u_max=2.44672609434e-05 vm_max=608770630.104 laser_center=[0.     0.0025 0.001 ] laser_switch=0 effective_power=0 vtk=
global_step=45 mode=layer_dwell layer=1/13 highest_printed_layer=1 hatch=4/4 scan=8/8 front_z=0.001 active_window_cells=51050/109200 printed_cells=51050/109200 cooling_only_cells=0/109200 mechanics_current=0 mechanics_source_step=32 T_min=347.05 T_max=352.147920659 u_max=2.44672609434e-05 vm_max=608770630.104 laser_center=[0.     0.0025 0.001 ] laser_switch=0 effective_power=0 vtk=
global_step=46 mode=layer_dwell layer=1/13 highest_printed_layer=1 hatch=4/4 scan=8/8 front_z=0.001 active_window_cells=51050/109200 printed_cells=51050/109200 cooling_only_cells=0/109200 mechanics_current=0 mechanics_source_step=32 T_min=347.05 T_max=351.538731896 u_max=2.44672609434e-05 vm_max=608770630.104 laser_center=[0.     0.0025 0.001 ] laser_switch=0 effective_power=0 vtk=
global_step=47 mode=layer_dwell layer=1/13 highest_printed_layer=1 hatch=4/4 scan=8/8 front_z=0.001 active_window_cells=51050/109200 printed_cells=51050/109200 cooling_only_cells=0/109200 mechanics_current=0 mechanics_source_step=32 T_min=347.05 T_max=351.001774652 u_max=2.44672609434e-05 vm_max=608770630.104 laser_center=[0.     0.0025 0.001 ] laser_switch=0 effective_power=0 vtk=
global_step=48 mode=layer_dwell layer=1/13 highest_printed_layer=1 hatch=4/4 scan=8/8 front_z=0.001 active_window_cells=51050/109200 printed_cells=51050/109200 cooling_only_cells=0/109200 mechanics_current=1 mechanics_source_step=48 T_min=347.05 T_max=350.529022398 u_max=2.41681417712e-05 vm_max=619508173.602 laser_center=[0.     0.0025 0.001 ] laser_switch=0 effective_power=0 vtk=/home/user/work/output/amb_l0_20260731T092534Z/step_000048_layer_dwell.vtu
global_step=49 mode=layer_dwell layer=1/13 highest_printed_layer=1 hatch=4/4 scan=8/8 front_z=0.001 active_window_cells=51050/109200 printed_cells=51050/109200 cooling_only_cells=0/109200 mechanics_current=0 mechanics_source_step=48 T_min=347.05 T_max=350.113078271 u_max=2.41681417712e-05 vm_max=619508173.602 laser_center=[0.     0.0025 0.001 ] laser_switch=0 effective_power=0 vtk=
global_step=50 mode=layer_dwell layer=1/13 highest_printed_layer=1 hatch=4/4 scan=8/8 front_z=0.001 active_window_cells=51050/109200 printed_cells=51050/109200 cooling_only_cells=0/109200 mechanics_current=0 mechanics_source_step=48 T_min=347.05 T_max=349.747247937 u_max=2.41681417712e-05 vm_max=619508173.602 laser_center=[0.     0.0025 0.001 ] laser_switch=0 effective_power=0 vtk=
global_step=51 mode=layer_dwell layer=1/13 highest_printed_layer=1 hatch=4/4 scan=8/8 front_z=0.001 active_window_cells=51050/109200 printed_cells=51050/109200 cooling_only_cells=0/109200 mechanics_current=0 mechanics_source_step=48 T_min=347.05 T_max=349.42554157 u_max=2.41681417712e-05 vm_max=619508173.602 laser_center=[0.     0.0025 0.001 ] laser_switch=0 effective_power=0 vtk=
global_step=52 mode=layer_dwell layer=1/13 highest_printed_layer=1 hatch=4/4 scan=8/8 front_z=0.001 active_window_cells=51050/109200 printed_cells=51050/109200 cooling_only_cells=0/109200 mechanics_current=0 mechanics_source_step=48 T_min=347.05 T_max=349.150555075 u_max=2.41681417712e-05 vm_max=619508173.602 laser_center=[0.     0.0025 0.001 ] laser_switch=0 effective_power=0 vtk=
global_step=53 mode=layer_dwell layer=1/13 highest_printed_layer=1 hatch=4/4 scan=8/8 front_z=0.001 active_window_cells=51050/109200 printed_cells=51050/109200 cooling_only_cells=0/109200 mechanics_current=0 mechanics_source_step=48 T_min=347.05 T_max=348.920516169 u_max=2.41681417712e-05 vm_max=619508173.602 laser_center=[0.     0.0025 0.001 ] laser_switch=0 effective_power=0 vtk=
global_step=54 mode=layer_dwell layer=1/13 highest_printed_layer=1 hatch=4/4 scan=8/8 front_z=0.001 active_window_cells=51050/109200 printed_cells=51050/109200 cooling_only_cells=0/109200 mechanics_current=0 mechanics_source_step=48 T_min=347.05 T_max=348.715781601 u_max=2.41681417712e-05 vm_max=619508173.602 laser_center=[0.     0.0025 0.001 ] laser_switch=0 effective_power=0 vtk=
global_step=55 mode=layer_dwell layer=1/13 highest_printed_layer=1 hatch=4/4 scan=8/8 front_z=0.001 active_window_cells=51050/109200 printed_cells=51050/109200 cooling_only_cells=0/109200 mechanics_current=0 mechanics_source_step=48 T_min=347.05 T_max=348.533545308 u_max=2.41681417712e-05 vm_max=619508173.602 laser_center=[0.     0.0025 0.001 ] laser_switch=0 effective_power=0 vtk=
global_step=56 mode=layer_dwell layer=1/13 highest_printed_layer=1 hatch=4/4 scan=8/8 front_z=0.001 active_window_cells=51050/109200 printed_cells=51050/109200 cooling_only_cells=0/109200 mechanics_current=0 mechanics_source_step=48 T_min=347.05 T_max=348.371316613 u_max=2.41681417712e-05 vm_max=619508173.602 laser_center=[0.     0.0025 0.001 ] laser_switch=0 effective_power=0 vtk=
global_step=57 mode=layer_dwell layer=1/13 highest_printed_layer=1 hatch=4/4 scan=8/8 front_z=0.001 active_window_cells=51050/109200 printed_cells=51050/109200 cooling_only_cells=0/109200 mechanics_current=0 mechanics_source_step=48 T_min=347.05 T_max=348.226884084 u_max=2.41681417712e-05 vm_max=619508173.602 laser_center=[0.     0.0025 0.001 ] laser_switch=0 effective_power=0 vtk=
global_step=58 mode=layer_dwell layer=1/13 highest_printed_layer=1 hatch=4/4 scan=8/8 front_z=0.001 active_window_cells=51050/109200 printed_cells=51050/109200 cooling_only_cells=0/109200 mechanics_current=0 mechanics_source_step=48 T_min=347.05 T_max=348.098283615 u_max=2.41681417712e-05 vm_max=619508173.602 laser_center=[0.     0.0025 0.001 ] laser_switch=0 effective_power=0 vtk=
global_step=59 mode=layer_dwell layer=1/13 highest_printed_layer=1 hatch=4/4 scan=8/8 front_z=0.001 active_window_cells=51050/109200 printed_cells=51050/109200 cooling_only_cells=0/109200 mechanics_current=0 mechanics_source_step=48 T_min=347.05 T_max=347.983770237 u_max=2.41681417712e-05 vm_max=619508173.602 laser_center=[0.     0.0025 0.001 ] laser_switch=0 effective_power=0 vtk=
global_step=60 mode=layer_dwell layer=1/13 highest_printed_layer=1 hatch=4/4 scan=8/8 front_z=0.001 active_window_cells=51050/109200 printed_cells=51050/109200 cooling_only_cells=0/109200 mechanics_current=0 mechanics_source_step=48 T_min=347.05 T_max=347.881793229 u_max=2.41681417712e-05 vm_max=619508173.602 laser_center=[0.     0.0025 0.001 ] laser_switch=0 effective_power=0 vtk=
global_step=61 mode=layer_dwell layer=1/13 highest_printed_layer=1 hatch=4/4 scan=8/8 front_z=0.001 active_window_cells=51050/109200 printed_cells=51050/109200 cooling_only_cells=0/109200 mechanics_current=0 mechanics_source_step=48 T_min=347.05 T_max=347.790974119 u_max=2.41681417712e-05 vm_max=619508173.602 laser_center=[0.     0.0025 0.001 ] laser_switch=0 effective_power=0 vtk=
global_step=62 mode=layer_dwell layer=1/13 highest_printed_layer=1 hatch=4/4 scan=8/8 front_z=0.001 active_window_cells=51050/109200 printed_cells=51050/109200 cooling_only_cells=0/109200 mechanics_current=0 mechanics_source_step=48 T_min=347.05 T_max=347.710087259 u_max=2.41681417712e-05 vm_max=619508173.602 laser_center=[0.     0.0025 0.001 ] laser_switch=0 effective_power=0 vtk=
global_step=63 mode=layer_dwell layer=1/13 highest_printed_layer=1 hatch=4/4 scan=8/8 front_z=0.001 active_window_cells=51050/109200 printed_cells=51050/109200 cooling_only_cells=0/109200 mechanics_current=0 mechanics_source_step=48 T_min=347.05 T_max=347.638042627 u_max=2.41681417712e-05 vm_max=619508173.602 laser_center=[0.     0.0025 0.001 ] laser_switch=0 effective_power=0 vtk=
global_step=64 mode=layer_dwell layer=1/13 highest_printed_layer=1 hatch=4/4 scan=8/8 front_z=0.001 active_window_cells=51050/109200 printed_cells=51050/109200 cooling_only_cells=0/109200 mechanics_current=1 mechanics_source_step=64 T_min=347.05 T_max=347.57387063 u_max=2.41833544866e-05 vm_max=619620927.885 laser_center=[0.     0.0025 0.001 ] laser_switch=0 effective_power=0 vtk=/home/user/work/output/amb_l0_20260731T092534Z/step_000064_layer_dwell.vtu
global_step=65 mode=layer_dwell layer=1/13 highest_printed_layer=1 hatch=4/4 scan=8/8 front_z=0.001 active_window_cells=51050/109200 printed_cells=51050/109200 cooling_only_cells=0/109200 mechanics_current=0 mechanics_source_step=64 T_min=347.05 T_max=347.516708631 u_max=2.41833544866e-05 vm_max=619620927.885 laser_center=[0.     0.0025 0.001 ] laser_switch=0 effective_power=0 vtk=
global_step=66 mode=layer_dwell layer=1/13 highest_printed_layer=1 hatch=4/4 scan=8/8 front_z=0.001 active_window_cells=51050/109200 printed_cells=51050/109200 cooling_only_cells=0/109200 mechanics_current=0 mechanics_source_step=64 T_min=347.05 T_max=347.465789025 u_max=2.41833544866e-05 vm_max=619620927.885 laser_center=[0.     0.0025 0.001 ] laser_switch=0 effective_power=0 vtk=
global_step=67 mode=layer_dwell layer=1/13 highest_printed_layer=1 hatch=4/4 scan=8/8 front_z=0.001 active_window_cells=51050/109200 printed_cells=51050/109200 cooling_only_cells=0/109200 mechanics_current=0 mechanics_source_step=64 T_min=347.05 T_max=347.420428668 u_max=2.41833544866e-05 vm_max=619620927.885 laser_center=[0.     0.0025 0.001 ] laser_switch=0 effective_power=0 vtk=
global_step=68 mode=layer_dwell layer=1/13 highest_printed_layer=1 hatch=4/4 scan=8/8 front_z=0.001 active_window_cells=51050/109200 printed_cells=51050/109200 cooling_only_cells=0/109200 mechanics_current=0 mechanics_source_step=64 T_min=347.05 T_max=347.380019496 u_max=2.41833544866e-05 vm_max=619620927.885 laser_center=[0.     0.0025 0.001 ] laser_switch=0 effective_power=0 vtk=
global_step=69 mode=layer_dwell layer=1/13 highest_printed_layer=1 hatch=4/4 scan=8/8 front_z=0.001 active_window_cells=51050/109200 printed_cells=51050/109200 cooling_only_cells=0/109200 mechanics_current=0 mechanics_source_step=64 T_min=347.05 T_max=347.344020212 u_max=2.41833544866e-05 vm_max=619620927.885 laser_center=[0.     0.0025 0.001 ] laser_switch=0 effective_power=0 vtk=
global_step=70 mode=layer_dwell layer=1/13 highest_printed_layer=1 hatch=4/4 scan=8/8 front_z=0.001 active_window_cells=51050/109200 printed_cells=51050/109200 cooling_only_cells=0/109200 mechanics_current=0 mechanics_source_step=64 T_min=347.05 T_max=347.311948899 u_max=2.41833544866e-05 vm_max=619620927.885 laser_center=[0.     0.0025 0.001 ] laser_switch=0 effective_power=0 vtk=
global_step=71 mode=layer_dwell layer=1/13 highest_printed_layer=1 hatch=4/4 scan=8/8 front_z=0.001 active_window_cells=51050/109200 printed_cells=51050/109200 cooling_only_cells=0/109200 mechanics_current=0 mechanics_source_step=64 T_min=347.05 T_max=347.283376465 u_max=2.41833544866e-05 vm_max=619620927.885 laser_center=[0.     0.0025 0.001 ] laser_switch=0 effective_power=0 vtk=
global_step=72 mode=layer_dwell layer=1/13 highest_printed_layer=1 hatch=4/4 scan=8/8 front_z=0.001 active_window_cells=51050/109200 printed_cells=51050/109200 cooling_only_cells=0/109200 mechanics_current=0 mechanics_source_step=64 T_min=347.05 T_max=347.257920817 u_max=2.41833544866e-05 vm_max=619620927.885 laser_center=[0.     0.0025 0.001 ] laser_switch=0 effective_power=0 vtk=
global_step=73 mode=layer_dwell layer=1/13 highest_printed_layer=1 hatch=4/4 scan=8/8 front_z=0.001 active_window_cells=51050/109200 printed_cells=51050/109200 cooling_only_cells=0/109200 mechanics_current=0 mechanics_source_step=64 T_min=347.05 T_max=347.235241688 u_max=2.41833544866e-05 vm_max=619620927.885 laser_center=[0.     0.0025 0.001 ] laser_switch=0 effective_power=0 vtk=
global_step=74 mode=layer_dwell layer=1/13 highest_printed_layer=1 hatch=4/4 scan=8/8 front_z=0.001 active_window_cells=51050/109200 printed_cells=51050/109200 cooling_only_cells=0/109200 mechanics_current=0 mechanics_source_step=64 T_min=347.05 T_max=347.215036035 u_max=2.41833544866e-05 vm_max=619620927.885 laser_center=[0.     0.0025 0.001 ] laser_switch=0 effective_power=0 vtk=
global_step=75 mode=layer_dwell layer=1/13 highest_printed_layer=1 hatch=4/4 scan=8/8 front_z=0.001 active_window_cells=51050/109200 printed_cells=51050/109200 cooling_only_cells=0/109200 mechanics_current=0 mechanics_source_step=64 T_min=347.05 T_max=347.197033954 u_max=2.41833544866e-05 vm_max=619620927.885 laser_center=[0.     0.0025 0.001 ] laser_switch=0 effective_power=0 vtk=
global_step=76 mode=layer_dwell layer=1/13 highest_printed_layer=1 hatch=4/4 scan=8/8 front_z=0.001 active_window_cells=51050/109200 printed_cells=51050/109200 cooling_only_cells=0/109200 mechanics_current=0 mechanics_source_step=64 T_min=347.05 T_max=347.180995034 u_max=2.41833544866e-05 vm_max=619620927.885 laser_center=[0.     0.0025 0.001 ] laser_switch=0 effective_power=0 vtk=
global_step=77 mode=layer_dwell layer=1/13 highest_printed_layer=1 hatch=4/4 scan=8/8 front_z=0.001 active_window_cells=51050/109200 printed_cells=51050/109200 cooling_only_cells=0/109200 mechanics_current=0 mechanics_source_step=64 T_min=347.05 T_max=347.166705134 u_max=2.41833544866e-05 vm_max=619620927.885 laser_center=[0.     0.0025 0.001 ] laser_switch=0 effective_power=0 vtk=
global_step=78 mode=layer_dwell layer=1/13 highest_printed_layer=1 hatch=4/4 scan=8/8 front_z=0.001 active_window_cells=51050/109200 printed_cells=51050/109200 cooling_only_cells=0/109200 mechanics_current=0 mechanics_source_step=64 T_min=347.05 T_max=347.153973495 u_max=2.41833544866e-05 vm_max=619620927.885 laser_center=[0.     0.0025 0.001 ] laser_switch=0 effective_power=0 vtk=
global_step=79 mode=layer_dwell layer=1/13 highest_printed_layer=1 hatch=4/4 scan=8/8 front_z=0.001 active_window_cells=51050/109200 printed_cells=51050/109200 cooling_only_cells=0/109200 mechanics_current=0 mechanics_source_step=64 T_min=347.05 T_max=347.142630185 u_max=2.41833544866e-05 vm_max=619620927.885 laser_center=[0.     0.0025 0.001 ] laser_switch=0 effective_power=0 vtk=
global_step=80 mode=layer_dwell layer=1/13 highest_printed_layer=1 hatch=4/4 scan=8/8 front_z=0.001 active_window_cells=51050/109200 printed_cells=51050/109200 cooling_only_cells=0/109200 mechanics_current=1 mechanics_source_step=80 T_min=347.05 T_max=347.132523819 u_max=2.41841938807e-05 vm_max=619638900.42 laser_center=[0.     0.0025 0.001 ] laser_switch=0 effective_power=0 vtk=/home/user/work/output/amb_l0_20260731T092534Z/step_000080_layer_dwell.vtu
global_step=81 mode=layer_dwell layer=1/13 highest_printed_layer=1 hatch=4/4 scan=8/8 front_z=0.001 active_window_cells=51050/109200 printed_cells=51050/109200 cooling_only_cells=0/109200 mechanics_current=0 mechanics_source_step=80 T_min=347.05 T_max=347.123519528 u_max=2.41841938807e-05 vm_max=619638900.42 laser_center=[0.     0.0025 0.001 ] laser_switch=0 effective_power=0 vtk=
global_step=82 mode=layer_dwell layer=1/13 highest_printed_layer=1 hatch=4/4 scan=8/8 front_z=0.001 active_window_cells=51050/109200 printed_cells=51050/109200 cooling_only_cells=0/109200 mechanics_current=0 mechanics_source_step=80 T_min=347.05 T_max=347.115497157 u_max=2.41841938807e-05 vm_max=619638900.42 laser_center=[0.     0.0025 0.001 ] laser_switch=0 effective_power=0 vtk=
global_step=83 mode=layer_dwell layer=1/13 highest_printed_layer=1 hatch=4/4 scan=8/8 front_z=0.001 active_window_cells=51050/109200 printed_cells=51050/109200 cooling_only_cells=0/109200 mechanics_current=0 mechanics_source_step=80 T_min=347.05 T_max=347.108349658 u_max=2.41841938807e-05 vm_max=619638900.42 laser_center=[0.     0.0025 0.001 ] laser_switch=0 effective_power=0 vtk=
global_step=84 mode=layer_dwell layer=1/13 highest_printed_layer=1 hatch=4/4 scan=8/8 front_z=0.001 active_window_cells=51050/109200 printed_cells=51050/109200 cooling_only_cells=0/109200 mechanics_current=0 mechanics_source_step=80 T_min=347.05 T_max=347.101981652 u_max=2.41841938807e-05 vm_max=619638900.42 laser_center=[0.     0.0025 0.001 ] laser_switch=0 effective_power=0 vtk=
global_step=85 mode=layer_dwell layer=1/13 highest_printed_layer=1 hatch=4/4 scan=8/8 front_z=0.001 active_window_cells=51050/109200 printed_cells=51050/109200 cooling_only_cells=0/109200 mechanics_current=0 mechanics_source_step=80 T_min=347.05 T_max=347.096308163 u_max=2.41841938807e-05 vm_max=619638900.42 laser_center=[0.     0.0025 0.001 ] laser_switch=0 effective_power=0 vtk=
global_step=86 mode=layer_dwell layer=1/13 highest_printed_layer=1 hatch=4/4 scan=8/8 front_z=0.001 active_window_cells=51050/109200 printed_cells=51050/109200 cooling_only_cells=0/109200 mechanics_current=0 mechanics_source_step=80 T_min=347.05 T_max=347.091253479 u_max=2.41841938807e-05 vm_max=619638900.42 laser_center=[0.     0.0025 0.001 ] laser_switch=0 effective_power=0 vtk=
global_step=87 mode=layer_dwell layer=1/13 highest_printed_layer=1 hatch=4/4 scan=8/8 front_z=0.001 active_window_cells=51050/109200 printed_cells=51050/109200 cooling_only_cells=0/109200 mechanics_current=0 mechanics_source_step=80 T_min=347.05 T_max=347.08675014 u_max=2.41841938807e-05 vm_max=619638900.42 laser_center=[0.     0.0025 0.001 ] laser_switch=0 effective_power=0 vtk=
global_step=88 mode=layer_dwell layer=1/13 highest_printed_layer=1 hatch=4/4 scan=8/8 front_z=0.001 active_window_cells=51050/109200 printed_cells=51050/109200 cooling_only_cells=0/109200 mechanics_current=0 mechanics_source_step=80 T_min=347.05 T_max=347.08273804 u_max=2.41841938807e-05 vm_max=619638900.42 laser_center=[0.     0.0025 0.001 ] laser_switch=0 effective_power=0 vtk=
global_step=89 mode=layer_dwell layer=1/13 highest_printed_layer=1 hatch=4/4 scan=8/8 front_z=0.001 active_window_cells=51050/109200 printed_cells=51050/109200 cooling_only_cells=0/109200 mechanics_current=0 mechanics_source_step=80 T_min=347.05 T_max=347.079163625 u_max=2.41841938807e-05 vm_max=619638900.42 laser_center=[0.     0.0025 0.001 ] laser_switch=0 effective_power=0 vtk=
global_step=90 mode=layer_dwell layer=1/13 highest_printed_layer=1 hatch=4/4 scan=8/8 front_z=0.001 active_window_cells=51050/109200 printed_cells=51050/109200 cooling_only_cells=0/109200 mechanics_current=0 mechanics_source_step=80 T_min=347.05 T_max=347.075979175 u_max=2.41841938807e-05 vm_max=619638900.42 laser_center=[0.     0.0025 0.001 ] laser_switch=0 effective_power=0 vtk=
global_step=91 mode=layer_dwell layer=1/13 highest_printed_layer=1 hatch=4/4 scan=8/8 front_z=0.001 active_window_cells=51050/109200 printed_cells=51050/109200 cooling_only_cells=0/109200 mechanics_current=0 mechanics_source_step=80 T_min=347.05 T_max=347.073142175 u_max=2.41841938807e-05 vm_max=619638900.42 laser_center=[0.     0.0025 0.001 ] laser_switch=0 effective_power=0 vtk=
global_step=92 mode=layer_dwell layer=1/13 highest_printed_layer=1 hatch=4/4 scan=8/8 front_z=0.001 active_window_cells=51050/109200 printed_cells=51050/109200 cooling_only_cells=0/109200 mechanics_current=0 mechanics_source_step=80 T_min=347.05 T_max=347.070614739 u_max=2.41841938807e-05 vm_max=619638900.42 laser_center=[0.     0.0025 0.001 ] laser_switch=0 effective_power=0 vtk=
global_step=93 mode=layer_dwell layer=1/13 highest_printed_layer=1 hatch=4/4 scan=8/8 front_z=0.001 active_window_cells=51050/109200 printed_cells=51050/109200 cooling_only_cells=0/109200 mechanics_current=0 mechanics_source_step=80 T_min=347.05 T_max=347.068363114 u_max=2.41841938807e-05 vm_max=619638900.42 laser_center=[0.     0.0025 0.001 ] laser_switch=0 effective_power=0 vtk=
global_step=94 mode=layer_dwell layer=1/13 highest_printed_layer=1 hatch=4/4 scan=8/8 front_z=0.001 active_window_cells=51050/109200 printed_cells=51050/109200 cooling_only_cells=0/109200 mechanics_current=0 mechanics_source_step=80 T_min=347.05 T_max=347.066357223 u_max=2.41841938807e-05 vm_max=619638900.42 laser_center=[0.     0.0025 0.001 ] laser_switch=0 effective_power=0 vtk=
global_step=95 mode=layer_dwell layer=1/13 highest_printed_layer=1 hatch=4/4 scan=8/8 front_z=0.001 active_window_cells=51050/109200 printed_cells=51050/109200 cooling_only_cells=0/109200 mechanics_current=0 mechanics_source_step=80 T_min=347.05 T_max=347.064570268 u_max=2.41841938807e-05 vm_max=619638900.42 laser_center=[0.     0.0025 0.001 ] laser_switch=0 effective_power=0 vtk=
global_step=96 mode=layer_dwell layer=1/13 highest_printed_layer=1 hatch=4/4 scan=8/8 front_z=0.001 active_window_cells=51050/109200 printed_cells=51050/109200 cooling_only_cells=0/109200 mechanics_current=1 mechanics_source_step=96 T_min=347.05 T_max=347.062978371 u_max=2.4184185306e-05 vm_max=619641863.823 laser_center=[0.     0.0025 0.001 ] laser_switch=0 effective_power=0 vtk=/home/user/work/output/amb_l0_20260731T092534Z/step_000096_layer_dwell.vtu
global_step=97 mode=layer_dwell layer=1/13 highest_printed_layer=1 hatch=4/4 scan=8/8 front_z=0.001 active_window_cells=51050/109200 printed_cells=51050/109200 cooling_only_cells=0/109200 mechanics_current=0 mechanics_source_step=96 T_min=347.05 T_max=347.061560257 u_max=2.4184185306e-05 vm_max=619641863.823 laser_center=[0.     0.0025 0.001 ] laser_switch=0 effective_power=0 vtk=
global_step=98 mode=layer_dwell layer=1/13 highest_printed_layer=1 hatch=4/4 scan=8/8 front_z=0.001 active_window_cells=51050/109200 printed_cells=51050/109200 cooling_only_cells=0/109200 mechanics_current=0 mechanics_source_step=96 T_min=347.05 T_max=347.06029697 u_max=2.4184185306e-05 vm_max=619641863.823 laser_center=[0.     0.0025 0.001 ] laser_switch=0 effective_power=0 vtk=
global_step=99 mode=layer_dwell layer=1/13 highest_printed_layer=1 hatch=4/4 scan=8/8 front_z=0.001 active_window_cells=51050/109200 printed_cells=51050/109200 cooling_only_cells=0/109200 mechanics_current=0 mechanics_source_step=96 T_min=347.05 T_max=347.059171619 u_max=2.4184185306e-05 vm_max=619641863.823 laser_center=[0.     0.0025 0.001 ] laser_switch=0 effective_power=0 vtk=
global_step=100 mode=layer_dwell layer=1/13 highest_printed_layer=1 hatch=4/4 scan=8/8 front_z=0.001 active_window_cells=51050/109200 printed_cells=51050/109200 cooling_only_cells=0/109200 mechanics_current=0 mechanics_source_step=96 T_min=347.05 T_max=347.058169157 u_max=2.4184185306e-05 vm_max=619641863.823 laser_center=[0.     0.0025 0.001 ] laser_switch=0 effective_power=0 vtk=
global_step=101 mode=layer_dwell layer=1/13 highest_printed_layer=1 hatch=4/4 scan=8/8 front_z=0.001 active_window_cells=51050/109200 printed_cells=51050/109200 cooling_only_cells=0/109200 mechanics_current=0 mechanics_source_step=96 T_min=347.05 T_max=347.057276175 u_max=2.4184185306e-05 vm_max=619641863.823 laser_center=[0.     0.0025 0.001 ] laser_switch=0 effective_power=0 vtk=
global_step=102 mode=layer_dwell layer=1/13 highest_printed_layer=1 hatch=4/4 scan=8/8 front_z=0.001 active_window_cells=51050/109200 printed_cells=51050/109200 cooling_only_cells=0/109200 mechanics_current=0 mechanics_source_step=96 T_min=347.05 T_max=347.056480727 u_max=2.4184185306e-05 vm_max=619641863.823 laser_center=[0.     0.0025 0.001 ] laser_switch=0 effective_power=0 vtk=
global_step=103 mode=layer_dwell layer=1/13 highest_printed_layer=1 hatch=4/4 scan=8/8 front_z=0.001 active_window_cells=51050/109200 printed_cells=51050/109200 cooling_only_cells=0/109200 mechanics_current=0 mechanics_source_step=96 T_min=347.05 T_max=347.055772168 u_max=2.4184185306e-05 vm_max=619641863.823 laser_center=[0.     0.0025 0.001 ] laser_switch=0 effective_power=0 vtk=
global_step=104 mode=layer_dwell layer=1/13 highest_printed_layer=1 hatch=4/4 scan=8/8 front_z=0.001 active_window_cells=51050/109200 printed_cells=51050/109200 cooling_only_cells=0/109200 mechanics_current=0 mechanics_source_step=96 T_min=347.05 T_max=347.055141015 u_max=2.4184185306e-05 vm_max=619641863.823 laser_center=[0.     0.0025 0.001 ] laser_switch=0 effective_power=0 vtk=
global_step=105 mode=layer_dwell layer=1/13 highest_printed_layer=1 hatch=4/4 scan=8/8 front_z=0.001 active_window_cells=51050/109200 printed_cells=51050/109200 cooling_only_cells=0/109200 mechanics_current=0 mechanics_source_step=96 T_min=347.05 T_max=347.05457882 u_max=2.4184185306e-05 vm_max=619641863.823 laser_center=[0.     0.0025 0.001 ] laser_switch=0 effective_power=0 vtk=
global_step=106 mode=layer_dwell layer=1/13 highest_printed_layer=1 hatch=4/4 scan=8/8 front_z=0.001 active_window_cells=51050/109200 printed_cells=51050/109200 cooling_only_cells=0/109200 mechanics_current=0 mechanics_source_step=96 T_min=347.05 T_max=347.054078055 u_max=2.4184185306e-05 vm_max=619641863.823 laser_center=[0.     0.0025 0.001 ] laser_switch=0 effective_power=0 vtk=
global_step=107 mode=layer_dwell layer=1/13 highest_printed_layer=1 hatch=4/4 scan=8/8 front_z=0.001 active_window_cells=51050/109200 printed_cells=51050/109200 cooling_only_cells=0/109200 mechanics_current=0 mechanics_source_step=96 T_min=347.05 T_max=347.053632013 u_max=2.4184185306e-05 vm_max=619641863.823 laser_center=[0.     0.0025 0.001 ] laser_switch=0 effective_power=0 vtk=
global_step=108 mode=layer_dwell layer=1/13 highest_printed_layer=1 hatch=4/4 scan=8/8 front_z=0.001 active_window_cells=51050/109200 printed_cells=51050/109200 cooling_only_cells=0/109200 mechanics_current=0 mechanics_source_step=96 T_min=347.05 T_max=347.05323472 u_max=2.4184185306e-05 vm_max=619641863.823 laser_center=[0.     0.0025 0.001 ] laser_switch=0 effective_power=0 vtk=
global_step=109 mode=layer_dwell layer=1/13 highest_printed_layer=1 hatch=4/4 scan=8/8 front_z=0.001 active_window_cells=51050/109200 printed_cells=51050/109200 cooling_only_cells=0/109200 mechanics_current=0 mechanics_source_step=96 T_min=347.05 T_max=347.052880851 u_max=2.4184185306e-05 vm_max=619641863.823 laser_center=[0.     0.0025 0.001 ] laser_switch=0 effective_power=0 vtk=
global_step=110 mode=layer_dwell layer=1/13 highest_printed_layer=1 hatch=4/4 scan=8/8 front_z=0.001 active_window_cells=51050/109200 printed_cells=51050/109200 cooling_only_cells=0/109200 mechanics_current=0 mechanics_source_step=96 T_min=347.05 T_max=347.052565665 u_max=2.4184185306e-05 vm_max=619641863.823 laser_center=[0.     0.0025 0.001 ] laser_switch=0 effective_power=0 vtk=
global_step=111 mode=layer_dwell layer=1/13 highest_printed_layer=1 hatch=4/4 scan=8/8 front_z=0.001 active_window_cells=51050/109200 printed_cells=51050/109200 cooling_only_cells=0/109200 mechanics_current=0 mechanics_source_step=96 T_min=347.05 T_max=347.052284936 u_max=2.4184185306e-05 vm_max=619641863.823 laser_center=[0.     0.0025 0.001 ] laser_switch=0 effective_power=0 vtk=
global_step=112 mode=layer_dwell layer=1/13 highest_printed_layer=1 hatch=4/4 scan=8/8 front_z=0.001 active_window_cells=51050/109200 printed_cells=51050/109200 cooling_only_cells=0/109200 mechanics_current=1 mechanics_source_step=112 T_min=347.05 T_max=347.052034901 u_max=2.41841683454e-05 vm_max=619642355.003 laser_center=[0.     0.0025 0.001 ] laser_switch=0 effective_power=0 vtk=/home/user/work/output/amb_l0_20260731T092534Z/step_000112_layer_dwell.vtu
global_step=113 mode=layer_dwell layer=1/13 highest_printed_layer=1 hatch=4/4 scan=8/8 front_z=0.001 active_window_cells=51050/109200 printed_cells=51050/109200 cooling_only_cells=0/109200 mechanics_current=0 mechanics_source_step=112 T_min=347.05 T_max=347.051812207 u_max=2.41841683454e-05 vm_max=619642355.003 laser_center=[0.     0.0025 0.001 ] laser_switch=0 effective_power=0 vtk=
global_step=114 mode=layer_dwell layer=1/13 highest_printed_layer=1 hatch=4/4 scan=8/8 front_z=0.001 active_window_cells=51050/109200 printed_cells=51050/109200 cooling_only_cells=0/109200 mechanics_current=0 mechanics_source_step=112 T_min=347.05 T_max=347.051613866 u_max=2.41841683454e-05 vm_max=619642355.003 laser_center=[0.     0.0025 0.001 ] laser_switch=0 effective_power=0 vtk=
global_step=115 mode=layer_dwell layer=1/13 highest_printed_layer=1 hatch=4/4 scan=8/8 front_z=0.001 active_window_cells=51050/109200 printed_cells=51050/109200 cooling_only_cells=0/109200 mechanics_current=0 mechanics_source_step=112 T_min=347.05 T_max=347.051437991 u_max=2.41841683454e-05 vm_max=619642355.003 laser_center=[0.     0.0025 0.001 ] laser_switch=0 effective_power=0 vtk=
global_step=116 mode=layer_dwell layer=1/13 highest_printed_layer=1 hatch=4/4 scan=8/8 front_z=0.001 active_window_cells=51050/109200 printed_cells=51050/109200 cooling_only_cells=0/109200 mechanics_current=0 mechanics_source_step=112 T_min=347.05 T_max=347.051287421 u_max=2.41841683454e-05 vm_max=619642355.003 laser_center=[0.     0.0025 0.001 ] laser_switch=0 effective_power=0 vtk=
global_step=117 mode=layer_dwell layer=1/13 highest_printed_layer=1 hatch=4/4 scan=8/8 front_z=0.001 active_window_cells=51050/109200 printed_cells=51050/109200 cooling_only_cells=0/109200 mechanics_current=0 mechanics_source_step=112 T_min=347.05 T_max=347.051152565 u_max=2.41841683454e-05 vm_max=619642355.003 laser_center=[0.     0.0025 0.001 ] laser_switch=0 effective_power=0 vtk=
global_step=118 mode=layer_dwell layer=1/13 highest_printed_layer=1 hatch=4/4 scan=8/8 front_z=0.001 active_window_cells=51050/109200 printed_cells=51050/109200 cooling_only_cells=0/109200 mechanics_current=0 mechanics_source_step=112 T_min=347.05 T_max=347.051031791 u_max=2.41841683454e-05 vm_max=619642355.003 laser_center=[0.     0.0025 0.001 ] laser_switch=0 effective_power=0 vtk=
global_step=119 mode=layer_dwell layer=1/13 highest_printed_layer=1 hatch=4/4 scan=8/8 front_z=0.001 active_window_cells=51050/109200 printed_cells=51050/109200 cooling_only_cells=0/109200 mechanics_current=0 mechanics_source_step=112 T_min=347.05 T_max=347.051031791 u_max=2.41841683454e-05 vm_max=619642355.003 laser_center=[0.     0.0025 0.001 ] laser_switch=0 effective_power=0 vtk=
global_step=120 mode=layer_dwell layer=1/13 highest_printed_layer=1 hatch=4/4 scan=8/8 front_z=0.001 active_window_cells=51050/109200 printed_cells=51050/109200 cooling_only_cells=0/109200 mechanics_current=0 mechanics_source_step=112 T_min=347.05 T_max=347.051031791 u_max=2.41841683454e-05 vm_max=619642355.003 laser_center=[0.     0.0025 0.001 ] laser_switch=0 effective_power=0 vtk=
global_step=121 mode=layer_dwell layer=1/13 highest_printed_layer=1 hatch=4/4 scan=8/8 front_z=0.001 active_window_cells=51050/109200 printed_cells=51050/109200 cooling_only_cells=0/109200 mechanics_current=0 mechanics_source_step=112 T_min=347.05 T_max=347.051031791 u_max=2.41841683454e-05 vm_max=619642355.003 laser_center=[0.     0.0025 0.001 ] laser_switch=0 effective_power=0 vtk=
global_step=122 mode=layer_dwell layer=1/13 highest_printed_layer=1 hatch=4/4 scan=8/8 front_z=0.001 active_window_cells=51050/109200 printed_cells=51050/109200 cooling_only_cells=0/109200 mechanics_current=0 mechanics_source_step=112 T_min=347.05 T_max=347.051031791 u_max=2.41841683454e-05 vm_max=619642355.003 laser_center=[0.     0.0025 0.001 ] laser_switch=0 effective_power=0 vtk=
global_step=123 mode=layer_dwell layer=1/13 highest_printed_layer=1 hatch=4/4 scan=8/8 front_z=0.001 active_window_cells=51050/109200 printed_cells=51050/109200 cooling_only_cells=0/109200 mechanics_current=0 mechanics_source_step=112 T_min=347.05 T_max=347.051031791 u_max=2.41841683454e-05 vm_max=619642355.003 laser_center=[0.     0.0025 0.001 ] laser_switch=0 effective_power=0 vtk=
global_step=124 mode=layer_dwell layer=1/13 highest_printed_layer=1 hatch=4/4 scan=8/8 front_z=0.001 active_window_cells=51050/109200 printed_cells=51050/109200 cooling_only_cells=0/109200 mechanics_current=0 mechanics_source_step=112 T_min=347.05 T_max=347.051031791 u_max=2.41841683454e-05 vm_max=619642355.003 laser_center=[0.     0.0025 0.001 ] laser_switch=0 effective_power=0 vtk=
global_step=125 mode=layer_dwell layer=1/13 highest_printed_layer=1 hatch=4/4 scan=8/8 front_z=0.001 active_window_cells=51050/109200 printed_cells=51050/109200 cooling_only_cells=0/109200 mechanics_current=0 mechanics_source_step=112 T_min=347.05 T_max=347.051031791 u_max=2.41841683454e-05 vm_max=619642355.003 laser_center=[0.     0.0025 0.001 ] laser_switch=0 effective_power=0 vtk=
global_step=126 mode=layer_dwell layer=1/13 highest_printed_layer=1 hatch=4/4 scan=8/8 front_z=0.001 active_window_cells=51050/109200 printed_cells=51050/109200 cooling_only_cells=0/109200 mechanics_current=0 mechanics_source_step=112 T_min=347.05 T_max=347.051031791 u_max=2.41841683454e-05 vm_max=619642355.003 laser_center=[0.     0.0025 0.001 ] laser_switch=0 effective_power=0 vtk=
global_step=127 mode=layer_dwell layer=1/13 highest_printed_layer=1 hatch=4/4 scan=8/8 front_z=0.001 active_window_cells=51050/109200 printed_cells=51050/109200 cooling_only_cells=0/109200 mechanics_current=0 mechanics_source_step=112 T_min=347.05 T_max=347.051031791 u_max=2.41841683454e-05 vm_max=619642355.003 laser_center=[0.     0.0025 0.001 ] laser_switch=0 effective_power=0 vtk=
global_step=128 mode=layer_dwell layer=1/13 highest_printed_layer=1 hatch=4/4 scan=8/8 front_z=0.001 active_window_cells=51050/109200 printed_cells=51050/109200 cooling_only_cells=0/109200 mechanics_current=1 mechanics_source_step=128 T_min=347.05 T_max=347.051031791 u_max=2.41841658125e-05 vm_max=619642402.887 laser_center=[0.     0.0025 0.001 ] laser_switch=0 effective_power=0 vtk=/home/user/work/output/amb_l0_20260731T092534Z/step_000128_layer_dwell.vtu
global_step=129 mode=layer_dwell layer=1/13 highest_printed_layer=1 hatch=4/4 scan=8/8 front_z=0.001 active_window_cells=51050/109200 printed_cells=51050/109200 cooling_only_cells=0/109200 mechanics_current=0 mechanics_source_step=128 T_min=347.05 T_max=347.051031791 u_max=2.41841658125e-05 vm_max=619642402.887 laser_center=[0.     0.0025 0.001 ] laser_switch=0 effective_power=0 vtk=
global_step=130 mode=layer_dwell layer=1/13 highest_printed_layer=1 hatch=4/4 scan=8/8 front_z=0.001 active_window_cells=51050/109200 printed_cells=51050/109200 cooling_only_cells=0/109200 mechanics_current=0 mechanics_source_step=128 T_min=347.05 T_max=347.051031791 u_max=2.41841658125e-05 vm_max=619642402.887 laser_center=[0.     0.0025 0.001 ] laser_switch=0 effective_power=0 vtk=
global_step=131 mode=layer_dwell layer=1/13 highest_printed_layer=1 hatch=4/4 scan=8/8 front_z=0.001 active_window_cells=51050/109200 printed_cells=51050/109200 cooling_only_cells=0/109200 mechanics_current=0 mechanics_source_step=128 T_min=347.05 T_max=347.051031791 u_max=2.41841658125e-05 vm_max=619642402.887 laser_center=[0.     0.0025 0.001 ] laser_switch=0 effective_power=0 vtk=
global_step=132 mode=layer_dwell layer=1/13 highest_printed_layer=1 hatch=4/4 scan=8/8 front_z=0.001 active_window_cells=51050/109200 printed_cells=51050/109200 cooling_only_cells=0/109200 mechanics_current=0 mechanics_source_step=128 T_min=347.05 T_max=347.051031791 u_max=2.41841658125e-05 vm_max=619642402.887 laser_center=[0.     0.0025 0.001 ] laser_switch=0 effective_power=0 vtk=
global_step=133 mode=scan layer=2/13 highest_printed_layer=2 hatch=1/4 scan=1/8 front_z=0.002 active_window_cells=52050/109200 printed_cells=52050/109200 cooling_only_cells=0/109200 mechanics_current=1 mechanics_source_step=133 T_min=347.05 T_max=1875.09249287 u_max=7.18205806956e-05 vm_max=529671856.736 laser_center=[ 0.     -0.0025  0.002 ] laser_switch=1 effective_power=30.225 vtk=/home/user/work/output/amb_l0_20260731T092534Z/step_000133_scan.vtu
global_step=134 mode=scan layer=2/13 highest_printed_layer=2 hatch=1/4 scan=2/8 front_z=0.002 active_window_cells=52050/109200 printed_cells=52050/109200 cooling_only_cells=0/109200 mechanics_current=0 mechanics_source_step=133 T_min=347.05 T_max=1301.06566524 u_max=7.18205806956e-05 vm_max=529671856.736 laser_center=[ 0.01071429 -0.0025      0.002     ] laser_switch=1 effective_power=30.225 vtk=
global_step=135 mode=scan layer=2/13 highest_printed_layer=2 hatch=1/4 scan=3/8 front_z=0.002 active_window_cells=52050/109200 printed_cells=52050/109200 cooling_only_cells=0/109200 mechanics_current=0 mechanics_source_step=133 T_min=347.05 T_max=1507.83535115 u_max=7.18205806956e-05 vm_max=529671856.736 laser_center=[ 0.02142857 -0.0025      0.002     ] laser_switch=1 effective_power=30.225 vtk=
global_step=136 mode=scan layer=2/13 highest_printed_layer=2 hatch=1/4 scan=4/8 front_z=0.002 active_window_cells=52050/109200 printed_cells=52050/109200 cooling_only_cells=0/109200 mechanics_current=0 mechanics_source_step=133 T_min=347.05 T_max=1287.31068783 u_max=7.18205806956e-05 vm_max=529671856.736 laser_center=[ 0.03214286 -0.0025      0.002     ] laser_switch=1 effective_power=30.225 vtk=
global_step=137 mode=scan layer=2/13 highest_printed_layer=2 hatch=1/4 scan=5/8 front_z=0.002 active_window_cells=52050/109200 printed_cells=52050/109200 cooling_only_cells=0/109200 mechanics_current=0 mechanics_source_step=133 T_min=347.05 T_max=1285.90699678 u_max=7.18205806956e-05 vm_max=529671856.736 laser_center=[ 0.04285714 -0.0025      0.002     ] laser_switch=1 effective_power=30.225 vtk=
global_step=138 mode=scan layer=2/13 highest_printed_layer=2 hatch=1/4 scan=6/8 front_z=0.002 active_window_cells=52050/109200 printed_cells=52050/109200 cooling_only_cells=0/109200 mechanics_current=0 mechanics_source_step=133 T_min=347.05 T_max=1337.03531272 u_max=7.18205806956e-05 vm_max=529671856.736 laser_center=[ 0.05357143 -0.0025      0.002     ] laser_switch=1 effective_power=30.225 vtk=
global_step=139 mode=scan layer=2/13 highest_printed_layer=2 hatch=1/4 scan=7/8 front_z=0.002 active_window_cells=52050/109200 printed_cells=52050/109200 cooling_only_cells=0/109200 mechanics_current=0 mechanics_source_step=133 T_min=347.05 T_max=1235.51848961 u_max=7.18205806956e-05 vm_max=529671856.736 laser_center=[ 0.06428571 -0.0025      0.002     ] laser_switch=1 effective_power=30.225 vtk=
global_step=140 mode=scan layer=2/13 highest_printed_layer=2 hatch=1/4 scan=8/8 front_z=0.002 active_window_cells=52050/109200 printed_cells=52050/109200 cooling_only_cells=0/109200 mechanics_current=0 mechanics_source_step=133 T_min=347.05 T_max=1843.86726166 u_max=7.18205806956e-05 vm_max=529671856.736 laser_center=[ 0.075  -0.0025  0.002 ] laser_switch=1 effective_power=30.225 vtk=
global_step=141 mode=scan layer=2/13 highest_printed_layer=2 hatch=2/4 scan=1/8 front_z=0.002 active_window_cells=52050/109200 printed_cells=52050/109200 cooling_only_cells=0/109200 mechanics_current=0 mechanics_source_step=133 T_min=347.05 T_max=1264.22452421 u_max=7.18205806956e-05 vm_max=529671856.736 laser_center=[ 0.075      -0.00083333  0.002     ] laser_switch=1 effective_power=30.225 vtk=
global_step=142 mode=scan layer=2/13 highest_printed_layer=2 hatch=2/4 scan=2/8 front_z=0.002 active_window_cells=52050/109200 printed_cells=52050/109200 cooling_only_cells=0/109200 mechanics_current=0 mechanics_source_step=133 T_min=347.05 T_max=679.771250239 u_max=7.18205806956e-05 vm_max=529671856.736 laser_center=[ 0.06428571 -0.00083333  0.002     ] laser_switch=1 effective_power=30.225 vtk=
global_step=143 mode=scan layer=2/13 highest_printed_layer=2 hatch=2/4 scan=3/8 front_z=0.002 active_window_cells=52050/109200 printed_cells=52050/109200 cooling_only_cells=0/109200 mechanics_current=0 mechanics_source_step=133 T_min=347.05 T_max=1039.33337825 u_max=7.18205806956e-05 vm_max=529671856.736 laser_center=[ 0.05357143 -0.00083333  0.002     ] laser_switch=1 effective_power=30.225 vtk=
global_step=144 mode=scan layer=2/13 highest_printed_layer=2 hatch=2/4 scan=4/8 front_z=0.002 active_window_cells=52050/109200 printed_cells=52050/109200 cooling_only_cells=0/109200 mechanics_current=1 mechanics_source_step=144 T_min=347.05 T_max=837.111241728 u_max=4.48086230252e-05 vm_max=635729893.262 laser_center=[ 0.04285714 -0.00083333  0.002     ] laser_switch=1 effective_power=30.225 vtk=/home/user/work/output/amb_l0_20260731T092534Z/step_000144_scan.vtu
global_step=145 mode=scan layer=2/13 highest_printed_layer=2 hatch=2/4 scan=5/8 front_z=0.002 active_window_cells=52050/109200 printed_cells=52050/109200 cooling_only_cells=0/109200 mechanics_current=0 mechanics_source_step=144 T_min=347.05 T_max=843.369769152 u_max=4.48086230252e-05 vm_max=635729893.262 laser_center=[ 0.03214286 -0.00083333  0.002     ] laser_switch=1 effective_power=30.225 vtk=
global_step=146 mode=scan layer=2/13 highest_printed_layer=2 hatch=2/4 scan=6/8 front_z=0.002 active_window_cells=52050/109200 printed_cells=52050/109200 cooling_only_cells=0/109200 mechanics_current=0 mechanics_source_step=144 T_min=347.05 T_max=1327.6106506 u_max=4.48086230252e-05 vm_max=635729893.262 laser_center=[ 0.02142857 -0.00083333  0.002     ] laser_switch=1 effective_power=30.225 vtk=
global_step=147 mode=scan layer=2/13 highest_printed_layer=2 hatch=2/4 scan=7/8 front_z=0.002 active_window_cells=52050/109200 printed_cells=52050/109200 cooling_only_cells=0/109200 mechanics_current=0 mechanics_source_step=144 T_min=347.05 T_max=799.7281035 u_max=4.48086230252e-05 vm_max=635729893.262 laser_center=[ 0.01071429 -0.00083333  0.002     ] laser_switch=1 effective_power=30.225 vtk=
global_step=148 mode=scan layer=2/13 highest_printed_layer=2 hatch=2/4 scan=8/8 front_z=0.002 active_window_cells=52050/109200 printed_cells=52050/109200 cooling_only_cells=0/109200 mechanics_current=0 mechanics_source_step=144 T_min=347.05 T_max=1263.47990347 u_max=4.48086230252e-05 vm_max=635729893.262 laser_center=[ 0.         -0.00083333  0.002     ] laser_switch=1 effective_power=30.225 vtk=
global_step=149 mode=scan layer=2/13 highest_printed_layer=2 hatch=3/4 scan=1/8 front_z=0.002 active_window_cells=52050/109200 printed_cells=52050/109200 cooling_only_cells=0/109200 mechanics_current=0 mechanics_source_step=144 T_min=347.05 T_max=1125.99446578 u_max=4.48086230252e-05 vm_max=635729893.262 laser_center=[0.         0.00083333 0.002     ] laser_switch=1 effective_power=30.225 vtk=
global_step=150 mode=scan layer=2/13 highest_printed_layer=2 hatch=3/4 scan=2/8 front_z=0.002 active_window_cells=52050/109200 printed_cells=52050/109200 cooling_only_cells=0/109200 mechanics_current=0 mechanics_source_step=144 T_min=347.05 T_max=799.782050402 u_max=4.48086230252e-05 vm_max=635729893.262 laser_center=[0.01071429 0.00083333 0.002     ] laser_switch=1 effective_power=30.225 vtk=
global_step=151 mode=scan layer=2/13 highest_printed_layer=2 hatch=3/4 scan=3/8 front_z=0.002 active_window_cells=52050/109200 printed_cells=52050/109200 cooling_only_cells=0/109200 mechanics_current=0 mechanics_source_step=144 T_min=347.05 T_max=1328.32560026 u_max=4.48086230252e-05 vm_max=635729893.262 laser_center=[0.02142857 0.00083333 0.002     ] laser_switch=1 effective_power=30.225 vtk=
global_step=152 mode=scan layer=2/13 highest_printed_layer=2 hatch=3/4 scan=4/8 front_z=0.002 active_window_cells=52050/109200 printed_cells=52050/109200 cooling_only_cells=0/109200 mechanics_current=0 mechanics_source_step=144 T_min=347.05 T_max=842.433324916 u_max=4.48086230252e-05 vm_max=635729893.262 laser_center=[0.03214286 0.00083333 0.002     ] laser_switch=1 effective_power=30.225 vtk=
global_step=153 mode=scan layer=2/13 highest_printed_layer=2 hatch=3/4 scan=5/8 front_z=0.002 active_window_cells=52050/109200 printed_cells=52050/109200 cooling_only_cells=0/109200 mechanics_current=0 mechanics_source_step=144 T_min=347.05 T_max=838.426841715 u_max=4.48086230252e-05 vm_max=635729893.262 laser_center=[0.04285714 0.00083333 0.002     ] laser_switch=1 effective_power=30.225 vtk=
global_step=154 mode=scan layer=2/13 highest_printed_layer=2 hatch=3/4 scan=6/8 front_z=0.002 active_window_cells=52050/109200 printed_cells=52050/109200 cooling_only_cells=0/109200 mechanics_current=0 mechanics_source_step=144 T_min=347.05 T_max=1033.58112708 u_max=4.48086230252e-05 vm_max=635729893.262 laser_center=[0.05357143 0.00083333 0.002     ] laser_switch=1 effective_power=30.225 vtk=
global_step=155 mode=scan layer=2/13 highest_printed_layer=2 hatch=3/4 scan=7/8 front_z=0.002 active_window_cells=52050/109200 printed_cells=52050/109200 cooling_only_cells=0/109200 mechanics_current=0 mechanics_source_step=144 T_min=347.05 T_max=675.517391068 u_max=4.48086230252e-05 vm_max=635729893.262 laser_center=[0.06428571 0.00083333 0.002     ] laser_switch=1 effective_power=30.225 vtk=
global_step=156 mode=scan layer=2/13 highest_printed_layer=2 hatch=3/4 scan=8/8 front_z=0.002 active_window_cells=52050/109200 printed_cells=52050/109200 cooling_only_cells=0/109200 mechanics_current=0 mechanics_source_step=144 T_min=347.05 T_max=1426.08601913 u_max=4.48086230252e-05 vm_max=635729893.262 laser_center=[0.075      0.00083333 0.002     ] laser_switch=1 effective_power=30.225 vtk=
global_step=157 mode=scan layer=2/13 highest_printed_layer=2 hatch=4/4 scan=1/8 front_z=0.002 active_window_cells=52050/109200 printed_cells=52050/109200 cooling_only_cells=0/109200 mechanics_current=0 mechanics_source_step=144 T_min=347.05 T_max=1556.49431525 u_max=4.48086230252e-05 vm_max=635729893.262 laser_center=[0.075  0.0025 0.002 ] laser_switch=1 effective_power=30.225 vtk=
global_step=158 mode=scan layer=2/13 highest_printed_layer=2 hatch=4/4 scan=2/8 front_z=0.002 active_window_cells=52050/109200 printed_cells=52050/109200 cooling_only_cells=0/109200 mechanics_current=0 mechanics_source_step=144 T_min=347.05 T_max=1241.05996601 u_max=4.48086230252e-05 vm_max=635729893.262 laser_center=[0.06428571 0.0025     0.002     ] laser_switch=1 effective_power=30.225 vtk=
global_step=159 mode=scan layer=2/13 highest_printed_layer=2 hatch=4/4 scan=3/8 front_z=0.002 active_window_cells=52050/109200 printed_cells=52050/109200 cooling_only_cells=0/109200 mechanics_current=0 mechanics_source_step=144 T_min=347.05 T_max=1343.94750748 u_max=4.48086230252e-05 vm_max=635729893.262 laser_center=[0.05357143 0.0025     0.002     ] laser_switch=1 effective_power=30.225 vtk=
global_step=160 mode=scan layer=2/13 highest_printed_layer=2 hatch=4/4 scan=4/8 front_z=0.002 active_window_cells=52050/109200 printed_cells=52050/109200 cooling_only_cells=0/109200 mechanics_current=1 mechanics_source_step=160 T_min=347.05 T_max=1290.72022331 u_max=4.76128288741e-05 vm_max=634994233.994 laser_center=[0.04285714 0.0025     0.002     ] laser_switch=1 effective_power=30.225 vtk=/home/user/work/output/amb_l0_20260731T092534Z/step_000160_scan.vtu
global_step=161 mode=scan layer=2/13 highest_printed_layer=2 hatch=4/4 scan=5/8 front_z=0.002 active_window_cells=52050/109200 printed_cells=52050/109200 cooling_only_cells=0/109200 mechanics_current=0 mechanics_source_step=160 T_min=347.05 T_max=1289.74286477 u_max=4.76128288741e-05 vm_max=634994233.994 laser_center=[0.03214286 0.0025     0.002     ] laser_switch=1 effective_power=30.225 vtk=
global_step=162 mode=scan layer=2/13 highest_printed_layer=2 hatch=4/4 scan=6/8 front_z=0.002 active_window_cells=52050/109200 printed_cells=52050/109200 cooling_only_cells=0/109200 mechanics_current=0 mechanics_source_step=160 T_min=347.05 T_max=1511.04244804 u_max=4.76128288741e-05 vm_max=634994233.994 laser_center=[0.02142857 0.0025     0.002     ] laser_switch=1 effective_power=30.225 vtk=
global_step=163 mode=scan layer=2/13 highest_printed_layer=2 hatch=4/4 scan=7/8 front_z=0.002 active_window_cells=52050/109200 printed_cells=52050/109200 cooling_only_cells=0/109200 mechanics_current=0 mechanics_source_step=160 T_min=347.05 T_max=1303.33036192 u_max=4.76128288741e-05 vm_max=634994233.994 laser_center=[0.01071429 0.0025     0.002     ] laser_switch=1 effective_power=30.225 vtk=
global_step=164 mode=scan layer=2/13 highest_printed_layer=2 hatch=4/4 scan=8/8 front_z=0.002 active_window_cells=52050/109200 printed_cells=52050/109200 cooling_only_cells=0/109200 mechanics_current=0 mechanics_source_step=160 T_min=347.05 T_max=1400.2093954 u_max=4.76128288741e-05 vm_max=634994233.994 laser_center=[0.     0.0025 0.002 ] laser_switch=1 effective_power=30.225 vtk=
global_step=165 mode=layer_dwell layer=2/13 highest_printed_layer=2 hatch=4/4 scan=8/8 front_z=0.002 active_window_cells=52050/109200 printed_cells=52050/109200 cooling_only_cells=0/109200 mechanics_current=0 mechanics_source_step=160 T_min=347.05 T_max=465.295879616 u_max=4.76128288741e-05 vm_max=634994233.994 laser_center=[0.     0.0025 0.002 ] laser_switch=0 effective_power=0 vtk=
global_step=166 mode=layer_dwell layer=2/13 highest_printed_layer=2 hatch=4/4 scan=8/8 front_z=0.002 active_window_cells=52050/109200 printed_cells=52050/109200 cooling_only_cells=0/109200 mechanics_current=0 mechanics_source_step=160 T_min=347.05 T_max=391.300328831 u_max=4.76128288741e-05 vm_max=634994233.994 laser_center=[0.     0.0025 0.002 ] laser_switch=0 effective_power=0 vtk=
global_step=167 mode=layer_dwell layer=2/13 highest_printed_layer=2 hatch=4/4 scan=8/8 front_z=0.002 active_window_cells=52050/109200 printed_cells=52050/109200 cooling_only_cells=0/109200 mechanics_current=0 mechanics_source_step=160 T_min=347.05 T_max=374.485000999 u_max=4.76128288741e-05 vm_max=634994233.994 laser_center=[0.     0.0025 0.002 ] laser_switch=0 effective_power=0 vtk=
global_step=168 mode=layer_dwell layer=2/13 highest_printed_layer=2 hatch=4/4 scan=8/8 front_z=0.002 active_window_cells=52050/109200 printed_cells=52050/109200 cooling_only_cells=0/109200 mechanics_current=0 mechanics_source_step=160 T_min=347.05 T_max=369.955739962 u_max=4.76128288741e-05 vm_max=634994233.994 laser_center=[0.     0.0025 0.002 ] laser_switch=0 effective_power=0 vtk=
global_step=169 mode=layer_dwell layer=2/13 highest_printed_layer=2 hatch=4/4 scan=8/8 front_z=0.002 active_window_cells=52050/109200 printed_cells=52050/109200 cooling_only_cells=0/109200 mechanics_current=0 mechanics_source_step=160 T_min=347.05 T_max=367.750656094 u_max=4.76128288741e-05 vm_max=634994233.994 laser_center=[0.     0.0025 0.002 ] laser_switch=0 effective_power=0 vtk=
global_step=170 mode=layer_dwell layer=2/13 highest_printed_layer=2 hatch=4/4 scan=8/8 front_z=0.002 active_window_cells=52050/109200 printed_cells=52050/109200 cooling_only_cells=0/109200 mechanics_current=0 mechanics_source_step=160 T_min=347.05 T_max=365.677687402 u_max=4.76128288741e-05 vm_max=634994233.994 laser_center=[0.     0.0025 0.002 ] laser_switch=0 effective_power=0 vtk=
global_step=171 mode=layer_dwell layer=2/13 highest_printed_layer=2 hatch=4/4 scan=8/8 front_z=0.002 active_window_cells=52050/109200 printed_cells=52050/109200 cooling_only_cells=0/109200 mechanics_current=0 mechanics_source_step=160 T_min=347.05 T_max=363.660748813 u_max=4.76128288741e-05 vm_max=634994233.994 laser_center=[0.     0.0025 0.002 ] laser_switch=0 effective_power=0 vtk=
global_step=172 mode=layer_dwell layer=2/13 highest_printed_layer=2 hatch=4/4 scan=8/8 front_z=0.002 active_window_cells=52050/109200 printed_cells=52050/109200 cooling_only_cells=0/109200 mechanics_current=0 mechanics_source_step=160 T_min=347.05 T_max=361.763471565 u_max=4.76128288741e-05 vm_max=634994233.994 laser_center=[0.     0.0025 0.002 ] laser_switch=0 effective_power=0 vtk=
global_step=173 mode=layer_dwell layer=2/13 highest_printed_layer=2 hatch=4/4 scan=8/8 front_z=0.002 active_window_cells=52050/109200 printed_cells=52050/109200 cooling_only_cells=0/109200 mechanics_current=0 mechanics_source_step=160 T_min=347.05 T_max=360.02341434 u_max=4.76128288741e-05 vm_max=634994233.994 laser_center=[0.     0.0025 0.002 ] laser_switch=0 effective_power=0 vtk=
global_step=174 mode=layer_dwell layer=2/13 highest_printed_layer=2 hatch=4/4 scan=8/8 front_z=0.002 active_window_cells=52050/109200 printed_cells=52050/109200 cooling_only_cells=0/109200 mechanics_current=0 mechanics_source_step=160 T_min=347.05 T_max=358.465026178 u_max=4.76128288741e-05 vm_max=634994233.994 laser_center=[0.     0.0025 0.002 ] laser_switch=0 effective_power=0 vtk=
global_step=175 mode=layer_dwell layer=2/13 highest_printed_layer=2 hatch=4/4 scan=8/8 front_z=0.002 active_window_cells=52050/109200 printed_cells=52050/109200 cooling_only_cells=0/109200 mechanics_current=0 mechanics_source_step=160 T_min=347.05 T_max=357.075045827 u_max=4.76128288741e-05 vm_max=634994233.994 laser_center=[0.     0.0025 0.002 ] laser_switch=0 effective_power=0 vtk=
global_step=176 mode=layer_dwell layer=2/13 highest_printed_layer=2 hatch=4/4 scan=8/8 front_z=0.002 active_window_cells=52050/109200 printed_cells=52050/109200 cooling_only_cells=0/109200 mechanics_current=1 mechanics_source_step=176 T_min=347.05 T_max=355.841951189 u_max=4.51977630614e-05 vm_max=635907296.893 laser_center=[0.     0.0025 0.002 ] laser_switch=0 effective_power=0 vtk=/home/user/work/output/amb_l0_20260731T092534Z/step_000176_layer_dwell.vtu
global_step=177 mode=layer_dwell layer=2/13 highest_printed_layer=2 hatch=4/4 scan=8/8 front_z=0.002 active_window_cells=52050/109200 printed_cells=52050/109200 cooling_only_cells=0/109200 mechanics_current=0 mechanics_source_step=176 T_min=347.05 T_max=354.753655056 u_max=4.51977630614e-05 vm_max=635907296.893 laser_center=[0.     0.0025 0.002 ] laser_switch=0 effective_power=0 vtk=
global_step=178 mode=layer_dwell layer=2/13 highest_printed_layer=2 hatch=4/4 scan=8/8 front_z=0.002 active_window_cells=52050/109200 printed_cells=52050/109200 cooling_only_cells=0/109200 mechanics_current=0 mechanics_source_step=176 T_min=347.05 T_max=353.79663745 u_max=4.51977630614e-05 vm_max=635907296.893 laser_center=[0.     0.0025 0.002 ] laser_switch=0 effective_power=0 vtk=
global_step=179 mode=layer_dwell layer=2/13 highest_printed_layer=2 hatch=4/4 scan=8/8 front_z=0.002 active_window_cells=52050/109200 printed_cells=52050/109200 cooling_only_cells=0/109200 mechanics_current=0 mechanics_source_step=176 T_min=347.05 T_max=352.95746386 u_max=4.51977630614e-05 vm_max=635907296.893 laser_center=[0.     0.0025 0.002 ] laser_switch=0 effective_power=0 vtk=
global_step=180 mode=layer_dwell layer=2/13 highest_printed_layer=2 hatch=4/4 scan=8/8 front_z=0.002 active_window_cells=52050/109200 printed_cells=52050/109200 cooling_only_cells=0/109200 mechanics_current=0 mechanics_source_step=176 T_min=347.05 T_max=352.222219301 u_max=4.51977630614e-05 vm_max=635907296.893 laser_center=[0.     0.0025 0.002 ] laser_switch=0 effective_power=0 vtk=
global_step=181 mode=layer_dwell layer=2/13 highest_printed_layer=2 hatch=4/4 scan=8/8 front_z=0.002 active_window_cells=52050/109200 printed_cells=52050/109200 cooling_only_cells=0/109200 mechanics_current=0 mechanics_source_step=176 T_min=347.05 T_max=351.578738848 u_max=4.51977630614e-05 vm_max=635907296.893 laser_center=[0.     0.0025 0.002 ] laser_switch=0 effective_power=0 vtk=
global_step=182 mode=layer_dwell layer=2/13 highest_printed_layer=2 hatch=4/4 scan=8/8 front_z=0.002 active_window_cells=52050/109200 printed_cells=52050/109200 cooling_only_cells=0/109200 mechanics_current=0 mechanics_source_step=176 T_min=347.05 T_max=351.016000714 u_max=4.51977630614e-05 vm_max=635907296.893 laser_center=[0.     0.0025 0.002 ] laser_switch=0 effective_power=0 vtk=
global_step=183 mode=layer_dwell layer=2/13 highest_printed_layer=2 hatch=4/4 scan=8/8 front_z=0.002 active_window_cells=52050/109200 printed_cells=52050/109200 cooling_only_cells=0/109200 mechanics_current=0 mechanics_source_step=176 T_min=347.05 T_max=350.523750181 u_max=4.51977630614e-05 vm_max=635907296.893 laser_center=[0.     0.0025 0.002 ] laser_switch=0 effective_power=0 vtk=
global_step=184 mode=layer_dwell layer=2/13 highest_printed_layer=2 hatch=4/4 scan=8/8 front_z=0.002 active_window_cells=52050/109200 printed_cells=52050/109200 cooling_only_cells=0/109200 mechanics_current=0 mechanics_source_step=176 T_min=347.05 T_max=350.093299673 u_max=4.51977630614e-05 vm_max=635907296.893 laser_center=[0.     0.0025 0.002 ] laser_switch=0 effective_power=0 vtk=
global_step=185 mode=layer_dwell layer=2/13 highest_printed_layer=2 hatch=4/4 scan=8/8 front_z=0.002 active_window_cells=52050/109200 printed_cells=52050/109200 cooling_only_cells=0/109200 mechanics_current=0 mechanics_source_step=176 T_min=347.05 T_max=349.732426618 u_max=4.51977630614e-05 vm_max=635907296.893 laser_center=[0.     0.0025 0.002 ] laser_switch=0 effective_power=0 vtk=
global_step=186 mode=layer_dwell layer=2/13 highest_printed_layer=2 hatch=4/4 scan=8/8 front_z=0.002 active_window_cells=52050/109200 printed_cells=52050/109200 cooling_only_cells=0/109200 mechanics_current=0 mechanics_source_step=176 T_min=347.05 T_max=349.428296161 u_max=4.51977630614e-05 vm_max=635907296.893 laser_center=[0.     0.0025 0.002 ] laser_switch=0 effective_power=0 vtk=
global_step=187 mode=layer_dwell layer=2/13 highest_printed_layer=2 hatch=4/4 scan=8/8 front_z=0.002 active_window_cells=52050/109200 printed_cells=52050/109200 cooling_only_cells=0/109200 mechanics_current=0 mechanics_source_step=176 T_min=347.05 T_max=349.158896686 u_max=4.51977630614e-05 vm_max=635907296.893 laser_center=[0.     0.0025 0.002 ] laser_switch=0 effective_power=0 vtk=
global_step=188 mode=layer_dwell layer=2/13 highest_printed_layer=2 hatch=4/4 scan=8/8 front_z=0.002 active_window_cells=52050/109200 printed_cells=52050/109200 cooling_only_cells=0/109200 mechanics_current=0 mechanics_source_step=176 T_min=347.05 T_max=348.920213556 u_max=4.51977630614e-05 vm_max=635907296.893 laser_center=[0.     0.0025 0.002 ] laser_switch=0 effective_power=0 vtk=
global_step=189 mode=layer_dwell layer=2/13 highest_printed_layer=2 hatch=4/4 scan=8/8 front_z=0.002 active_window_cells=52050/109200 printed_cells=52050/109200 cooling_only_cells=0/109200 mechanics_current=0 mechanics_source_step=176 T_min=347.05 T_max=348.708705442 u_max=4.51977630614e-05 vm_max=635907296.893 laser_center=[0.     0.0025 0.002 ] laser_switch=0 effective_power=0 vtk=
global_step=190 mode=layer_dwell layer=2/13 highest_printed_layer=2 hatch=4/4 scan=8/8 front_z=0.002 active_window_cells=52050/109200 printed_cells=52050/109200 cooling_only_cells=0/109200 mechanics_current=0 mechanics_source_step=176 T_min=347.05 T_max=348.521246826 u_max=4.51977630614e-05 vm_max=635907296.893 laser_center=[0.     0.0025 0.002 ] laser_switch=0 effective_power=0 vtk=
global_step=191 mode=layer_dwell layer=2/13 highest_printed_layer=2 hatch=4/4 scan=8/8 front_z=0.002 active_window_cells=52050/109200 printed_cells=52050/109200 cooling_only_cells=0/109200 mechanics_current=0 mechanics_source_step=176 T_min=347.05 T_max=348.355077761 u_max=4.51977630614e-05 vm_max=635907296.893 laser_center=[0.     0.0025 0.002 ] laser_switch=0 effective_power=0 vtk=
global_step=192 mode=layer_dwell layer=2/13 highest_printed_layer=2 hatch=4/4 scan=8/8 front_z=0.002 active_window_cells=52050/109200 printed_cells=52050/109200 cooling_only_cells=0/109200 mechanics_current=1 mechanics_source_step=192 T_min=347.05 T_max=348.207759965 u_max=4.52517778812e-05 vm_max=636214894.077 laser_center=[0.     0.0025 0.002 ] laser_switch=0 effective_power=0 vtk=/home/user/work/output/amb_l0_20260731T092534Z/step_000192_layer_dwell.vtu
global_step=193 mode=layer_dwell layer=2/13 highest_printed_layer=2 hatch=4/4 scan=8/8 front_z=0.002 active_window_cells=52050/109200 printed_cells=52050/109200 cooling_only_cells=0/109200 mechanics_current=0 mechanics_source_step=192 T_min=347.05 T_max=348.077138378 u_max=4.52517778812e-05 vm_max=636214894.077 laser_center=[0.     0.0025 0.002 ] laser_switch=0 effective_power=0 vtk=
global_step=194 mode=layer_dwell layer=2/13 highest_printed_layer=2 hatch=4/4 scan=8/8 front_z=0.002 active_window_cells=52050/109200 printed_cells=52050/109200 cooling_only_cells=0/109200 mechanics_current=0 mechanics_source_step=192 T_min=347.05 T_max=347.961307506 u_max=4.52517778812e-05 vm_max=636214894.077 laser_center=[0.     0.0025 0.002 ] laser_switch=0 effective_power=0 vtk=
global_step=195 mode=layer_dwell layer=2/13 highest_printed_layer=2 hatch=4/4 scan=8/8 front_z=0.002 active_window_cells=52050/109200 printed_cells=52050/109200 cooling_only_cells=0/109200 mechanics_current=0 mechanics_source_step=192 T_min=347.05 T_max=347.8585819 u_max=4.52517778812e-05 vm_max=636214894.077 laser_center=[0.     0.0025 0.002 ] laser_switch=0 effective_power=0 vtk=
global_step=196 mode=layer_dwell layer=2/13 highest_printed_layer=2 hatch=4/4 scan=8/8 front_z=0.002 active_window_cells=52050/109200 printed_cells=52050/109200 cooling_only_cells=0/109200 mechanics_current=0 mechanics_source_step=192 T_min=347.05 T_max=347.767470246 u_max=4.52517778812e-05 vm_max=636214894.077 laser_center=[0.     0.0025 0.002 ] laser_switch=0 effective_power=0 vtk=
global_step=197 mode=layer_dwell layer=2/13 highest_printed_layer=2 hatch=4/4 scan=8/8 front_z=0.002 active_window_cells=52050/109200 printed_cells=52050/109200 cooling_only_cells=0/109200 mechanics_current=0 mechanics_source_step=192 T_min=347.05 T_max=347.686652602 u_max=4.52517778812e-05 vm_max=636214894.077 laser_center=[0.     0.0025 0.002 ] laser_switch=0 effective_power=0 vtk=
global_step=198 mode=layer_dwell layer=2/13 highest_printed_layer=2 hatch=4/4 scan=8/8 front_z=0.002 active_window_cells=52050/109200 printed_cells=52050/109200 cooling_only_cells=0/109200 mechanics_current=0 mechanics_source_step=192 T_min=347.05 T_max=347.614960386 u_max=4.52517778812e-05 vm_max=636214894.077 laser_center=[0.     0.0025 0.002 ] laser_switch=0 effective_power=0 vtk=
global_step=199 mode=layer_dwell layer=2/13 highest_printed_layer=2 hatch=4/4 scan=8/8 front_z=0.002 active_window_cells=52050/109200 printed_cells=52050/109200 cooling_only_cells=0/109200 mechanics_current=0 mechanics_source_step=192 T_min=347.05 T_max=347.551358754 u_max=4.52517778812e-05 vm_max=636214894.077 laser_center=[0.     0.0025 0.002 ] laser_switch=0 effective_power=0 vtk=
global_step=200 mode=layer_dwell layer=2/13 highest_printed_layer=2 hatch=4/4 scan=8/8 front_z=0.002 active_window_cells=52050/109200 printed_cells=52050/109200 cooling_only_cells=0/109200 mechanics_current=0 mechanics_source_step=192 T_min=347.05 T_max=347.494931088 u_max=4.52517778812e-05 vm_max=636214894.077 laser_center=[0.     0.0025 0.002 ] laser_switch=0 effective_power=0 vtk=
global_step=201 mode=layer_dwell layer=2/13 highest_printed_layer=2 hatch=4/4 scan=8/8 front_z=0.002 active_window_cells=52050/109200 printed_cells=52050/109200 cooling_only_cells=0/109200 mechanics_current=0 mechanics_source_step=192 T_min=347.05 T_max=347.444865322 u_max=4.52517778812e-05 vm_max=636214894.077 laser_center=[0.     0.0025 0.002 ] laser_switch=0 effective_power=0 vtk=
global_step=202 mode=layer_dwell layer=2/13 highest_printed_layer=2 hatch=4/4 scan=8/8 front_z=0.002 active_window_cells=52050/109200 printed_cells=52050/109200 cooling_only_cells=0/109200 mechanics_current=0 mechanics_source_step=192 T_min=347.05 T_max=347.400441878 u_max=4.52517778812e-05 vm_max=636214894.077 laser_center=[0.     0.0025 0.002 ] laser_switch=0 effective_power=0 vtk=
global_step=203 mode=layer_dwell layer=2/13 highest_printed_layer=2 hatch=4/4 scan=8/8 front_z=0.002 active_window_cells=52050/109200 printed_cells=52050/109200 cooling_only_cells=0/109200 mechanics_current=0 mechanics_source_step=192 T_min=347.05 T_max=347.361023026 u_max=4.52517778812e-05 vm_max=636214894.077 laser_center=[0.     0.0025 0.002 ] laser_switch=0 effective_power=0 vtk=
global_step=204 mode=layer_dwell layer=2/13 highest_printed_layer=2 hatch=4/4 scan=8/8 front_z=0.002 active_window_cells=52050/109200 printed_cells=52050/109200 cooling_only_cells=0/109200 mechanics_current=0 mechanics_source_step=192 T_min=347.05 T_max=347.326043483 u_max=4.52517778812e-05 vm_max=636214894.077 laser_center=[0.     0.0025 0.002 ] laser_switch=0 effective_power=0 vtk=
global_step=205 mode=layer_dwell layer=2/13 highest_printed_layer=2 hatch=4/4 scan=8/8 front_z=0.002 active_window_cells=52050/109200 printed_cells=52050/109200 cooling_only_cells=0/109200 mechanics_current=0 mechanics_source_step=192 T_min=347.05 T_max=347.295002114 u_max=4.52517778812e-05 vm_max=636214894.077 laser_center=[0.     0.0025 0.002 ] laser_switch=0 effective_power=0 vtk=
global_step=206 mode=layer_dwell layer=2/13 highest_printed_layer=2 hatch=4/4 scan=8/8 front_z=0.002 active_window_cells=52050/109200 printed_cells=52050/109200 cooling_only_cells=0/109200 mechanics_current=0 mechanics_source_step=192 T_min=347.05 T_max=347.267454596 u_max=4.52517778812e-05 vm_max=636214894.077 laser_center=[0.     0.0025 0.002 ] laser_switch=0 effective_power=0 vtk=
global_step=207 mode=layer_dwell layer=2/13 highest_printed_layer=2 hatch=4/4 scan=8/8 front_z=0.002 active_window_cells=52050/109200 printed_cells=52050/109200 cooling_only_cells=0/109200 mechanics_current=0 mechanics_source_step=192 T_min=347.05 T_max=347.243006926 u_max=4.52517778812e-05 vm_max=636214894.077 laser_center=[0.     0.0025 0.002 ] laser_switch=0 effective_power=0 vtk=
global_step=208 mode=layer_dwell layer=2/13 highest_printed_layer=2 hatch=4/4 scan=8/8 front_z=0.002 active_window_cells=52050/109200 printed_cells=52050/109200 cooling_only_cells=0/109200 mechanics_current=1 mechanics_source_step=208 T_min=347.05 T_max=347.221309691 u_max=4.5257288278e-05 vm_max=636257779.665 laser_center=[0.     0.0025 0.002 ] laser_switch=0 effective_power=0 vtk=/home/user/work/output/amb_l0_20260731T092534Z/step_000208_layer_dwell.vtu
global_step=209 mode=layer_dwell layer=2/13 highest_printed_layer=2 hatch=4/4 scan=8/8 front_z=0.002 active_window_cells=52050/109200 printed_cells=52050/109200 cooling_only_cells=0/109200 mechanics_current=0 mechanics_source_step=208 T_min=347.05 T_max=347.202052988 u_max=4.5257288278e-05 vm_max=636257779.665 laser_center=[0.     0.0025 0.002 ] laser_switch=0 effective_power=0 vtk=
global_step=210 mode=layer_dwell layer=2/13 highest_printed_layer=2 hatch=4/4 scan=8/8 front_z=0.002 active_window_cells=52050/109200 printed_cells=52050/109200 cooling_only_cells=0/109200 mechanics_current=0 mechanics_source_step=208 T_min=347.05 T_max=347.184961931 u_max=4.5257288278e-05 vm_max=636257779.665 laser_center=[0.     0.0025 0.002 ] laser_switch=0 effective_power=0 vtk=
global_step=211 mode=layer_dwell layer=2/13 highest_printed_layer=2 hatch=4/4 scan=8/8 front_z=0.002 active_window_cells=52050/109200 printed_cells=52050/109200 cooling_only_cells=0/109200 mechanics_current=0 mechanics_source_step=208 T_min=347.05 T_max=347.169792678 u_max=4.5257288278e-05 vm_max=636257779.665 laser_center=[0.     0.0025 0.002 ] laser_switch=0 effective_power=0 vtk=
global_step=212 mode=layer_dwell layer=2/13 highest_printed_layer=2 hatch=4/4 scan=8/8 front_z=0.002 active_window_cells=52050/109200 printed_cells=52050/109200 cooling_only_cells=0/109200 mechanics_current=0 mechanics_source_step=208 T_min=347.05 T_max=347.156328904 u_max=4.5257288278e-05 vm_max=636257779.665 laser_center=[0.     0.0025 0.002 ] laser_switch=0 effective_power=0 vtk=
global_step=213 mode=layer_dwell layer=2/13 highest_printed_layer=2 hatch=4/4 scan=8/8 front_z=0.002 active_window_cells=52050/109200 printed_cells=52050/109200 cooling_only_cells=0/109200 mechanics_current=0 mechanics_source_step=208 T_min=347.05 T_max=347.144378688 u_max=4.5257288278e-05 vm_max=636257779.665 laser_center=[0.     0.0025 0.002 ] laser_switch=0 effective_power=0 vtk=
global_step=214 mode=layer_dwell layer=2/13 highest_printed_layer=2 hatch=4/4 scan=8/8 front_z=0.002 active_window_cells=52050/109200 printed_cells=52050/109200 cooling_only_cells=0/109200 mechanics_current=0 mechanics_source_step=208 T_min=347.05 T_max=347.133771747 u_max=4.5257288278e-05 vm_max=636257779.665 laser_center=[0.     0.0025 0.002 ] laser_switch=0 effective_power=0 vtk=
global_step=215 mode=layer_dwell layer=2/13 highest_printed_layer=2 hatch=4/4 scan=8/8 front_z=0.002 active_window_cells=52050/109200 printed_cells=52050/109200 cooling_only_cells=0/109200 mechanics_current=0 mechanics_source_step=208 T_min=347.05 T_max=347.124356988 u_max=4.5257288278e-05 vm_max=636257779.665 laser_center=[0.     0.0025 0.002 ] laser_switch=0 effective_power=0 vtk=
global_step=216 mode=layer_dwell layer=2/13 highest_printed_layer=2 hatch=4/4 scan=8/8 front_z=0.002 active_window_cells=52050/109200 printed_cells=52050/109200 cooling_only_cells=0/109200 mechanics_current=0 mechanics_source_step=208 T_min=347.05 T_max=347.116000338 u_max=4.5257288278e-05 vm_max=636257779.665 laser_center=[0.     0.0025 0.002 ] laser_switch=0 effective_power=0 vtk=
global_step=217 mode=layer_dwell layer=2/13 highest_printed_layer=2 hatch=4/4 scan=8/8 front_z=0.002 active_window_cells=52050/109200 printed_cells=52050/109200 cooling_only_cells=0/109200 mechanics_current=0 mechanics_source_step=208 T_min=347.05 T_max=347.108582824 u_max=4.5257288278e-05 vm_max=636257779.665 laser_center=[0.     0.0025 0.002 ] laser_switch=0 effective_power=0 vtk=
global_step=218 mode=layer_dwell layer=2/13 highest_printed_layer=2 hatch=4/4 scan=8/8 front_z=0.002 active_window_cells=52050/109200 printed_cells=52050/109200 cooling_only_cells=0/109200 mechanics_current=0 mechanics_source_step=208 T_min=347.05 T_max=347.101998863 u_max=4.5257288278e-05 vm_max=636257779.665 laser_center=[0.     0.0025 0.002 ] laser_switch=0 effective_power=0 vtk=
global_step=219 mode=layer_dwell layer=2/13 highest_printed_layer=2 hatch=4/4 scan=8/8 front_z=0.002 active_window_cells=52050/109200 printed_cells=52050/109200 cooling_only_cells=0/109200 mechanics_current=0 mechanics_source_step=208 T_min=347.05 T_max=347.096154759 u_max=4.5257288278e-05 vm_max=636257779.665 laser_center=[0.     0.0025 0.002 ] laser_switch=0 effective_power=0 vtk=
global_step=220 mode=layer_dwell layer=2/13 highest_printed_layer=2 hatch=4/4 scan=8/8 front_z=0.002 active_window_cells=52050/109200 printed_cells=52050/109200 cooling_only_cells=0/109200 mechanics_current=0 mechanics_source_step=208 T_min=347.05 T_max=347.090967353 u_max=4.5257288278e-05 vm_max=636257779.665 laser_center=[0.     0.0025 0.002 ] laser_switch=0 effective_power=0 vtk=
global_step=221 mode=layer_dwell layer=2/13 highest_printed_layer=2 hatch=4/4 scan=8/8 front_z=0.002 active_window_cells=52050/109200 printed_cells=52050/109200 cooling_only_cells=0/109200 mechanics_current=0 mechanics_source_step=208 T_min=347.05 T_max=347.086362842 u_max=4.5257288278e-05 vm_max=636257779.665 laser_center=[0.     0.0025 0.002 ] laser_switch=0 effective_power=0 vtk=
global_step=222 mode=layer_dwell layer=2/13 highest_printed_layer=2 hatch=4/4 scan=8/8 front_z=0.002 active_window_cells=52050/109200 printed_cells=52050/109200 cooling_only_cells=0/109200 mechanics_current=0 mechanics_source_step=208 T_min=347.05 T_max=347.082275725 u_max=4.5257288278e-05 vm_max=636257779.665 laser_center=[0.     0.0025 0.002 ] laser_switch=0 effective_power=0 vtk=
global_step=223 mode=layer_dwell layer=2/13 highest_printed_layer=2 hatch=4/4 scan=8/8 front_z=0.002 active_window_cells=52050/109200 printed_cells=52050/109200 cooling_only_cells=0/109200 mechanics_current=0 mechanics_source_step=208 T_min=347.05 T_max=347.078647862 u_max=4.5257288278e-05 vm_max=636257779.665 laser_center=[0.     0.0025 0.002 ] laser_switch=0 effective_power=0 vtk=
global_step=224 mode=layer_dwell layer=2/13 highest_printed_layer=2 hatch=4/4 scan=8/8 front_z=0.002 active_window_cells=52050/109200 printed_cells=52050/109200 cooling_only_cells=0/109200 mechanics_current=1 mechanics_source_step=224 T_min=347.05 T_max=347.075427652 u_max=4.52579478293e-05 vm_max=636264555.615 laser_center=[0.     0.0025 0.002 ] laser_switch=0 effective_power=0 vtk=/home/user/work/output/amb_l0_20260731T092534Z/step_000224_layer_dwell.vtu
global_step=225 mode=layer_dwell layer=2/13 highest_printed_layer=2 hatch=4/4 scan=8/8 front_z=0.002 active_window_cells=52050/109200 printed_cells=52050/109200 cooling_only_cells=0/109200 mechanics_current=0 mechanics_source_step=224 T_min=347.05 T_max=347.072569292 u_max=4.52579478293e-05 vm_max=636264555.615 laser_center=[0.     0.0025 0.002 ] laser_switch=0 effective_power=0 vtk=
global_step=226 mode=layer_dwell layer=2/13 highest_printed_layer=2 hatch=4/4 scan=8/8 front_z=0.002 active_window_cells=52050/109200 printed_cells=52050/109200 cooling_only_cells=0/109200 mechanics_current=0 mechanics_source_step=224 T_min=347.05 T_max=347.070032128 u_max=4.52579478293e-05 vm_max=636264555.615 laser_center=[0.     0.0025 0.002 ] laser_switch=0 effective_power=0 vtk=
global_step=227 mode=layer_dwell layer=2/13 highest_printed_layer=2 hatch=4/4 scan=8/8 front_z=0.002 active_window_cells=52050/109200 printed_cells=52050/109200 cooling_only_cells=0/109200 mechanics_current=0 mechanics_source_step=224 T_min=347.05 T_max=347.067897328 u_max=4.52579478293e-05 vm_max=636264555.615 laser_center=[0.     0.0025 0.002 ] laser_switch=0 effective_power=0 vtk=
global_step=228 mode=layer_dwell layer=2/13 highest_printed_layer=2 hatch=4/4 scan=8/8 front_z=0.002 active_window_cells=52050/109200 printed_cells=52050/109200 cooling_only_cells=0/109200 mechanics_current=0 mechanics_source_step=224 T_min=347.05 T_max=347.066021099 u_max=4.52579478293e-05 vm_max=636264555.615 laser_center=[0.     0.0025 0.002 ] laser_switch=0 effective_power=0 vtk=
global_step=229 mode=layer_dwell layer=2/13 highest_printed_layer=2 hatch=4/4 scan=8/8 front_z=0.002 active_window_cells=52050/109200 printed_cells=52050/109200 cooling_only_cells=0/109200 mechanics_current=0 mechanics_source_step=224 T_min=347.05 T_max=347.064340266 u_max=4.52579478293e-05 vm_max=636264555.615 laser_center=[0.     0.0025 0.002 ] laser_switch=0 effective_power=0 vtk=
global_step=230 mode=layer_dwell layer=2/13 highest_printed_layer=2 hatch=4/4 scan=8/8 front_z=0.002 active_window_cells=52050/109200 printed_cells=52050/109200 cooling_only_cells=0/109200 mechanics_current=0 mechanics_source_step=224 T_min=347.05 T_max=347.06283466 u_max=4.52579478293e-05 vm_max=636264555.615 laser_center=[0.     0.0025 0.002 ] laser_switch=0 effective_power=0 vtk=
global_step=231 mode=layer_dwell layer=2/13 highest_printed_layer=2 hatch=4/4 scan=8/8 front_z=0.002 active_window_cells=52050/109200 printed_cells=52050/109200 cooling_only_cells=0/109200 mechanics_current=0 mechanics_source_step=224 T_min=347.05 T_max=347.061486168 u_max=4.52579478293e-05 vm_max=636264555.615 laser_center=[0.     0.0025 0.002 ] laser_switch=0 effective_power=0 vtk=
global_step=232 mode=layer_dwell layer=2/13 highest_printed_layer=2 hatch=4/4 scan=8/8 front_z=0.002 active_window_cells=52050/109200 printed_cells=52050/109200 cooling_only_cells=0/109200 mechanics_current=0 mechanics_source_step=224 T_min=347.05 T_max=347.060278528 u_max=4.52579478293e-05 vm_max=636264555.615 laser_center=[0.     0.0025 0.002 ] laser_switch=0 effective_power=0 vtk=
global_step=233 mode=layer_dwell layer=2/13 highest_printed_layer=2 hatch=4/4 scan=8/8 front_z=0.002 active_window_cells=52050/109200 printed_cells=52050/109200 cooling_only_cells=0/109200 mechanics_current=0 mechanics_source_step=224 T_min=347.05 T_max=347.059197143 u_max=4.52579478293e-05 vm_max=636264555.615 laser_center=[0.     0.0025 0.002 ] laser_switch=0 effective_power=0 vtk=
global_step=234 mode=layer_dwell layer=2/13 highest_printed_layer=2 hatch=4/4 scan=8/8 front_z=0.002 active_window_cells=52050/109200 printed_cells=52050/109200 cooling_only_cells=0/109200 mechanics_current=0 mechanics_source_step=224 T_min=347.05 T_max=347.05822891 u_max=4.52579478293e-05 vm_max=636264555.615 laser_center=[0.     0.0025 0.002 ] laser_switch=0 effective_power=0 vtk=
global_step=235 mode=layer_dwell layer=2/13 highest_printed_layer=2 hatch=4/4 scan=8/8 front_z=0.002 active_window_cells=52050/109200 printed_cells=52050/109200 cooling_only_cells=0/109200 mechanics_current=0 mechanics_source_step=224 T_min=347.05 T_max=347.057362076 u_max=4.52579478293e-05 vm_max=636264555.615 laser_center=[0.     0.0025 0.002 ] laser_switch=0 effective_power=0 vtk=
global_step=236 mode=layer_dwell layer=2/13 highest_printed_layer=2 hatch=4/4 scan=8/8 front_z=0.002 active_window_cells=52050/109200 printed_cells=52050/109200 cooling_only_cells=0/109200 mechanics_current=0 mechanics_source_step=224 T_min=347.05 T_max=347.056586094 u_max=4.52579478293e-05 vm_max=636264555.615 laser_center=[0.     0.0025 0.002 ] laser_switch=0 effective_power=0 vtk=
global_step=237 mode=layer_dwell layer=2/13 highest_printed_layer=2 hatch=4/4 scan=8/8 front_z=0.002 active_window_cells=52050/109200 printed_cells=52050/109200 cooling_only_cells=0/109200 mechanics_current=0 mechanics_source_step=224 T_min=347.05 T_max=347.055891505 u_max=4.52579478293e-05 vm_max=636264555.615 laser_center=[0.     0.0025 0.002 ] laser_switch=0 effective_power=0 vtk=
global_step=238 mode=layer_dwell layer=2/13 highest_printed_layer=2 hatch=4/4 scan=8/8 front_z=0.002 active_window_cells=52050/109200 printed_cells=52050/109200 cooling_only_cells=0/109200 mechanics_current=0 mechanics_source_step=224 T_min=347.05 T_max=347.055269826 u_max=4.52579478293e-05 vm_max=636264555.615 laser_center=[0.     0.0025 0.002 ] laser_switch=0 effective_power=0 vtk=
global_step=239 mode=layer_dwell layer=2/13 highest_printed_layer=2 hatch=4/4 scan=8/8 front_z=0.002 active_window_cells=52050/109200 printed_cells=52050/109200 cooling_only_cells=0/109200 mechanics_current=0 mechanics_source_step=224 T_min=347.05 T_max=347.054713451 u_max=4.52579478293e-05 vm_max=636264555.615 laser_center=[0.     0.0025 0.002 ] laser_switch=0 effective_power=0 vtk=
global_step=240 mode=layer_dwell layer=2/13 highest_printed_layer=2 hatch=4/4 scan=8/8 front_z=0.002 active_window_cells=52050/109200 printed_cells=52050/109200 cooling_only_cells=0/109200 mechanics_current=1 mechanics_source_step=240 T_min=347.05 T_max=347.054215559 u_max=4.52580319144e-05 vm_max=636265642.383 laser_center=[0.     0.0025 0.002 ] laser_switch=0 effective_power=0 vtk=/home/user/work/output/amb_l0_20260731T092534Z/step_000240_layer_dwell.vtu
global_step=241 mode=layer_dwell layer=2/13 highest_printed_layer=2 hatch=4/4 scan=8/8 front_z=0.002 active_window_cells=52050/109200 printed_cells=52050/109200 cooling_only_cells=0/109200 mechanics_current=0 mechanics_source_step=240 T_min=347.05 T_max=347.053770039 u_max=4.52580319144e-05 vm_max=636265642.383 laser_center=[0.     0.0025 0.002 ] laser_switch=0 effective_power=0 vtk=
global_step=242 mode=layer_dwell layer=2/13 highest_printed_layer=2 hatch=4/4 scan=8/8 front_z=0.002 active_window_cells=52050/109200 printed_cells=52050/109200 cooling_only_cells=0/109200 mechanics_current=0 mechanics_source_step=240 T_min=347.05 T_max=347.053371411 u_max=4.52580319144e-05 vm_max=636265642.383 laser_center=[0.     0.0025 0.002 ] laser_switch=0 effective_power=0 vtk=
global_step=243 mode=layer_dwell layer=2/13 highest_printed_layer=2 hatch=4/4 scan=8/8 front_z=0.002 active_window_cells=52050/109200 printed_cells=52050/109200 cooling_only_cells=0/109200 mechanics_current=0 mechanics_source_step=240 T_min=347.05 T_max=347.053014765 u_max=4.52580319144e-05 vm_max=636265642.383 laser_center=[0.     0.0025 0.002 ] laser_switch=0 effective_power=0 vtk=
global_step=244 mode=layer_dwell layer=2/13 highest_printed_layer=2 hatch=4/4 scan=8/8 front_z=0.002 active_window_cells=52050/109200 printed_cells=52050/109200 cooling_only_cells=0/109200 mechanics_current=0 mechanics_source_step=240 T_min=347.05 T_max=347.052695704 u_max=4.52580319144e-05 vm_max=636265642.383 laser_center=[0.     0.0025 0.002 ] laser_switch=0 effective_power=0 vtk=
global_step=245 mode=layer_dwell layer=2/13 highest_printed_layer=2 hatch=4/4 scan=8/8 front_z=0.002 active_window_cells=52050/109200 printed_cells=52050/109200 cooling_only_cells=0/109200 mechanics_current=0 mechanics_source_step=240 T_min=347.05 T_max=347.052410285 u_max=4.52580319144e-05 vm_max=636265642.383 laser_center=[0.     0.0025 0.002 ] laser_switch=0 effective_power=0 vtk=
global_step=246 mode=layer_dwell layer=2/13 highest_printed_layer=2 hatch=4/4 scan=8/8 front_z=0.002 active_window_cells=52050/109200 printed_cells=52050/109200 cooling_only_cells=0/109200 mechanics_current=0 mechanics_source_step=240 T_min=347.05 T_max=347.052154978 u_max=4.52580319144e-05 vm_max=636265642.383 laser_center=[0.     0.0025 0.002 ] laser_switch=0 effective_power=0 vtk=
global_step=247 mode=layer_dwell layer=2/13 highest_printed_layer=2 hatch=4/4 scan=8/8 front_z=0.002 active_window_cells=52050/109200 printed_cells=52050/109200 cooling_only_cells=0/109200 mechanics_current=0 mechanics_source_step=240 T_min=347.05 T_max=347.05192662 u_max=4.52580319144e-05 vm_max=636265642.383 laser_center=[0.     0.0025 0.002 ] laser_switch=0 effective_power=0 vtk=
global_step=248 mode=layer_dwell layer=2/13 highest_printed_layer=2 hatch=4/4 scan=8/8 front_z=0.002 active_window_cells=52050/109200 printed_cells=52050/109200 cooling_only_cells=0/109200 mechanics_current=0 mechanics_source_step=240 T_min=347.05 T_max=347.05172238 u_max=4.52580319144e-05 vm_max=636265642.383 laser_center=[0.     0.0025 0.002 ] laser_switch=0 effective_power=0 vtk=
global_step=249 mode=layer_dwell layer=2/13 highest_printed_layer=2 hatch=4/4 scan=8/8 front_z=0.002 active_window_cells=52050/109200 printed_cells=52050/109200 cooling_only_cells=0/109200 mechanics_current=0 mechanics_source_step=240 T_min=347.05 T_max=347.051539721 u_max=4.52580319144e-05 vm_max=636265642.383 laser_center=[0.     0.0025 0.002 ] laser_switch=0 effective_power=0 vtk=
global_step=250 mode=layer_dwell layer=2/13 highest_printed_layer=2 hatch=4/4 scan=8/8 front_z=0.002 active_window_cells=52050/109200 printed_cells=52050/109200 cooling_only_cells=0/109200 mechanics_current=0 mechanics_source_step=240 T_min=347.05 T_max=347.051376372 u_max=4.52580319144e-05 vm_max=636265642.383 laser_center=[0.     0.0025 0.002 ] laser_switch=0 effective_power=0 vtk=
global_step=251 mode=layer_dwell layer=2/13 highest_printed_layer=2 hatch=4/4 scan=8/8 front_z=0.002 active_window_cells=52050/109200 printed_cells=52050/109200 cooling_only_cells=0/109200 mechanics_current=0 mechanics_source_step=240 T_min=347.05 T_max=347.051230299 u_max=4.52580319144e-05 vm_max=636265642.383 laser_center=[0.     0.0025 0.002 ] laser_switch=0 effective_power=0 vtk=
global_step=252 mode=layer_dwell layer=2/13 highest_printed_layer=2 hatch=4/4 scan=8/8 front_z=0.002 active_window_cells=52050/109200 printed_cells=52050/109200 cooling_only_cells=0/109200 mechanics_current=0 mechanics_source_step=240 T_min=347.05 T_max=347.051099684 u_max=4.52580319144e-05 vm_max=636265642.383 laser_center=[0.     0.0025 0.002 ] laser_switch=0 effective_power=0 vtk=
global_step=253 mode=layer_dwell layer=2/13 highest_printed_layer=2 hatch=4/4 scan=8/8 front_z=0.002 active_window_cells=52050/109200 printed_cells=52050/109200 cooling_only_cells=0/109200 mechanics_current=0 mechanics_source_step=240 T_min=347.05 T_max=347.051099684 u_max=4.52580319144e-05 vm_max=636265642.383 laser_center=[0.     0.0025 0.002 ] laser_switch=0 effective_power=0 vtk=
global_step=254 mode=layer_dwell layer=2/13 highest_printed_layer=2 hatch=4/4 scan=8/8 front_z=0.002 active_window_cells=52050/109200 printed_cells=52050/109200 cooling_only_cells=0/109200 mechanics_current=0 mechanics_source_step=240 T_min=347.05 T_max=347.051099684 u_max=4.52580319144e-05 vm_max=636265642.383 laser_center=[0.     0.0025 0.002 ] laser_switch=0 effective_power=0 vtk=
global_step=255 mode=layer_dwell layer=2/13 highest_printed_layer=2 hatch=4/4 scan=8/8 front_z=0.002 active_window_cells=52050/109200 printed_cells=52050/109200 cooling_only_cells=0/109200 mechanics_current=0 mechanics_source_step=240 T_min=347.05 T_max=347.051099684 u_max=4.52580319144e-05 vm_max=636265642.383 laser_center=[0.     0.0025 0.002 ] laser_switch=0 effective_power=0 vtk=
global_step=256 mode=layer_dwell layer=2/13 highest_printed_layer=2 hatch=4/4 scan=8/8 front_z=0.002 active_window_cells=52050/109200 printed_cells=52050/109200 cooling_only_cells=0/109200 mechanics_current=1 mechanics_source_step=256 T_min=347.05 T_max=347.051099684 u_max=4.52580419702e-05 vm_max=636265798.108 laser_center=[0.     0.0025 0.002 ] laser_switch=0 effective_power=0 vtk=/home/user/work/output/amb_l0_20260731T092534Z/step_000256_layer_dwell.vtu
global_step=257 mode=layer_dwell layer=2/13 highest_printed_layer=2 hatch=4/4 scan=8/8 front_z=0.002 active_window_cells=52050/109200 printed_cells=52050/109200 cooling_only_cells=0/109200 mechanics_current=0 mechanics_source_step=256 T_min=347.05 T_max=347.051099684 u_max=4.52580419702e-05 vm_max=636265798.108 laser_center=[0.     0.0025 0.002 ] laser_switch=0 effective_power=0 vtk=
global_step=258 mode=layer_dwell layer=2/13 highest_printed_layer=2 hatch=4/4 scan=8/8 front_z=0.002 active_window_cells=52050/109200 printed_cells=52050/109200 cooling_only_cells=0/109200 mechanics_current=0 mechanics_source_step=256 T_min=347.05 T_max=347.051099684 u_max=4.52580419702e-05 vm_max=636265798.108 laser_center=[0.     0.0025 0.002 ] laser_switch=0 effective_power=0 vtk=
global_step=259 mode=layer_dwell layer=2/13 highest_printed_layer=2 hatch=4/4 scan=8/8 front_z=0.002 active_window_cells=52050/109200 printed_cells=52050/109200 cooling_only_cells=0/109200 mechanics_current=0 mechanics_source_step=256 T_min=347.05 T_max=347.051099684 u_max=4.52580419702e-05 vm_max=636265798.108 laser_center=[0.     0.0025 0.002 ] laser_switch=0 effective_power=0 vtk=
global_step=260 mode=layer_dwell layer=2/13 highest_printed_layer=2 hatch=4/4 scan=8/8 front_z=0.002 active_window_cells=52050/109200 printed_cells=52050/109200 cooling_only_cells=0/109200 mechanics_current=0 mechanics_source_step=256 T_min=347.05 T_max=347.051099684 u_max=4.52580419702e-05 vm_max=636265798.108 laser_center=[0.     0.0025 0.002 ] laser_switch=0 effective_power=0 vtk=
global_step=261 mode=layer_dwell layer=2/13 highest_printed_layer=2 hatch=4/4 scan=8/8 front_z=0.002 active_window_cells=52050/109200 printed_cells=52050/109200 cooling_only_cells=0/109200 mechanics_current=0 mechanics_source_step=256 T_min=347.05 T_max=347.051099684 u_max=4.52580419702e-05 vm_max=636265798.108 laser_center=[0.     0.0025 0.002 ] laser_switch=0 effective_power=0 vtk=
global_step=262 mode=layer_dwell layer=2/13 highest_printed_layer=2 hatch=4/4 scan=8/8 front_z=0.002 active_window_cells=52050/109200 printed_cells=52050/109200 cooling_only_cells=0/109200 mechanics_current=0 mechanics_source_step=256 T_min=347.05 T_max=347.051099684 u_max=4.52580419702e-05 vm_max=636265798.108 laser_center=[0.     0.0025 0.002 ] laser_switch=0 effective_power=0 vtk=
global_step=263 mode=layer_dwell layer=2/13 highest_printed_layer=2 hatch=4/4 scan=8/8 front_z=0.002 active_window_cells=52050/109200 printed_cells=52050/109200 cooling_only_cells=0/109200 mechanics_current=0 mechanics_source_step=256 T_min=347.05 T_max=347.051099684 u_max=4.52580419702e-05 vm_max=636265798.108 laser_center=[0.     0.0025 0.002 ] laser_switch=0 effective_power=0 vtk=
global_step=264 mode=layer_dwell layer=2/13 highest_printed_layer=2 hatch=4/4 scan=8/8 front_z=0.002 active_window_cells=52050/109200 printed_cells=52050/109200 cooling_only_cells=0/109200 mechanics_current=0 mechanics_source_step=256 T_min=347.05 T_max=347.051099684 u_max=4.52580419702e-05 vm_max=636265798.108 laser_center=[0.     0.0025 0.002 ] laser_switch=0 effective_power=0 vtk=
global_step=265 mode=layer_dwell layer=2/13 highest_printed_layer=2 hatch=4/4 scan=8/8 front_z=0.002 active_window_cells=52050/109200 printed_cells=52050/109200 cooling_only_cells=0/109200 mechanics_current=0 mechanics_source_step=256 T_min=347.05 T_max=347.051099684 u_max=4.52580419702e-05 vm_max=636265798.108 laser_center=[0.     0.0025 0.002 ] laser_switch=0 effective_power=0 vtk=
global_step=266 mode=scan layer=3/13 highest_printed_layer=3 hatch=1/4 scan=1/8 front_z=0.003 active_window_cells=53050/109200 printed_cells=53050/109200 cooling_only_cells=0/109200 mechanics_current=1 mechanics_source_step=266 T_min=347.05 T_max=1939.92479869 u_max=5.9912604373e-05 vm_max=585684336.066 laser_center=[ 0.     -0.0025  0.003 ] laser_switch=1 effective_power=30.225 vtk=/home/user/work/output/amb_l0_20260731T092534Z/step_000266_scan.vtu
global_step=267 mode=scan layer=3/13 highest_printed_layer=3 hatch=1/4 scan=2/8 front_z=0.003 active_window_cells=53050/109200 printed_cells=53050/109200 cooling_only_cells=0/109200 mechanics_current=0 mechanics_source_step=266 T_min=347.05 T_max=1401.64621847 u_max=5.9912604373e-05 vm_max=585684336.066 laser_center=[ 0.01071429 -0.0025      0.003     ] laser_switch=1 effective_power=30.225 vtk=
global_step=268 mode=scan layer=3/13 highest_printed_layer=3 hatch=1/4 scan=3/8 front_z=0.003 active_window_cells=53050/109200 printed_cells=53050/109200 cooling_only_cells=0/109200 mechanics_current=1 mechanics_source_step=268 T_min=347.05 T_max=1668.08861923 u_max=7.08795830726e-05 vm_max=630106284.158 laser_center=[ 0.02142857 -0.0025      0.003     ] laser_switch=1 effective_power=30.225 vtk=/home/user/work/output/amb_l0_20260731T092534Z/step_000268_scan.vtu
global_step=269 mode=scan layer=3/13 highest_printed_layer=3 hatch=1/4 scan=4/8 front_z=0.003 active_window_cells=53050/109200 printed_cells=53050/109200 cooling_only_cells=0/109200 mechanics_current=0 mechanics_source_step=268 T_min=347.05 T_max=1369.69776227 u_max=7.08795830726e-05 vm_max=630106284.158 laser_center=[ 0.03214286 -0.0025      0.003     ] laser_switch=1 effective_power=30.225 vtk=
global_step=270 mode=scan layer=3/13 highest_printed_layer=3 hatch=1/4 scan=5/8 front_z=0.003 active_window_cells=53050/109200 printed_cells=53050/109200 cooling_only_cells=0/109200 mechanics_current=0 mechanics_source_step=268 T_min=347.05 T_max=1367.21167408 u_max=7.08795830726e-05 vm_max=630106284.158 laser_center=[ 0.04285714 -0.0025      0.003     ] laser_switch=1 effective_power=30.225 vtk=
global_step=271 mode=scan layer=3/13 highest_printed_layer=3 hatch=1/4 scan=6/8 front_z=0.003 active_window_cells=53050/109200 printed_cells=53050/109200 cooling_only_cells=0/109200 mechanics_current=0 mechanics_source_step=268 T_min=347.05 T_max=1435.78004057 u_max=7.08795830726e-05 vm_max=630106284.158 laser_center=[ 0.05357143 -0.0025      0.003     ] laser_switch=1 effective_power=30.225 vtk=
global_step=272 mode=scan layer=3/13 highest_printed_layer=3 hatch=1/4 scan=7/8 front_z=0.003 active_window_cells=53050/109200 printed_cells=53050/109200 cooling_only_cells=0/109200 mechanics_current=1 mechanics_source_step=272 T_min=347.05 T_max=1296.43754472 u_max=5.09382913902e-05 vm_max=637013961.514 laser_center=[ 0.06428571 -0.0025      0.003     ] laser_switch=1 effective_power=30.225 vtk=/home/user/work/output/amb_l0_20260731T092534Z/step_000272_scan.vtu
global_step=273 mode=scan layer=3/13 highest_printed_layer=3 hatch=1/4 scan=8/8 front_z=0.003 active_window_cells=53050/109200 printed_cells=53050/109200 cooling_only_cells=0/109200 mechanics_current=0 mechanics_source_step=272 T_min=347.05 T_max=2041.11636368 u_max=5.09382913902e-05 vm_max=637013961.514 laser_center=[ 0.075  -0.0025  0.003 ] laser_switch=1 effective_power=30.225 vtk=
global_step=274 mode=scan layer=3/13 highest_printed_layer=3 hatch=2/4 scan=1/8 front_z=0.003 active_window_cells=53050/109200 printed_cells=53050/109200 cooling_only_cells=0/109200 mechanics_current=0 mechanics_source_step=272 T_min=347.05 T_max=1359.26894105 u_max=5.09382913902e-05 vm_max=637013961.514 laser_center=[ 0.075      -0.00083333  0.003     ] laser_switch=1 effective_power=30.225 vtk=
global_step=275 mode=scan layer=3/13 highest_printed_layer=3 hatch=2/4 scan=2/8 front_z=0.003 active_window_cells=53050/109200 printed_cells=53050/109200 cooling_only_cells=0/109200 mechanics_current=0 mechanics_source_step=272 T_min=347.05 T_max=698.174728781 u_max=5.09382913902e-05 vm_max=637013961.514 laser_center=[ 0.06428571 -0.00083333  0.003     ] laser_switch=1 effective_power=30.225 vtk=
global_step=276 mode=scan layer=3/13 highest_printed_layer=3 hatch=2/4 scan=3/8 front_z=0.003 active_window_cells=53050/109200 printed_cells=53050/109200 cooling_only_cells=0/109200 mechanics_current=0 mechanics_source_step=272 T_min=347.05 T_max=1090.82776416 u_max=5.09382913902e-05 vm_max=637013961.514 laser_center=[ 0.05357143 -0.00083333  0.003     ] laser_switch=1 effective_power=30.225 vtk=
global_step=277 mode=scan layer=3/13 highest_printed_layer=3 hatch=2/4 scan=4/8 front_z=0.003 active_window_cells=53050/109200 printed_cells=53050/109200 cooling_only_cells=0/109200 mechanics_current=0 mechanics_source_step=272 T_min=347.05 T_max=873.265835987 u_max=5.09382913902e-05 vm_max=637013961.514 laser_center=[ 0.04285714 -0.00083333  0.003     ] laser_switch=1 effective_power=30.225 vtk=
global_step=278 mode=scan layer=3/13 highest_printed_layer=3 hatch=2/4 scan=5/8 front_z=0.003 active_window_cells=53050/109200 printed_cells=53050/109200 cooling_only_cells=0/109200 mechanics_current=0 mechanics_source_step=272 T_min=347.05 T_max=881.83300524 u_max=5.09382913902e-05 vm_max=637013961.514 laser_center=[ 0.03214286 -0.00083333  0.003     ] laser_switch=1 effective_power=30.225 vtk=
global_step=279 mode=scan layer=3/13 highest_printed_layer=3 hatch=2/4 scan=6/8 front_z=0.003 active_window_cells=53050/109200 printed_cells=53050/109200 cooling_only_cells=0/109200 mechanics_current=0 mechanics_source_step=272 T_min=347.05 T_max=1438.21267657 u_max=5.09382913902e-05 vm_max=637013961.514 laser_center=[ 0.02142857 -0.00083333  0.003     ] laser_switch=1 effective_power=30.225 vtk=
global_step=280 mode=scan layer=3/13 highest_printed_layer=3 hatch=2/4 scan=7/8 front_z=0.003 active_window_cells=53050/109200 printed_cells=53050/109200 cooling_only_cells=0/109200 mechanics_current=0 mechanics_source_step=272 T_min=347.05 T_max=877.763204056 u_max=5.09382913902e-05 vm_max=637013961.514 laser_center=[ 0.01071429 -0.00083333  0.003     ] laser_switch=1 effective_power=30.225 vtk=
global_step=281 mode=scan layer=3/13 highest_printed_layer=3 hatch=2/4 scan=8/8 front_z=0.003 active_window_cells=53050/109200 printed_cells=53050/109200 cooling_only_cells=0/109200 mechanics_current=0 mechanics_source_step=272 T_min=347.05 T_max=1354.90599092 u_max=5.09382913902e-05 vm_max=637013961.514 laser_center=[ 0.         -0.00083333  0.003     ] laser_switch=1 effective_power=30.225 vtk=
global_step=282 mode=scan layer=3/13 highest_printed_layer=3 hatch=3/4 scan=1/8 front_z=0.003 active_window_cells=53050/109200 printed_cells=53050/109200 cooling_only_cells=0/109200 mechanics_current=0 mechanics_source_step=272 T_min=347.05 T_max=1187.92247501 u_max=5.09382913902e-05 vm_max=637013961.514 laser_center=[0.         0.00083333 0.003     ] laser_switch=1 effective_power=30.225 vtk=
global_step=283 mode=scan layer=3/13 highest_printed_layer=3 hatch=3/4 scan=2/8 front_z=0.003 active_window_cells=53050/109200 printed_cells=53050/109200 cooling_only_cells=0/109200 mechanics_current=0 mechanics_source_step=272 T_min=347.05 T_max=876.880236652 u_max=5.09382913902e-05 vm_max=637013961.514 laser_center=[0.01071429 0.00083333 0.003     ] laser_switch=1 effective_power=30.225 vtk=
global_step=284 mode=scan layer=3/13 highest_printed_layer=3 hatch=3/4 scan=3/8 front_z=0.003 active_window_cells=53050/109200 printed_cells=53050/109200 cooling_only_cells=0/109200 mechanics_current=0 mechanics_source_step=272 T_min=347.05 T_max=1438.76566466 u_max=5.09382913902e-05 vm_max=637013961.514 laser_center=[0.02142857 0.00083333 0.003     ] laser_switch=1 effective_power=30.225 vtk=
global_step=285 mode=scan layer=3/13 highest_printed_layer=3 hatch=3/4 scan=4/8 front_z=0.003 active_window_cells=53050/109200 printed_cells=53050/109200 cooling_only_cells=0/109200 mechanics_current=0 mechanics_source_step=272 T_min=347.05 T_max=881.396434705 u_max=5.09382913902e-05 vm_max=637013961.514 laser_center=[0.03214286 0.00083333 0.003     ] laser_switch=1 effective_power=30.225 vtk=
global_step=286 mode=scan layer=3/13 highest_printed_layer=3 hatch=3/4 scan=5/8 front_z=0.003 active_window_cells=53050/109200 printed_cells=53050/109200 cooling_only_cells=0/109200 mechanics_current=0 mechanics_source_step=272 T_min=347.05 T_max=873.963808078 u_max=5.09382913902e-05 vm_max=637013961.514 laser_center=[0.04285714 0.00083333 0.003     ] laser_switch=1 effective_power=30.225 vtk=
global_step=287 mode=scan layer=3/13 highest_printed_layer=3 hatch=3/4 scan=6/8 front_z=0.003 active_window_cells=53050/109200 printed_cells=53050/109200 cooling_only_cells=0/109200 mechanics_current=0 mechanics_source_step=272 T_min=347.05 T_max=1085.41718628 u_max=5.09382913902e-05 vm_max=637013961.514 laser_center=[0.05357143 0.00083333 0.003     ] laser_switch=1 effective_power=30.225 vtk=
global_step=288 mode=scan layer=3/13 highest_printed_layer=3 hatch=3/4 scan=7/8 front_z=0.003 active_window_cells=53050/109200 printed_cells=53050/109200 cooling_only_cells=0/109200 mechanics_current=1 mechanics_source_step=288 T_min=347.05 T_max=693.056628281 u_max=5.08422429213e-05 vm_max=636636546.618 laser_center=[0.06428571 0.00083333 0.003     ] laser_switch=1 effective_power=30.225 vtk=/home/user/work/output/amb_l0_20260731T092534Z/step_000288_scan.vtu
global_step=289 mode=scan layer=3/13 highest_printed_layer=3 hatch=3/4 scan=8/8 front_z=0.003 active_window_cells=53050/109200 printed_cells=53050/109200 cooling_only_cells=0/109200 mechanics_current=0 mechanics_source_step=288 T_min=347.05 T_max=1543.80023539 u_max=5.08422429213e-05 vm_max=636636546.618 laser_center=[0.075      0.00083333 0.003     ] laser_switch=1 effective_power=30.225 vtk=
global_step=290 mode=scan layer=3/13 highest_printed_layer=3 hatch=4/4 scan=1/8 front_z=0.003 active_window_cells=53050/109200 printed_cells=53050/109200 cooling_only_cells=0/109200 mechanics_current=0 mechanics_source_step=288 T_min=347.05 T_max=1698.12185793 u_max=5.08422429213e-05 vm_max=636636546.618 laser_center=[0.075  0.0025 0.003 ] laser_switch=1 effective_power=30.225 vtk=
global_step=291 mode=scan layer=3/13 highest_printed_layer=3 hatch=4/4 scan=2/8 front_z=0.003 active_window_cells=53050/109200 printed_cells=53050/109200 cooling_only_cells=0/109200 mechanics_current=0 mechanics_source_step=288 T_min=347.05 T_max=1297.22732824 u_max=5.08422429213e-05 vm_max=636636546.618 laser_center=[0.06428571 0.0025     0.003     ] laser_switch=1 effective_power=30.225 vtk=
global_step=292 mode=scan layer=3/13 highest_printed_layer=3 hatch=4/4 scan=3/8 front_z=0.003 active_window_cells=53050/109200 printed_cells=53050/109200 cooling_only_cells=0/109200 mechanics_current=0 mechanics_source_step=288 T_min=347.05 T_max=1442.15374903 u_max=5.08422429213e-05 vm_max=636636546.618 laser_center=[0.05357143 0.0025     0.003     ] laser_switch=1 effective_power=30.225 vtk=
global_step=293 mode=scan layer=3/13 highest_printed_layer=3 hatch=4/4 scan=4/8 front_z=0.003 active_window_cells=53050/109200 printed_cells=53050/109200 cooling_only_cells=0/109200 mechanics_current=0 mechanics_source_step=288 T_min=347.05 T_max=1372.24032691 u_max=5.08422429213e-05 vm_max=636636546.618 laser_center=[0.04285714 0.0025     0.003     ] laser_switch=1 effective_power=30.225 vtk=
global_step=294 mode=scan layer=3/13 highest_printed_layer=3 hatch=4/4 scan=5/8 front_z=0.003 active_window_cells=53050/109200 printed_cells=53050/109200 cooling_only_cells=0/109200 mechanics_current=0 mechanics_source_step=288 T_min=347.05 T_max=1371.40647039 u_max=5.08422429213e-05 vm_max=636636546.618 laser_center=[0.03214286 0.0025     0.003     ] laser_switch=1 effective_power=30.225 vtk=
global_step=295 mode=scan layer=3/13 highest_printed_layer=3 hatch=4/4 scan=6/8 front_z=0.003 active_window_cells=53050/109200 printed_cells=53050/109200 cooling_only_cells=0/109200 mechanics_current=1 mechanics_source_step=295 T_min=347.05 T_max=1671.28477818 u_max=7.08682439137e-05 vm_max=636788022.735 laser_center=[0.02142857 0.0025     0.003     ] laser_switch=1 effective_power=30.225 vtk=/home/user/work/output/amb_l0_20260731T092534Z/step_000295_scan.vtu
global_step=296 mode=scan layer=3/13 highest_printed_layer=3 hatch=4/4 scan=7/8 front_z=0.003 active_window_cells=53050/109200 printed_cells=53050/109200 cooling_only_cells=0/109200 mechanics_current=0 mechanics_source_step=295 T_min=347.05 T_max=1403.86098459 u_max=7.08682439137e-05 vm_max=636788022.735 laser_center=[0.01071429 0.0025     0.003     ] laser_switch=1 effective_power=30.225 vtk=
global_step=297 mode=scan layer=3/13 highest_printed_layer=3 hatch=4/4 scan=8/8 front_z=0.003 active_window_cells=53050/109200 printed_cells=53050/109200 cooling_only_cells=0/109200 mechanics_current=0 mechanics_source_step=295 T_min=347.05 T_max=1510.91860116 u_max=7.08682439137e-05 vm_max=636788022.735 laser_center=[0.     0.0025 0.003 ] laser_switch=1 effective_power=30.225 vtk=
global_step=298 mode=layer_dwell layer=3/13 highest_printed_layer=3 hatch=4/4 scan=8/8 front_z=0.003 active_window_cells=53050/109200 printed_cells=53050/109200 cooling_only_cells=0/109200 mechanics_current=0 mechanics_source_step=295 T_min=347.05 T_max=495.929740634 u_max=7.08682439137e-05 vm_max=636788022.735 laser_center=[0.     0.0025 0.003 ] laser_switch=0 effective_power=0 vtk=
global_step=299 mode=layer_dwell layer=3/13 highest_printed_layer=3 hatch=4/4 scan=8/8 front_z=0.003 active_window_cells=53050/109200 printed_cells=53050/109200 cooling_only_cells=0/109200 mechanics_current=0 mechanics_source_step=295 T_min=347.05 T_max=403.233381441 u_max=7.08682439137e-05 vm_max=636788022.735 laser_center=[0.     0.0025 0.003 ] laser_switch=0 effective_power=0 vtk=
global_step=300 mode=layer_dwell layer=3/13 highest_printed_layer=3 hatch=4/4 scan=8/8 front_z=0.003 active_window_cells=53050/109200 printed_cells=53050/109200 cooling_only_cells=0/109200 mechanics_current=0 mechanics_source_step=295 T_min=347.05 T_max=382.554391147 u_max=7.08682439137e-05 vm_max=636788022.735 laser_center=[0.     0.0025 0.003 ] laser_switch=0 effective_power=0 vtk=
global_step=301 mode=layer_dwell layer=3/13 highest_printed_layer=3 hatch=4/4 scan=8/8 front_z=0.003 active_window_cells=53050/109200 printed_cells=53050/109200 cooling_only_cells=0/109200 mechanics_current=0 mechanics_source_step=295 T_min=347.05 T_max=376.817300218 u_max=7.08682439137e-05 vm_max=636788022.735 laser_center=[0.     0.0025 0.003 ] laser_switch=0 effective_power=0 vtk=
global_step=302 mode=layer_dwell layer=3/13 highest_printed_layer=3 hatch=4/4 scan=8/8 front_z=0.003 active_window_cells=53050/109200 printed_cells=53050/109200 cooling_only_cells=0/109200 mechanics_current=0 mechanics_source_step=295 T_min=347.05 T_max=373.842944246 u_max=7.08682439137e-05 vm_max=636788022.735 laser_center=[0.     0.0025 0.003 ] laser_switch=0 effective_power=0 vtk=
global_step=303 mode=layer_dwell layer=3/13 highest_printed_layer=3 hatch=4/4 scan=8/8 front_z=0.003 active_window_cells=53050/109200 printed_cells=53050/109200 cooling_only_cells=0/109200 mechanics_current=0 mechanics_source_step=295 T_min=347.05 T_max=370.997079628 u_max=7.08682439137e-05 vm_max=636788022.735 laser_center=[0.     0.0025 0.003 ] laser_switch=0 effective_power=0 vtk=
global_step=304 mode=layer_dwell layer=3/13 highest_printed_layer=3 hatch=4/4 scan=8/8 front_z=0.003 active_window_cells=53050/109200 printed_cells=53050/109200 cooling_only_cells=0/109200 mechanics_current=1 mechanics_source_step=304 T_min=347.05 T_max=368.250596694 u_max=5.15837177543e-05 vm_max=638774917.161 laser_center=[0.     0.0025 0.003 ] laser_switch=0 effective_power=0 vtk=/home/user/work/output/amb_l0_20260731T092534Z/step_000304_layer_dwell.vtu
global_step=305 mode=layer_dwell layer=3/13 highest_printed_layer=3 hatch=4/4 scan=8/8 front_z=0.003 active_window_cells=53050/109200 printed_cells=53050/109200 cooling_only_cells=0/109200 mechanics_current=0 mechanics_source_step=304 T_min=347.05 T_max=365.69572145 u_max=5.15837177543e-05 vm_max=638774917.161 laser_center=[0.     0.0025 0.003 ] laser_switch=0 effective_power=0 vtk=
global_step=306 mode=layer_dwell layer=3/13 highest_printed_layer=3 hatch=4/4 scan=8/8 front_z=0.003 active_window_cells=53050/109200 printed_cells=53050/109200 cooling_only_cells=0/109200 mechanics_current=0 mechanics_source_step=304 T_min=347.05 T_max=363.396346124 u_max=5.15837177543e-05 vm_max=638774917.161 laser_center=[0.     0.0025 0.003 ] laser_switch=0 effective_power=0 vtk=
global_step=307 mode=layer_dwell layer=3/13 highest_printed_layer=3 hatch=4/4 scan=8/8 front_z=0.003 active_window_cells=53050/109200 printed_cells=53050/109200 cooling_only_cells=0/109200 mechanics_current=0 mechanics_source_step=304 T_min=347.05 T_max=361.343096698 u_max=5.15837177543e-05 vm_max=638774917.161 laser_center=[0.     0.0025 0.003 ] laser_switch=0 effective_power=0 vtk=
global_step=308 mode=layer_dwell layer=3/13 highest_printed_layer=3 hatch=4/4 scan=8/8 front_z=0.003 active_window_cells=53050/109200 printed_cells=53050/109200 cooling_only_cells=0/109200 mechanics_current=0 mechanics_source_step=304 T_min=347.05 T_max=359.522405117 u_max=5.15837177543e-05 vm_max=638774917.161 laser_center=[0.     0.0025 0.003 ] laser_switch=0 effective_power=0 vtk=
global_step=309 mode=layer_dwell layer=3/13 highest_printed_layer=3 hatch=4/4 scan=8/8 front_z=0.003 active_window_cells=53050/109200 printed_cells=53050/109200 cooling_only_cells=0/109200 mechanics_current=0 mechanics_source_step=304 T_min=347.05 T_max=357.919497066 u_max=5.15837177543e-05 vm_max=638774917.161 laser_center=[0.     0.0025 0.003 ] laser_switch=0 effective_power=0 vtk=
global_step=310 mode=layer_dwell layer=3/13 highest_printed_layer=3 hatch=4/4 scan=8/8 front_z=0.003 active_window_cells=53050/109200 printed_cells=53050/109200 cooling_only_cells=0/109200 mechanics_current=0 mechanics_source_step=304 T_min=347.05 T_max=356.516330196 u_max=5.15837177543e-05 vm_max=638774917.161 laser_center=[0.     0.0025 0.003 ] laser_switch=0 effective_power=0 vtk=
global_step=311 mode=layer_dwell layer=3/13 highest_printed_layer=3 hatch=4/4 scan=8/8 front_z=0.003 active_window_cells=53050/109200 printed_cells=53050/109200 cooling_only_cells=0/109200 mechanics_current=0 mechanics_source_step=304 T_min=347.05 T_max=355.290967502 u_max=5.15837177543e-05 vm_max=638774917.161 laser_center=[0.     0.0025 0.003 ] laser_switch=0 effective_power=0 vtk=
global_step=312 mode=layer_dwell layer=3/13 highest_printed_layer=3 hatch=4/4 scan=8/8 front_z=0.003 active_window_cells=53050/109200 printed_cells=53050/109200 cooling_only_cells=0/109200 mechanics_current=0 mechanics_source_step=304 T_min=347.05 T_max=354.223117545 u_max=5.15837177543e-05 vm_max=638774917.161 laser_center=[0.     0.0025 0.003 ] laser_switch=0 effective_power=0 vtk=
global_step=313 mode=layer_dwell layer=3/13 highest_printed_layer=3 hatch=4/4 scan=8/8 front_z=0.003 active_window_cells=53050/109200 printed_cells=53050/109200 cooling_only_cells=0/109200 mechanics_current=0 mechanics_source_step=304 T_min=347.05 T_max=353.294032764 u_max=5.15837177543e-05 vm_max=638774917.161 laser_center=[0.     0.0025 0.003 ] laser_switch=0 effective_power=0 vtk=
global_step=314 mode=layer_dwell layer=3/13 highest_printed_layer=3 hatch=4/4 scan=8/8 front_z=0.003 active_window_cells=53050/109200 printed_cells=53050/109200 cooling_only_cells=0/109200 mechanics_current=0 mechanics_source_step=304 T_min=347.05 T_max=352.485685661 u_max=5.15837177543e-05 vm_max=638774917.161 laser_center=[0.     0.0025 0.003 ] laser_switch=0 effective_power=0 vtk=
global_step=315 mode=layer_dwell layer=3/13 highest_printed_layer=3 hatch=4/4 scan=8/8 front_z=0.003 active_window_cells=53050/109200 printed_cells=53050/109200 cooling_only_cells=0/109200 mechanics_current=0 mechanics_source_step=304 T_min=347.05 T_max=351.783131201 u_max=5.15837177543e-05 vm_max=638774917.161 laser_center=[0.     0.0025 0.003 ] laser_switch=0 effective_power=0 vtk=
global_step=316 mode=layer_dwell layer=3/13 highest_printed_layer=3 hatch=4/4 scan=8/8 front_z=0.003 active_window_cells=53050/109200 printed_cells=53050/109200 cooling_only_cells=0/109200 mechanics_current=0 mechanics_source_step=304 T_min=347.05 T_max=351.172210021 u_max=5.15837177543e-05 vm_max=638774917.161 laser_center=[0.     0.0025 0.003 ] laser_switch=0 effective_power=0 vtk=
global_step=317 mode=layer_dwell layer=3/13 highest_printed_layer=3 hatch=4/4 scan=8/8 front_z=0.003 active_window_cells=53050/109200 printed_cells=53050/109200 cooling_only_cells=0/109200 mechanics_current=0 mechanics_source_step=304 T_min=347.05 T_max=350.641210401 u_max=5.15837177543e-05 vm_max=638774917.161 laser_center=[0.     0.0025 0.003 ] laser_switch=0 effective_power=0 vtk=
global_step=318 mode=layer_dwell layer=3/13 highest_printed_layer=3 hatch=4/4 scan=8/8 front_z=0.003 active_window_cells=53050/109200 printed_cells=53050/109200 cooling_only_cells=0/109200 mechanics_current=0 mechanics_source_step=304 T_min=347.05 T_max=350.179418006 u_max=5.15837177543e-05 vm_max=638774917.161 laser_center=[0.     0.0025 0.003 ] laser_switch=0 effective_power=0 vtk=
global_step=319 mode=layer_dwell layer=3/13 highest_printed_layer=3 hatch=4/4 scan=8/8 front_z=0.003 active_window_cells=53050/109200 printed_cells=53050/109200 cooling_only_cells=0/109200 mechanics_current=0 mechanics_source_step=304 T_min=347.05 T_max=349.783650552 u_max=5.15837177543e-05 vm_max=638774917.161 laser_center=[0.     0.0025 0.003 ] laser_switch=0 effective_power=0 vtk=
global_step=320 mode=layer_dwell layer=3/13 highest_printed_layer=3 hatch=4/4 scan=8/8 front_z=0.003 active_window_cells=53050/109200 printed_cells=53050/109200 cooling_only_cells=0/109200 mechanics_current=1 mechanics_source_step=320 T_min=347.05 T_max=349.461540662 u_max=5.18087102378e-05 vm_max=641765453.946 laser_center=[0.     0.0025 0.003 ] laser_switch=0 effective_power=0 vtk=/home/user/work/output/amb_l0_20260731T092534Z/step_000320_layer_dwell.vtu
global_step=321 mode=layer_dwell layer=3/13 highest_printed_layer=3 hatch=4/4 scan=8/8 front_z=0.003 active_window_cells=53050/109200 printed_cells=53050/109200 cooling_only_cells=0/109200 mechanics_current=0 mechanics_source_step=320 T_min=347.05 T_max=349.177653886 u_max=5.18087102378e-05 vm_max=641765453.946 laser_center=[0.     0.0025 0.003 ] laser_switch=0 effective_power=0 vtk=
global_step=322 mode=layer_dwell layer=3/13 highest_printed_layer=3 hatch=4/4 scan=8/8 front_z=0.003 active_window_cells=53050/109200 printed_cells=53050/109200 cooling_only_cells=0/109200 mechanics_current=0 mechanics_source_step=320 T_min=347.05 T_max=348.927401907 u_max=5.18087102378e-05 vm_max=641765453.946 laser_center=[0.     0.0025 0.003 ] laser_switch=0 effective_power=0 vtk=
global_step=323 mode=layer_dwell layer=3/13 highest_printed_layer=3 hatch=4/4 scan=8/8 front_z=0.003 active_window_cells=53050/109200 printed_cells=53050/109200 cooling_only_cells=0/109200 mechanics_current=0 mechanics_source_step=320 T_min=347.05 T_max=348.706757442 u_max=5.18087102378e-05 vm_max=641765453.946 laser_center=[0.     0.0025 0.003 ] laser_switch=0 effective_power=0 vtk=
global_step=324 mode=layer_dwell layer=3/13 highest_printed_layer=3 hatch=4/4 scan=8/8 front_z=0.003 active_window_cells=53050/109200 printed_cells=53050/109200 cooling_only_cells=0/109200 mechanics_current=0 mechanics_source_step=320 T_min=347.05 T_max=348.512183661 u_max=5.18087102378e-05 vm_max=641765453.946 laser_center=[0.     0.0025 0.003 ] laser_switch=0 effective_power=0 vtk=
global_step=325 mode=layer_dwell layer=3/13 highest_printed_layer=3 hatch=4/4 scan=8/8 front_z=0.003 active_window_cells=53050/109200 printed_cells=53050/109200 cooling_only_cells=0/109200 mechanics_current=0 mechanics_source_step=320 T_min=347.05 T_max=348.340572865 u_max=5.18087102378e-05 vm_max=641765453.946 laser_center=[0.     0.0025 0.003 ] laser_switch=0 effective_power=0 vtk=
global_step=326 mode=layer_dwell layer=3/13 highest_printed_layer=3 hatch=4/4 scan=8/8 front_z=0.003 active_window_cells=53050/109200 printed_cells=53050/109200 cooling_only_cells=0/109200 mechanics_current=0 mechanics_source_step=320 T_min=347.05 T_max=348.189193125 u_max=5.18087102378e-05 vm_max=641765453.946 laser_center=[0.     0.0025 0.003 ] laser_switch=0 effective_power=0 vtk=
global_step=327 mode=layer_dwell layer=3/13 highest_printed_layer=3 hatch=4/4 scan=8/8 front_z=0.003 active_window_cells=53050/109200 printed_cells=53050/109200 cooling_only_cells=0/109200 mechanics_current=0 mechanics_source_step=320 T_min=347.05 T_max=348.055641807 u_max=5.18087102378e-05 vm_max=641765453.946 laser_center=[0.     0.0025 0.003 ] laser_switch=0 effective_power=0 vtk=
global_step=328 mode=layer_dwell layer=3/13 highest_printed_layer=3 hatch=4/4 scan=8/8 front_z=0.003 active_window_cells=53050/109200 printed_cells=53050/109200 cooling_only_cells=0/109200 mechanics_current=0 mechanics_source_step=320 T_min=347.05 T_max=347.937805047 u_max=5.18087102378e-05 vm_max=641765453.946 laser_center=[0.     0.0025 0.003 ] laser_switch=0 effective_power=0 vtk=
global_step=329 mode=layer_dwell layer=3/13 highest_printed_layer=3 hatch=4/4 scan=8/8 front_z=0.003 active_window_cells=53050/109200 printed_cells=53050/109200 cooling_only_cells=0/109200 mechanics_current=0 mechanics_source_step=320 T_min=347.05 T_max=347.833822372 u_max=5.18087102378e-05 vm_max=641765453.946 laser_center=[0.     0.0025 0.003 ] laser_switch=0 effective_power=0 vtk=
global_step=330 mode=layer_dwell layer=3/13 highest_printed_layer=3 hatch=4/4 scan=8/8 front_z=0.003 active_window_cells=53050/109200 printed_cells=53050/109200 cooling_only_cells=0/109200 mechanics_current=0 mechanics_source_step=320 T_min=347.05 T_max=347.742055791 u_max=5.18087102378e-05 vm_max=641765453.946 laser_center=[0.     0.0025 0.003 ] laser_switch=0 effective_power=0 vtk=
global_step=331 mode=layer_dwell layer=3/13 highest_printed_layer=3 hatch=4/4 scan=8/8 front_z=0.003 active_window_cells=53050/109200 printed_cells=53050/109200 cooling_only_cells=0/109200 mechanics_current=0 mechanics_source_step=320 T_min=347.05 T_max=347.661062756 u_max=5.18087102378e-05 vm_max=641765453.946 laser_center=[0.     0.0025 0.003 ] laser_switch=0 effective_power=0 vtk=
global_step=332 mode=layer_dwell layer=3/13 highest_printed_layer=3 hatch=4/4 scan=8/8 front_z=0.003 active_window_cells=53050/109200 printed_cells=53050/109200 cooling_only_cells=0/109200 mechanics_current=0 mechanics_source_step=320 T_min=347.05 T_max=347.589572499 u_max=5.18087102378e-05 vm_max=641765453.946 laser_center=[0.     0.0025 0.003 ] laser_switch=0 effective_power=0 vtk=
global_step=333 mode=layer_dwell layer=3/13 highest_printed_layer=3 hatch=4/4 scan=8/8 front_z=0.003 active_window_cells=53050/109200 printed_cells=53050/109200 cooling_only_cells=0/109200 mechanics_current=0 mechanics_source_step=320 T_min=347.05 T_max=347.526465296 u_max=5.18087102378e-05 vm_max=641765453.946 laser_center=[0.     0.0025 0.003 ] laser_switch=0 effective_power=0 vtk=
global_step=334 mode=layer_dwell layer=3/13 highest_printed_layer=3 hatch=4/4 scan=8/8 front_z=0.003 active_window_cells=53050/109200 printed_cells=53050/109200 cooling_only_cells=0/109200 mechanics_current=0 mechanics_source_step=320 T_min=347.05 T_max=347.470754291 u_max=5.18087102378e-05 vm_max=641765453.946 laser_center=[0.     0.0025 0.003 ] laser_switch=0 effective_power=0 vtk=
global_step=335 mode=layer_dwell layer=3/13 highest_printed_layer=3 hatch=4/4 scan=8/8 front_z=0.003 active_window_cells=53050/109200 printed_cells=53050/109200 cooling_only_cells=0/109200 mechanics_current=0 mechanics_source_step=320 T_min=347.05 T_max=347.421569552 u_max=5.18087102378e-05 vm_max=641765453.946 laser_center=[0.     0.0025 0.003 ] laser_switch=0 effective_power=0 vtk=
global_step=336 mode=layer_dwell layer=3/13 highest_printed_layer=3 hatch=4/4 scan=8/8 front_z=0.003 active_window_cells=53050/109200 printed_cells=53050/109200 cooling_only_cells=0/109200 mechanics_current=1 mechanics_source_step=336 T_min=347.05 T_max=347.37814407 u_max=5.1827077701e-05 vm_max=641983270.788 laser_center=[0.     0.0025 0.003 ] laser_switch=0 effective_power=0 vtk=/home/user/work/output/amb_l0_20260731T092534Z/step_000336_layer_dwell.vtu
global_step=337 mode=layer_dwell layer=3/13 highest_printed_layer=3 hatch=4/4 scan=8/8 front_z=0.003 active_window_cells=53050/109200 printed_cells=53050/109200 cooling_only_cells=0/109200 mechanics_current=0 mechanics_source_step=336 T_min=347.05 T_max=347.339801469 u_max=5.1827077701e-05 vm_max=641983270.788 laser_center=[0.     0.0025 0.003 ] laser_switch=0 effective_power=0 vtk=
global_step=338 mode=layer_dwell layer=3/13 highest_printed_layer=3 hatch=4/4 scan=8/8 front_z=0.003 active_window_cells=53050/109200 printed_cells=53050/109200 cooling_only_cells=0/109200 mechanics_current=0 mechanics_source_step=336 T_min=347.05 T_max=347.3059452 u_max=5.1827077701e-05 vm_max=641983270.788 laser_center=[0.     0.0025 0.003 ] laser_switch=0 effective_power=0 vtk=
global_step=339 mode=layer_dwell layer=3/13 highest_printed_layer=3 hatch=4/4 scan=8/8 front_z=0.003 active_window_cells=53050/109200 printed_cells=53050/109200 cooling_only_cells=0/109200 mechanics_current=0 mechanics_source_step=336 T_min=347.05 T_max=347.276049045 u_max=5.1827077701e-05 vm_max=641983270.788 laser_center=[0.     0.0025 0.003 ] laser_switch=0 effective_power=0 vtk=
global_step=340 mode=layer_dwell layer=3/13 highest_printed_layer=3 hatch=4/4 scan=8/8 front_z=0.003 active_window_cells=53050/109200 printed_cells=53050/109200 cooling_only_cells=0/109200 mechanics_current=0 mechanics_source_step=336 T_min=347.05 T_max=347.249648763 u_max=5.1827077701e-05 vm_max=641983270.788 laser_center=[0.     0.0025 0.003 ] laser_switch=0 effective_power=0 vtk=
global_step=341 mode=layer_dwell layer=3/13 highest_printed_layer=3 hatch=4/4 scan=8/8 front_z=0.003 active_window_cells=53050/109200 printed_cells=53050/109200 cooling_only_cells=0/109200 mechanics_current=0 mechanics_source_step=336 T_min=347.05 T_max=347.226334744 u_max=5.1827077701e-05 vm_max=641983270.788 laser_center=[0.     0.0025 0.003 ] laser_switch=0 effective_power=0 vtk=
global_step=342 mode=layer_dwell layer=3/13 highest_printed_layer=3 hatch=4/4 scan=8/8 front_z=0.003 active_window_cells=53050/109200 printed_cells=53050/109200 cooling_only_cells=0/109200 mechanics_current=0 mechanics_source_step=336 T_min=347.05 T_max=347.205745536 u_max=5.1827077701e-05 vm_max=641983270.788 laser_center=[0.     0.0025 0.003 ] laser_switch=0 effective_power=0 vtk=
global_step=343 mode=layer_dwell layer=3/13 highest_printed_layer=3 hatch=4/4 scan=8/8 front_z=0.003 active_window_cells=53050/109200 printed_cells=53050/109200 cooling_only_cells=0/109200 mechanics_current=0 mechanics_source_step=336 T_min=347.05 T_max=347.18788317 u_max=5.1827077701e-05 vm_max=641983270.788 laser_center=[0.     0.0025 0.003 ] laser_switch=0 effective_power=0 vtk=
global_step=344 mode=layer_dwell layer=3/13 highest_printed_layer=3 hatch=4/4 scan=8/8 front_z=0.003 active_window_cells=53050/109200 printed_cells=53050/109200 cooling_only_cells=0/109200 mechanics_current=0 mechanics_source_step=336 T_min=347.05 T_max=347.173492185 u_max=5.1827077701e-05 vm_max=641983270.788 laser_center=[0.     0.0025 0.003 ] laser_switch=0 effective_power=0 vtk=
global_step=345 mode=layer_dwell layer=3/13 highest_printed_layer=3 hatch=4/4 scan=8/8 front_z=0.003 active_window_cells=53050/109200 printed_cells=53050/109200 cooling_only_cells=0/109200 mechanics_current=0 mechanics_source_step=336 T_min=347.05 T_max=347.160581508 u_max=5.1827077701e-05 vm_max=641983270.788 laser_center=[0.     0.0025 0.003 ] laser_switch=0 effective_power=0 vtk=
global_step=346 mode=layer_dwell layer=3/13 highest_printed_layer=3 hatch=4/4 scan=8/8 front_z=0.003 active_window_cells=53050/109200 printed_cells=53050/109200 cooling_only_cells=0/109200 mechanics_current=0 mechanics_source_step=336 T_min=347.05 T_max=347.149002156 u_max=5.1827077701e-05 vm_max=641983270.788 laser_center=[0.     0.0025 0.003 ] laser_switch=0 effective_power=0 vtk=
global_step=347 mode=layer_dwell layer=3/13 highest_printed_layer=3 hatch=4/4 scan=8/8 front_z=0.003 active_window_cells=53050/109200 printed_cells=53050/109200 cooling_only_cells=0/109200 mechanics_current=0 mechanics_source_step=336 T_min=347.05 T_max=347.138619624 u_max=5.1827077701e-05 vm_max=641983270.788 laser_center=[0.     0.0025 0.003 ] laser_switch=0 effective_power=0 vtk=
global_step=348 mode=layer_dwell layer=3/13 highest_printed_layer=3 hatch=4/4 scan=8/8 front_z=0.003 active_window_cells=53050/109200 printed_cells=53050/109200 cooling_only_cells=0/109200 mechanics_current=0 mechanics_source_step=336 T_min=347.05 T_max=347.129312564 u_max=5.1827077701e-05 vm_max=641983270.788 laser_center=[0.     0.0025 0.003 ] laser_switch=0 effective_power=0 vtk=
global_step=349 mode=layer_dwell layer=3/13 highest_printed_layer=3 hatch=4/4 scan=8/8 front_z=0.003 active_window_cells=53050/109200 printed_cells=53050/109200 cooling_only_cells=0/109200 mechanics_current=0 mechanics_source_step=336 T_min=347.05 T_max=347.120971568 u_max=5.1827077701e-05 vm_max=641983270.788 laser_center=[0.     0.0025 0.003 ] laser_switch=0 effective_power=0 vtk=
global_step=350 mode=layer_dwell layer=3/13 highest_printed_layer=3 hatch=4/4 scan=8/8 front_z=0.003 active_window_cells=53050/109200 printed_cells=53050/109200 cooling_only_cells=0/109200 mechanics_current=0 mechanics_source_step=336 T_min=347.05 T_max=347.113498053 u_max=5.1827077701e-05 vm_max=641983270.788 laser_center=[0.     0.0025 0.003 ] laser_switch=0 effective_power=0 vtk=
global_step=351 mode=layer_dwell layer=3/13 highest_printed_layer=3 hatch=4/4 scan=8/8 front_z=0.003 active_window_cells=53050/109200 printed_cells=53050/109200 cooling_only_cells=0/109200 mechanics_current=0 mechanics_source_step=336 T_min=347.05 T_max=347.106803235 u_max=5.1827077701e-05 vm_max=641983270.788 laser_center=[0.     0.0025 0.003 ] laser_switch=0 effective_power=0 vtk=
global_step=352 mode=layer_dwell layer=3/13 highest_printed_layer=3 hatch=4/4 scan=8/8 front_z=0.003 active_window_cells=53050/109200 printed_cells=53050/109200 cooling_only_cells=0/109200 mechanics_current=1 mechanics_source_step=352 T_min=347.05 T_max=347.100807199 u_max=5.18293673209e-05 vm_max=641998446.369 laser_center=[0.     0.0025 0.003 ] laser_switch=0 effective_power=0 vtk=/home/user/work/output/amb_l0_20260731T092534Z/step_000352_layer_dwell.vtu
global_step=353 mode=layer_dwell layer=3/13 highest_printed_layer=3 hatch=4/4 scan=8/8 front_z=0.003 active_window_cells=53050/109200 printed_cells=53050/109200 cooling_only_cells=0/109200 mechanics_current=0 mechanics_source_step=352 T_min=347.05 T_max=347.095438047 u_max=5.18293673209e-05 vm_max=641998446.369 laser_center=[0.     0.0025 0.003 ] laser_switch=0 effective_power=0 vtk=
global_step=354 mode=layer_dwell layer=3/13 highest_printed_layer=3 hatch=4/4 scan=8/8 front_z=0.003 active_window_cells=53050/109200 printed_cells=53050/109200 cooling_only_cells=0/109200 mechanics_current=0 mechanics_source_step=352 T_min=347.05 T_max=347.090631123 u_max=5.18293673209e-05 vm_max=641998446.369 laser_center=[0.     0.0025 0.003 ] laser_switch=0 effective_power=0 vtk=
global_step=355 mode=layer_dwell layer=3/13 highest_printed_layer=3 hatch=4/4 scan=8/8 front_z=0.003 active_window_cells=53050/109200 printed_cells=53050/109200 cooling_only_cells=0/109200 mechanics_current=0 mechanics_source_step=352 T_min=347.05 T_max=347.086328307 u_max=5.18293673209e-05 vm_max=641998446.369 laser_center=[0.     0.0025 0.003 ] laser_switch=0 effective_power=0 vtk=
global_step=356 mode=layer_dwell layer=3/13 highest_printed_layer=3 hatch=4/4 scan=8/8 front_z=0.003 active_window_cells=53050/109200 printed_cells=53050/109200 cooling_only_cells=0/109200 mechanics_current=0 mechanics_source_step=352 T_min=347.05 T_max=347.082477373 u_max=5.18293673209e-05 vm_max=641998446.369 laser_center=[0.     0.0025 0.003 ] laser_switch=0 effective_power=0 vtk=
global_step=357 mode=layer_dwell layer=3/13 highest_printed_layer=3 hatch=4/4 scan=8/8 front_z=0.003 active_window_cells=53050/109200 printed_cells=53050/109200 cooling_only_cells=0/109200 mechanics_current=0 mechanics_source_step=352 T_min=347.05 T_max=347.079031412 u_max=5.18293673209e-05 vm_max=641998446.369 laser_center=[0.     0.0025 0.003 ] laser_switch=0 effective_power=0 vtk=
global_step=358 mode=layer_dwell layer=3/13 highest_printed_layer=3 hatch=4/4 scan=8/8 front_z=0.003 active_window_cells=53050/109200 printed_cells=53050/109200 cooling_only_cells=0/109200 mechanics_current=0 mechanics_source_step=352 T_min=347.05 T_max=347.075948304 u_max=5.18293673209e-05 vm_max=641998446.369 laser_center=[0.     0.0025 0.003 ] laser_switch=0 effective_power=0 vtk=
global_step=359 mode=layer_dwell layer=3/13 highest_printed_layer=3 hatch=4/4 scan=8/8 front_z=0.003 active_window_cells=53050/109200 printed_cells=53050/109200 cooling_only_cells=0/109200 mechanics_current=0 mechanics_source_step=352 T_min=347.05 T_max=347.073190239 u_max=5.18293673209e-05 vm_max=641998446.369 laser_center=[0.     0.0025 0.003 ] laser_switch=0 effective_power=0 vtk=
global_step=360 mode=layer_dwell layer=3/13 highest_printed_layer=3 hatch=4/4 scan=8/8 front_z=0.003 active_window_cells=53050/109200 printed_cells=53050/109200 cooling_only_cells=0/109200 mechanics_current=0 mechanics_source_step=352 T_min=347.05 T_max=347.070723291 u_max=5.18293673209e-05 vm_max=641998446.369 laser_center=[0.     0.0025 0.003 ] laser_switch=0 effective_power=0 vtk=
global_step=361 mode=layer_dwell layer=3/13 highest_printed_layer=3 hatch=4/4 scan=8/8 front_z=0.003 active_window_cells=53050/109200 printed_cells=53050/109200 cooling_only_cells=0/109200 mechanics_current=0 mechanics_source_step=352 T_min=347.05 T_max=347.068517023 u_max=5.18293673209e-05 vm_max=641998446.369 laser_center=[0.     0.0025 0.003 ] laser_switch=0 effective_power=0 vtk=
global_step=362 mode=layer_dwell layer=3/13 highest_printed_layer=3 hatch=4/4 scan=8/8 front_z=0.003 active_window_cells=53050/109200 printed_cells=53050/109200 cooling_only_cells=0/109200 mechanics_current=0 mechanics_source_step=352 T_min=347.05 T_max=347.066544139 u_max=5.18293673209e-05 vm_max=641998446.369 laser_center=[0.     0.0025 0.003 ] laser_switch=0 effective_power=0 vtk=
global_step=363 mode=layer_dwell layer=3/13 highest_printed_layer=3 hatch=4/4 scan=8/8 front_z=0.003 active_window_cells=53050/109200 printed_cells=53050/109200 cooling_only_cells=0/109200 mechanics_current=0 mechanics_source_step=352 T_min=347.05 T_max=347.064780164 u_max=5.18293673209e-05 vm_max=641998446.369 laser_center=[0.     0.0025 0.003 ] laser_switch=0 effective_power=0 vtk=
global_step=364 mode=layer_dwell layer=3/13 highest_printed_layer=3 hatch=4/4 scan=8/8 front_z=0.003 active_window_cells=53050/109200 printed_cells=53050/109200 cooling_only_cells=0/109200 mechanics_current=0 mechanics_source_step=352 T_min=347.05 T_max=347.06320316 u_max=5.18293673209e-05 vm_max=641998446.369 laser_center=[0.     0.0025 0.003 ] laser_switch=0 effective_power=0 vtk=
global_step=365 mode=layer_dwell layer=3/13 highest_printed_layer=3 hatch=4/4 scan=8/8 front_z=0.003 active_window_cells=53050/109200 printed_cells=53050/109200 cooling_only_cells=0/109200 mechanics_current=0 mechanics_source_step=352 T_min=347.05 T_max=347.061793465 u_max=5.18293673209e-05 vm_max=641998446.369 laser_center=[0.     0.0025 0.003 ] laser_switch=0 effective_power=0 vtk=
global_step=366 mode=layer_dwell layer=3/13 highest_printed_layer=3 hatch=4/4 scan=8/8 front_z=0.003 active_window_cells=53050/109200 printed_cells=53050/109200 cooling_only_cells=0/109200 mechanics_current=0 mechanics_source_step=352 T_min=347.05 T_max=347.060533463 u_max=5.18293673209e-05 vm_max=641998446.369 laser_center=[0.     0.0025 0.003 ] laser_switch=0 effective_power=0 vtk=
global_step=367 mode=layer_dwell layer=3/13 highest_printed_layer=3 hatch=4/4 scan=8/8 front_z=0.003 active_window_cells=53050/109200 printed_cells=53050/109200 cooling_only_cells=0/109200 mechanics_current=0 mechanics_source_step=352 T_min=347.05 T_max=347.059407374 u_max=5.18293673209e-05 vm_max=641998446.369 laser_center=[0.     0.0025 0.003 ] laser_switch=0 effective_power=0 vtk=
global_step=368 mode=layer_dwell layer=3/13 highest_printed_layer=3 hatch=4/4 scan=8/8 front_z=0.003 active_window_cells=53050/109200 printed_cells=53050/109200 cooling_only_cells=0/109200 mechanics_current=1 mechanics_source_step=368 T_min=347.05 T_max=347.058401065 u_max=5.18296708582e-05 vm_max=642000777.008 laser_center=[0.     0.0025 0.003 ] laser_switch=0 effective_power=0 vtk=/home/user/work/output/amb_l0_20260731T092534Z/step_000368_layer_dwell.vtu
global_step=369 mode=layer_dwell layer=3/13 highest_printed_layer=3 hatch=4/4 scan=8/8 front_z=0.003 active_window_cells=53050/109200 printed_cells=53050/109200 cooling_only_cells=0/109200 mechanics_current=0 mechanics_source_step=368 T_min=347.05 T_max=347.057501879 u_max=5.18296708582e-05 vm_max=642000777.008 laser_center=[0.     0.0025 0.003 ] laser_switch=0 effective_power=0 vtk=
global_step=370 mode=layer_dwell layer=3/13 highest_printed_layer=3 hatch=4/4 scan=8/8 front_z=0.003 active_window_cells=53050/109200 printed_cells=53050/109200 cooling_only_cells=0/109200 mechanics_current=0 mechanics_source_step=368 T_min=347.05 T_max=347.056698486 u_max=5.18296708582e-05 vm_max=642000777.008 laser_center=[0.     0.0025 0.003 ] laser_switch=0 effective_power=0 vtk=
global_step=371 mode=layer_dwell layer=3/13 highest_printed_layer=3 hatch=4/4 scan=8/8 front_z=0.003 active_window_cells=53050/109200 printed_cells=53050/109200 cooling_only_cells=0/109200 mechanics_current=0 mechanics_source_step=368 T_min=347.05 T_max=347.055980743 u_max=5.18296708582e-05 vm_max=642000777.008 laser_center=[0.     0.0025 0.003 ] laser_switch=0 effective_power=0 vtk=
global_step=372 mode=layer_dwell layer=3/13 highest_printed_layer=3 hatch=4/4 scan=8/8 front_z=0.003 active_window_cells=53050/109200 printed_cells=53050/109200 cooling_only_cells=0/109200 mechanics_current=0 mechanics_source_step=368 T_min=347.05 T_max=347.055339573 u_max=5.18296708582e-05 vm_max=642000777.008 laser_center=[0.     0.0025 0.003 ] laser_switch=0 effective_power=0 vtk=
global_step=373 mode=layer_dwell layer=3/13 highest_printed_layer=3 hatch=4/4 scan=8/8 front_z=0.003 active_window_cells=53050/109200 printed_cells=53050/109200 cooling_only_cells=0/109200 mechanics_current=0 mechanics_source_step=368 T_min=347.05 T_max=347.054766852 u_max=5.18296708582e-05 vm_max=642000777.008 laser_center=[0.     0.0025 0.003 ] laser_switch=0 effective_power=0 vtk=
global_step=374 mode=layer_dwell layer=3/13 highest_printed_layer=3 hatch=4/4 scan=8/8 front_z=0.003 active_window_cells=53050/109200 printed_cells=53050/109200 cooling_only_cells=0/109200 mechanics_current=0 mechanics_source_step=368 T_min=347.05 T_max=347.054255314 u_max=5.18296708582e-05 vm_max=642000777.008 laser_center=[0.     0.0025 0.003 ] laser_switch=0 effective_power=0 vtk=
global_step=375 mode=layer_dwell layer=3/13 highest_printed_layer=3 hatch=4/4 scan=8/8 front_z=0.003 active_window_cells=53050/109200 printed_cells=53050/109200 cooling_only_cells=0/109200 mechanics_current=0 mechanics_source_step=368 T_min=347.05 T_max=347.053798456 u_max=5.18296708582e-05 vm_max=642000777.008 laser_center=[0.     0.0025 0.003 ] laser_switch=0 effective_power=0 vtk=
global_step=376 mode=layer_dwell layer=3/13 highest_printed_layer=3 hatch=4/4 scan=8/8 front_z=0.003 active_window_cells=53050/109200 printed_cells=53050/109200 cooling_only_cells=0/109200 mechanics_current=0 mechanics_source_step=368 T_min=347.05 T_max=347.053390462 u_max=5.18296708582e-05 vm_max=642000777.008 laser_center=[0.     0.0025 0.003 ] laser_switch=0 effective_power=0 vtk=
global_step=377 mode=layer_dwell layer=3/13 highest_printed_layer=3 hatch=4/4 scan=8/8 front_z=0.003 active_window_cells=53050/109200 printed_cells=53050/109200 cooling_only_cells=0/109200 mechanics_current=0 mechanics_source_step=368 T_min=347.05 T_max=347.053026132 u_max=5.18296708582e-05 vm_max=642000777.008 laser_center=[0.     0.0025 0.003 ] laser_switch=0 effective_power=0 vtk=
global_step=378 mode=layer_dwell layer=3/13 highest_printed_layer=3 hatch=4/4 scan=8/8 front_z=0.003 active_window_cells=53050/109200 printed_cells=53050/109200 cooling_only_cells=0/109200 mechanics_current=0 mechanics_source_step=368 T_min=347.05 T_max=347.052700815 u_max=5.18296708582e-05 vm_max=642000777.008 laser_center=[0.     0.0025 0.003 ] laser_switch=0 effective_power=0 vtk=
global_step=379 mode=layer_dwell layer=3/13 highest_printed_layer=3 hatch=4/4 scan=8/8 front_z=0.003 active_window_cells=53050/109200 printed_cells=53050/109200 cooling_only_cells=0/109200 mechanics_current=0 mechanics_source_step=368 T_min=347.05 T_max=347.052410352 u_max=5.18296708582e-05 vm_max=642000777.008 laser_center=[0.     0.0025 0.003 ] laser_switch=0 effective_power=0 vtk=
global_step=380 mode=layer_dwell layer=3/13 highest_printed_layer=3 hatch=4/4 scan=8/8 front_z=0.003 active_window_cells=53050/109200 printed_cells=53050/109200 cooling_only_cells=0/109200 mechanics_current=0 mechanics_source_step=368 T_min=347.05 T_max=347.052151024 u_max=5.18296708582e-05 vm_max=642000777.008 laser_center=[0.     0.0025 0.003 ] laser_switch=0 effective_power=0 vtk=
global_step=381 mode=layer_dwell layer=3/13 highest_printed_layer=3 hatch=4/4 scan=8/8 front_z=0.003 active_window_cells=53050/109200 printed_cells=53050/109200 cooling_only_cells=0/109200 mechanics_current=0 mechanics_source_step=368 T_min=347.05 T_max=347.051919509 u_max=5.18296708582e-05 vm_max=642000777.008 laser_center=[0.     0.0025 0.003 ] laser_switch=0 effective_power=0 vtk=
global_step=382 mode=layer_dwell layer=3/13 highest_printed_layer=3 hatch=4/4 scan=8/8 front_z=0.003 active_window_cells=53050/109200 printed_cells=53050/109200 cooling_only_cells=0/109200 mechanics_current=0 mechanics_source_step=368 T_min=347.05 T_max=347.051712836 u_max=5.18296708582e-05 vm_max=642000777.008 laser_center=[0.     0.0025 0.003 ] laser_switch=0 effective_power=0 vtk=
global_step=383 mode=layer_dwell layer=3/13 highest_printed_layer=3 hatch=4/4 scan=8/8 front_z=0.003 active_window_cells=53050/109200 printed_cells=53050/109200 cooling_only_cells=0/109200 mechanics_current=0 mechanics_source_step=368 T_min=347.05 T_max=347.051528349 u_max=5.18296708582e-05 vm_max=642000777.008 laser_center=[0.     0.0025 0.003 ] laser_switch=0 effective_power=0 vtk=
global_step=384 mode=layer_dwell layer=3/13 highest_printed_layer=3 hatch=4/4 scan=8/8 front_z=0.003 active_window_cells=53050/109200 printed_cells=53050/109200 cooling_only_cells=0/109200 mechanics_current=1 mechanics_source_step=384 T_min=347.05 T_max=347.051363675 u_max=5.18297129252e-05 vm_max=642001139.567 laser_center=[0.     0.0025 0.003 ] laser_switch=0 effective_power=0 vtk=/home/user/work/output/amb_l0_20260731T092534Z/step_000384_layer_dwell.vtu
global_step=385 mode=layer_dwell layer=3/13 highest_printed_layer=3 hatch=4/4 scan=8/8 front_z=0.003 active_window_cells=53050/109200 printed_cells=53050/109200 cooling_only_cells=0/109200 mechanics_current=0 mechanics_source_step=384 T_min=347.05 T_max=347.051216695 u_max=5.18297129252e-05 vm_max=642001139.567 laser_center=[0.     0.0025 0.003 ] laser_switch=0 effective_power=0 vtk=
global_step=386 mode=layer_dwell layer=3/13 highest_printed_layer=3 hatch=4/4 scan=8/8 front_z=0.003 active_window_cells=53050/109200 printed_cells=53050/109200 cooling_only_cells=0/109200 mechanics_current=0 mechanics_source_step=384 T_min=347.05 T_max=347.051216695 u_max=5.18297129252e-05 vm_max=642001139.567 laser_center=[0.     0.0025 0.003 ] laser_switch=0 effective_power=0 vtk=
global_step=387 mode=layer_dwell layer=3/13 highest_printed_layer=3 hatch=4/4 scan=8/8 front_z=0.003 active_window_cells=53050/109200 printed_cells=53050/109200 cooling_only_cells=0/109200 mechanics_current=0 mechanics_source_step=384 T_min=347.05 T_max=347.051216695 u_max=5.18297129252e-05 vm_max=642001139.567 laser_center=[0.     0.0025 0.003 ] laser_switch=0 effective_power=0 vtk=
global_step=388 mode=layer_dwell layer=3/13 highest_printed_layer=3 hatch=4/4 scan=8/8 front_z=0.003 active_window_cells=53050/109200 printed_cells=53050/109200 cooling_only_cells=0/109200 mechanics_current=0 mechanics_source_step=384 T_min=347.05 T_max=347.051216695 u_max=5.18297129252e-05 vm_max=642001139.567 laser_center=[0.     0.0025 0.003 ] laser_switch=0 effective_power=0 vtk=
global_step=389 mode=layer_dwell layer=3/13 highest_printed_layer=3 hatch=4/4 scan=8/8 front_z=0.003 active_window_cells=53050/109200 printed_cells=53050/109200 cooling_only_cells=0/109200 mechanics_current=0 mechanics_source_step=384 T_min=347.05 T_max=347.051216695 u_max=5.18297129252e-05 vm_max=642001139.567 laser_center=[0.     0.0025 0.003 ] laser_switch=0 effective_power=0 vtk=
global_step=390 mode=layer_dwell layer=3/13 highest_printed_layer=3 hatch=4/4 scan=8/8 front_z=0.003 active_window_cells=53050/109200 printed_cells=53050/109200 cooling_only_cells=0/109200 mechanics_current=0 mechanics_source_step=384 T_min=347.05 T_max=347.051216695 u_max=5.18297129252e-05 vm_max=642001139.567 laser_center=[0.     0.0025 0.003 ] laser_switch=0 effective_power=0 vtk=
global_step=391 mode=layer_dwell layer=3/13 highest_printed_layer=3 hatch=4/4 scan=8/8 front_z=0.003 active_window_cells=53050/109200 printed_cells=53050/109200 cooling_only_cells=0/109200 mechanics_current=0 mechanics_source_step=384 T_min=347.05 T_max=347.051216695 u_max=5.18297129252e-05 vm_max=642001139.567 laser_center=[0.     0.0025 0.003 ] laser_switch=0 effective_power=0 vtk=
global_step=392 mode=layer_dwell layer=3/13 highest_printed_layer=3 hatch=4/4 scan=8/8 front_z=0.003 active_window_cells=53050/109200 printed_cells=53050/109200 cooling_only_cells=0/109200 mechanics_current=0 mechanics_source_step=384 T_min=347.05 T_max=347.051216695 u_max=5.18297129252e-05 vm_max=642001139.567 laser_center=[0.     0.0025 0.003 ] laser_switch=0 effective_power=0 vtk=
global_step=393 mode=layer_dwell layer=3/13 highest_printed_layer=3 hatch=4/4 scan=8/8 front_z=0.003 active_window_cells=53050/109200 printed_cells=53050/109200 cooling_only_cells=0/109200 mechanics_current=0 mechanics_source_step=384 T_min=347.05 T_max=347.051216695 u_max=5.18297129252e-05 vm_max=642001139.567 laser_center=[0.     0.0025 0.003 ] laser_switch=0 effective_power=0 vtk=
global_step=394 mode=layer_dwell layer=3/13 highest_printed_layer=3 hatch=4/4 scan=8/8 front_z=0.003 active_window_cells=53050/109200 printed_cells=53050/109200 cooling_only_cells=0/109200 mechanics_current=0 mechanics_source_step=384 T_min=347.05 T_max=347.051216695 u_max=5.18297129252e-05 vm_max=642001139.567 laser_center=[0.     0.0025 0.003 ] laser_switch=0 effective_power=0 vtk=
global_step=395 mode=layer_dwell layer=3/13 highest_printed_layer=3 hatch=4/4 scan=8/8 front_z=0.003 active_window_cells=53050/109200 printed_cells=53050/109200 cooling_only_cells=0/109200 mechanics_current=0 mechanics_source_step=384 T_min=347.05 T_max=347.051216695 u_max=5.18297129252e-05 vm_max=642001139.567 laser_center=[0.     0.0025 0.003 ] laser_switch=0 effective_power=0 vtk=
global_step=396 mode=layer_dwell layer=3/13 highest_printed_layer=3 hatch=4/4 scan=8/8 front_z=0.003 active_window_cells=53050/109200 printed_cells=53050/109200 cooling_only_cells=0/109200 mechanics_current=0 mechanics_source_step=384 T_min=347.05 T_max=347.051216695 u_max=5.18297129252e-05 vm_max=642001139.567 laser_center=[0.     0.0025 0.003 ] laser_switch=0 effective_power=0 vtk=
global_step=397 mode=layer_dwell layer=3/13 highest_printed_layer=3 hatch=4/4 scan=8/8 front_z=0.003 active_window_cells=53050/109200 printed_cells=53050/109200 cooling_only_cells=0/109200 mechanics_current=0 mechanics_source_step=384 T_min=347.05 T_max=347.051216695 u_max=5.18297129252e-05 vm_max=642001139.567 laser_center=[0.     0.0025 0.003 ] laser_switch=0 effective_power=0 vtk=
global_step=398 mode=layer_dwell layer=3/13 highest_printed_layer=3 hatch=4/4 scan=8/8 front_z=0.003 active_window_cells=53050/109200 printed_cells=53050/109200 cooling_only_cells=0/109200 mechanics_current=0 mechanics_source_step=384 T_min=347.05 T_max=347.051216695 u_max=5.18297129252e-05 vm_max=642001139.567 laser_center=[0.     0.0025 0.003 ] laser_switch=0 effective_power=0 vtk=
global_step=399 mode=scan layer=4/13 highest_printed_layer=4 hatch=1/4 scan=1/8 front_z=0.004 active_window_cells=54050/109200 printed_cells=54050/109200 cooling_only_cells=0/109200 mechanics_current=1 mechanics_source_step=399 T_min=347.05 T_max=1963.37942213 u_max=6.82141187158e-05 vm_max=587248260.322 laser_center=[ 0.     -0.0025  0.004 ] laser_switch=1 effective_power=30.225 vtk=/home/user/work/output/amb_l0_20260731T092534Z/step_000399_scan.vtu
global_step=400 mode=scan layer=4/13 highest_printed_layer=4 hatch=1/4 scan=2/8 front_z=0.004 active_window_cells=54050/109200 printed_cells=54050/109200 cooling_only_cells=0/109200 mechanics_current=1 mechanics_source_step=400 T_min=347.05 T_max=1448.99775603 u_max=5.4781111145e-05 vm_max=618664992.532 laser_center=[ 0.01071429 -0.0025      0.004     ] laser_switch=1 effective_power=30.225 vtk=/home/user/work/output/amb_l0_20260731T092534Z/step_000400_scan.vtu
global_step=401 mode=scan layer=4/13 highest_printed_layer=4 hatch=1/4 scan=3/8 front_z=0.004 active_window_cells=54050/109200 printed_cells=54050/109200 cooling_only_cells=0/109200 mechanics_current=1 mechanics_source_step=401 T_min=347.05 T_max=1736.13668933 u_max=7.64653563106e-05 vm_max=631638393.057 laser_center=[ 0.02142857 -0.0025      0.004     ] laser_switch=1 effective_power=30.225 vtk=/home/user/work/output/amb_l0_20260731T092534Z/step_000401_scan.vtu
global_step=402 mode=scan layer=4/13 highest_printed_layer=4 hatch=1/4 scan=4/8 front_z=0.004 active_window_cells=54050/109200 printed_cells=54050/109200 cooling_only_cells=0/109200 mechanics_current=0 mechanics_source_step=401 T_min=347.05 T_max=1404.17277803 u_max=7.64653563106e-05 vm_max=631638393.057 laser_center=[ 0.03214286 -0.0025      0.004     ] laser_switch=1 effective_power=30.225 vtk=
global_step=403 mode=scan layer=4/13 highest_printed_layer=4 hatch=1/4 scan=5/8 front_z=0.004 active_window_cells=54050/109200 printed_cells=54050/109200 cooling_only_cells=0/109200 mechanics_current=0 mechanics_source_step=401 T_min=347.05 T_max=1400.45873145 u_max=7.64653563106e-05 vm_max=631638393.057 laser_center=[ 0.04285714 -0.0025      0.004     ] laser_switch=1 effective_power=30.225 vtk=
global_step=404 mode=scan layer=4/13 highest_printed_layer=4 hatch=1/4 scan=6/8 front_z=0.004 active_window_cells=54050/109200 printed_cells=54050/109200 cooling_only_cells=0/109200 mechanics_current=0 mechanics_source_step=401 T_min=347.05 T_max=1480.86383827 u_max=7.64653563106e-05 vm_max=631638393.057 laser_center=[ 0.05357143 -0.0025      0.004     ] laser_switch=1 effective_power=30.225 vtk=
global_step=405 mode=scan layer=4/13 highest_printed_layer=4 hatch=1/4 scan=7/8 front_z=0.004 active_window_cells=54050/109200 printed_cells=54050/109200 cooling_only_cells=0/109200 mechanics_current=0 mechanics_source_step=401 T_min=347.05 T_max=1315.8144662 u_max=7.64653563106e-05 vm_max=631638393.057 laser_center=[ 0.06428571 -0.0025      0.004     ] laser_switch=1 effective_power=30.225 vtk=
global_step=406 mode=scan layer=4/13 highest_printed_layer=4 hatch=1/4 scan=8/8 front_z=0.004 active_window_cells=54050/109200 printed_cells=54050/109200 cooling_only_cells=0/109200 mechanics_current=0 mechanics_source_step=401 T_min=347.05 T_max=2098.24234356 u_max=7.64653563106e-05 vm_max=631638393.057 laser_center=[ 0.075  -0.0025  0.004 ] laser_switch=1 effective_power=30.225 vtk=
global_step=407 mode=scan layer=4/13 highest_printed_layer=4 hatch=2/4 scan=1/8 front_z=0.004 active_window_cells=54050/109200 printed_cells=54050/109200 cooling_only_cells=0/109200 mechanics_current=0 mechanics_source_step=401 T_min=347.05 T_max=1408.88817638 u_max=7.64653563106e-05 vm_max=631638393.057 laser_center=[ 0.075      -0.00083333  0.004     ] laser_switch=1 effective_power=30.225 vtk=
global_step=408 mode=scan layer=4/13 highest_printed_layer=4 hatch=2/4 scan=2/8 front_z=0.004 active_window_cells=54050/109200 printed_cells=54050/109200 cooling_only_cells=0/109200 mechanics_current=0 mechanics_source_step=401 T_min=347.05 T_max=711.773925803 u_max=7.64653563106e-05 vm_max=631638393.057 laser_center=[ 0.06428571 -0.00083333  0.004     ] laser_switch=1 effective_power=30.225 vtk=
global_step=409 mode=scan layer=4/13 highest_printed_layer=4 hatch=2/4 scan=3/8 front_z=0.004 active_window_cells=54050/109200 printed_cells=54050/109200 cooling_only_cells=0/109200 mechanics_current=0 mechanics_source_step=401 T_min=347.05 T_max=1143.25631597 u_max=7.64653563106e-05 vm_max=631638393.057 laser_center=[ 0.05357143 -0.00083333  0.004     ] laser_switch=1 effective_power=30.225 vtk=
global_step=410 mode=scan layer=4/13 highest_printed_layer=4 hatch=2/4 scan=4/8 front_z=0.004 active_window_cells=54050/109200 printed_cells=54050/109200 cooling_only_cells=0/109200 mechanics_current=0 mechanics_source_step=401 T_min=347.05 T_max=908.631214503 u_max=7.64653563106e-05 vm_max=631638393.057 laser_center=[ 0.04285714 -0.00083333  0.004     ] laser_switch=1 effective_power=30.225 vtk=
global_step=411 mode=scan layer=4/13 highest_printed_layer=4 hatch=2/4 scan=5/8 front_z=0.004 active_window_cells=54050/109200 printed_cells=54050/109200 cooling_only_cells=0/109200 mechanics_current=0 mechanics_source_step=401 T_min=347.05 T_max=921.029739543 u_max=7.64653563106e-05 vm_max=631638393.057 laser_center=[ 0.03214286 -0.00083333  0.004     ] laser_switch=1 effective_power=30.225 vtk=
global_step=412 mode=scan layer=4/13 highest_printed_layer=4 hatch=2/4 scan=6/8 front_z=0.004 active_window_cells=54050/109200 printed_cells=54050/109200 cooling_only_cells=0/109200 mechanics_current=1 mechanics_source_step=412 T_min=347.05 T_max=1527.35551221 u_max=8.21881801721e-05 vm_max=643437050.095 laser_center=[ 0.02142857 -0.00083333  0.004     ] laser_switch=1 effective_power=30.225 vtk=/home/user/work/output/amb_l0_20260731T092534Z/step_000412_scan.vtu
global_step=413 mode=scan layer=4/13 highest_printed_layer=4 hatch=2/4 scan=7/8 front_z=0.004 active_window_cells=54050/109200 printed_cells=54050/109200 cooling_only_cells=0/109200 mechanics_current=0 mechanics_source_step=412 T_min=347.05 T_max=933.092092105 u_max=8.21881801721e-05 vm_max=643437050.095 laser_center=[ 0.01071429 -0.00083333  0.004     ] laser_switch=1 effective_power=30.225 vtk=
global_step=414 mode=scan layer=4/13 highest_printed_layer=4 hatch=2/4 scan=8/8 front_z=0.004 active_window_cells=54050/109200 printed_cells=54050/109200 cooling_only_cells=0/109200 mechanics_current=0 mechanics_source_step=412 T_min=347.05 T_max=1389.142918 u_max=8.21881801721e-05 vm_max=643437050.095 laser_center=[ 0.         -0.00083333  0.004     ] laser_switch=1 effective_power=30.225 vtk=
global_step=415 mode=scan layer=4/13 highest_printed_layer=4 hatch=3/4 scan=1/8 front_z=0.004 active_window_cells=54050/109200 printed_cells=54050/109200 cooling_only_cells=0/109200 mechanics_current=0 mechanics_source_step=412 T_min=347.05 T_max=1219.26359896 u_max=8.21881801721e-05 vm_max=643437050.095 laser_center=[0.         0.00083333 0.004     ] laser_switch=1 effective_power=30.225 vtk=
global_step=416 mode=scan layer=4/13 highest_printed_layer=4 hatch=3/4 scan=2/8 front_z=0.004 active_window_cells=54050/109200 printed_cells=54050/109200 cooling_only_cells=0/109200 mechanics_current=1 mechanics_source_step=416 T_min=347.05 T_max=931.371000906 u_max=5.3379604592e-05 vm_max=614732065.005 laser_center=[0.01071429 0.00083333 0.004     ] laser_switch=1 effective_power=30.225 vtk=/home/user/work/output/amb_l0_20260731T092534Z/step_000416_scan.vtu
global_step=417 mode=scan layer=4/13 highest_printed_layer=4 hatch=3/4 scan=3/8 front_z=0.004 active_window_cells=54050/109200 printed_cells=54050/109200 cooling_only_cells=0/109200 mechanics_current=1 mechanics_source_step=417 T_min=347.05 T_max=1527.25939411 u_max=8.18042098261e-05 vm_max=621964615.905 laser_center=[0.02142857 0.00083333 0.004     ] laser_switch=1 effective_power=30.225 vtk=/home/user/work/output/amb_l0_20260731T092534Z/step_000417_scan.vtu
global_step=418 mode=scan layer=4/13 highest_printed_layer=4 hatch=3/4 scan=4/8 front_z=0.004 active_window_cells=54050/109200 printed_cells=54050/109200 cooling_only_cells=0/109200 mechanics_current=0 mechanics_source_step=417 T_min=347.05 T_max=920.56485562 u_max=8.18042098261e-05 vm_max=621964615.905 laser_center=[0.03214286 0.00083333 0.004     ] laser_switch=1 effective_power=30.225 vtk=
global_step=419 mode=scan layer=4/13 highest_printed_layer=4 hatch=3/4 scan=5/8 front_z=0.004 active_window_cells=54050/109200 printed_cells=54050/109200 cooling_only_cells=0/109200 mechanics_current=0 mechanics_source_step=417 T_min=347.05 T_max=909.35701996 u_max=8.18042098261e-05 vm_max=621964615.905 laser_center=[0.04285714 0.00083333 0.004     ] laser_switch=1 effective_power=30.225 vtk=
global_step=420 mode=scan layer=4/13 highest_printed_layer=4 hatch=3/4 scan=6/8 front_z=0.004 active_window_cells=54050/109200 printed_cells=54050/109200 cooling_only_cells=0/109200 mechanics_current=0 mechanics_source_step=417 T_min=347.05 T_max=1139.34811022 u_max=8.18042098261e-05 vm_max=621964615.905 laser_center=[0.05357143 0.00083333 0.004     ] laser_switch=1 effective_power=30.225 vtk=
global_step=421 mode=scan layer=4/13 highest_printed_layer=4 hatch=3/4 scan=7/8 front_z=0.004 active_window_cells=54050/109200 printed_cells=54050/109200 cooling_only_cells=0/109200 mechanics_current=0 mechanics_source_step=417 T_min=347.05 T_max=705.203833322 u_max=8.18042098261e-05 vm_max=621964615.905 laser_center=[0.06428571 0.00083333 0.004     ] laser_switch=1 effective_power=30.225 vtk=
global_step=422 mode=scan layer=4/13 highest_printed_layer=4 hatch=3/4 scan=8/8 front_z=0.004 active_window_cells=54050/109200 printed_cells=54050/109200 cooling_only_cells=0/109200 mechanics_current=0 mechanics_source_step=417 T_min=347.05 T_max=1583.2410472 u_max=8.18042098261e-05 vm_max=621964615.905 laser_center=[0.075      0.00083333 0.004     ] laser_switch=1 effective_power=30.225 vtk=
global_step=423 mode=scan layer=4/13 highest_printed_layer=4 hatch=4/4 scan=1/8 front_z=0.004 active_window_cells=54050/109200 printed_cells=54050/109200 cooling_only_cells=0/109200 mechanics_current=0 mechanics_source_step=417 T_min=347.05 T_max=1754.67222959 u_max=8.18042098261e-05 vm_max=621964615.905 laser_center=[0.075  0.0025 0.004 ] laser_switch=1 effective_power=30.225 vtk=
global_step=424 mode=scan layer=4/13 highest_printed_layer=4 hatch=4/4 scan=2/8 front_z=0.004 active_window_cells=54050/109200 printed_cells=54050/109200 cooling_only_cells=0/109200 mechanics_current=0 mechanics_source_step=417 T_min=347.05 T_max=1313.34637338 u_max=8.18042098261e-05 vm_max=621964615.905 laser_center=[0.06428571 0.0025     0.004     ] laser_switch=1 effective_power=30.225 vtk=
global_step=425 mode=scan layer=4/13 highest_printed_layer=4 hatch=4/4 scan=3/8 front_z=0.004 active_window_cells=54050/109200 printed_cells=54050/109200 cooling_only_cells=0/109200 mechanics_current=0 mechanics_source_step=417 T_min=347.05 T_max=1488.2808727 u_max=8.18042098261e-05 vm_max=621964615.905 laser_center=[0.05357143 0.0025     0.004     ] laser_switch=1 effective_power=30.225 vtk=
global_step=426 mode=scan layer=4/13 highest_printed_layer=4 hatch=4/4 scan=4/8 front_z=0.004 active_window_cells=54050/109200 printed_cells=54050/109200 cooling_only_cells=0/109200 mechanics_current=0 mechanics_source_step=417 T_min=347.05 T_max=1407.20443814 u_max=8.18042098261e-05 vm_max=621964615.905 laser_center=[0.04285714 0.0025     0.004     ] laser_switch=1 effective_power=30.225 vtk=
global_step=427 mode=scan layer=4/13 highest_printed_layer=4 hatch=4/4 scan=5/8 front_z=0.004 active_window_cells=54050/109200 printed_cells=54050/109200 cooling_only_cells=0/109200 mechanics_current=0 mechanics_source_step=417 T_min=347.05 T_max=1406.45962347 u_max=8.18042098261e-05 vm_max=621964615.905 laser_center=[0.03214286 0.0025     0.004     ] laser_switch=1 effective_power=30.225 vtk=
global_step=428 mode=scan layer=4/13 highest_printed_layer=4 hatch=4/4 scan=6/8 front_z=0.004 active_window_cells=54050/109200 printed_cells=54050/109200 cooling_only_cells=0/109200 mechanics_current=1 mechanics_source_step=428 T_min=347.05 T_max=1740.3928214 u_max=8.60834927726e-05 vm_max=628521929.545 laser_center=[0.02142857 0.0025     0.004     ] laser_switch=1 effective_power=30.225 vtk=/home/user/work/output/amb_l0_20260731T092534Z/step_000428_scan.vtu
global_step=429 mode=scan layer=4/13 highest_printed_layer=4 hatch=4/4 scan=7/8 front_z=0.004 active_window_cells=54050/109200 printed_cells=54050/109200 cooling_only_cells=0/109200 mechanics_current=0 mechanics_source_step=428 T_min=347.05 T_max=1451.88161627 u_max=8.60834927726e-05 vm_max=628521929.545 laser_center=[0.01071429 0.0025     0.004     ] laser_switch=1 effective_power=30.225 vtk=
global_step=430 mode=scan layer=4/13 highest_printed_layer=4 hatch=4/4 scan=8/8 front_z=0.004 active_window_cells=54050/109200 printed_cells=54050/109200 cooling_only_cells=0/109200 mechanics_current=0 mechanics_source_step=428 T_min=347.05 T_max=1550.85988471 u_max=8.60834927726e-05 vm_max=628521929.545 laser_center=[0.     0.0025 0.004 ] laser_switch=1 effective_power=30.225 vtk=
global_step=431 mode=layer_dwell layer=4/13 highest_printed_layer=4 hatch=4/4 scan=8/8 front_z=0.004 active_window_cells=54050/109200 printed_cells=54050/109200 cooling_only_cells=0/109200 mechanics_current=0 mechanics_source_step=428 T_min=347.05 T_max=513.89908382 u_max=8.60834927726e-05 vm_max=628521929.545 laser_center=[0.     0.0025 0.004 ] laser_switch=0 effective_power=0 vtk=
global_step=432 mode=layer_dwell layer=4/13 highest_printed_layer=4 hatch=4/4 scan=8/8 front_z=0.004 active_window_cells=54050/109200 printed_cells=54050/109200 cooling_only_cells=0/109200 mechanics_current=1 mechanics_source_step=432 T_min=347.05 T_max=413.412866888 u_max=5.52935143736e-05 vm_max=626176588.386 laser_center=[0.     0.0025 0.004 ] laser_switch=0 effective_power=0 vtk=/home/user/work/output/amb_l0_20260731T092534Z/step_000432_layer_dwell.vtu
global_step=433 mode=layer_dwell layer=4/13 highest_printed_layer=4 hatch=4/4 scan=8/8 front_z=0.004 active_window_cells=54050/109200 printed_cells=54050/109200 cooling_only_cells=0/109200 mechanics_current=0 mechanics_source_step=432 T_min=347.05 T_max=389.856510664 u_max=5.52935143736e-05 vm_max=626176588.386 laser_center=[0.     0.0025 0.004 ] laser_switch=0 effective_power=0 vtk=
global_step=434 mode=layer_dwell layer=4/13 highest_printed_layer=4 hatch=4/4 scan=8/8 front_z=0.004 active_window_cells=54050/109200 printed_cells=54050/109200 cooling_only_cells=0/109200 mechanics_current=0 mechanics_source_step=432 T_min=347.05 T_max=383.528567395 u_max=5.52935143736e-05 vm_max=626176588.386 laser_center=[0.     0.0025 0.004 ] laser_switch=0 effective_power=0 vtk=
global_step=435 mode=layer_dwell layer=4/13 highest_printed_layer=4 hatch=4/4 scan=8/8 front_z=0.004 active_window_cells=54050/109200 printed_cells=54050/109200 cooling_only_cells=0/109200 mechanics_current=0 mechanics_source_step=432 T_min=347.05 T_max=379.735002802 u_max=5.52935143736e-05 vm_max=626176588.386 laser_center=[0.     0.0025 0.004 ] laser_switch=0 effective_power=0 vtk=
global_step=436 mode=layer_dwell layer=4/13 highest_printed_layer=4 hatch=4/4 scan=8/8 front_z=0.004 active_window_cells=54050/109200 printed_cells=54050/109200 cooling_only_cells=0/109200 mechanics_current=0 mechanics_source_step=432 T_min=347.05 T_max=376.033081877 u_max=5.52935143736e-05 vm_max=626176588.386 laser_center=[0.     0.0025 0.004 ] laser_switch=0 effective_power=0 vtk=
global_step=437 mode=layer_dwell layer=4/13 highest_printed_layer=4 hatch=4/4 scan=8/8 front_z=0.004 active_window_cells=54050/109200 printed_cells=54050/109200 cooling_only_cells=0/109200 mechanics_current=0 mechanics_source_step=432 T_min=347.05 T_max=372.505271969 u_max=5.52935143736e-05 vm_max=626176588.386 laser_center=[0.     0.0025 0.004 ] laser_switch=0 effective_power=0 vtk=
global_step=438 mode=layer_dwell layer=4/13 highest_printed_layer=4 hatch=4/4 scan=8/8 front_z=0.004 active_window_cells=54050/109200 printed_cells=54050/109200 cooling_only_cells=0/109200 mechanics_current=0 mechanics_source_step=432 T_min=347.05 T_max=369.287357841 u_max=5.52935143736e-05 vm_max=626176588.386 laser_center=[0.     0.0025 0.004 ] laser_switch=0 effective_power=0 vtk=
global_step=439 mode=layer_dwell layer=4/13 highest_printed_layer=4 hatch=4/4 scan=8/8 front_z=0.004 active_window_cells=54050/109200 printed_cells=54050/109200 cooling_only_cells=0/109200 mechanics_current=0 mechanics_source_step=432 T_min=347.05 T_max=366.410249845 u_max=5.52935143736e-05 vm_max=626176588.386 laser_center=[0.     0.0025 0.004 ] laser_switch=0 effective_power=0 vtk=
global_step=440 mode=layer_dwell layer=4/13 highest_printed_layer=4 hatch=4/4 scan=8/8 front_z=0.004 active_window_cells=54050/109200 printed_cells=54050/109200 cooling_only_cells=0/109200 mechanics_current=0 mechanics_source_step=432 T_min=347.05 T_max=363.855316074 u_max=5.52935143736e-05 vm_max=626176588.386 laser_center=[0.     0.0025 0.004 ] laser_switch=0 effective_power=0 vtk=
global_step=441 mode=layer_dwell layer=4/13 highest_printed_layer=4 hatch=4/4 scan=8/8 front_z=0.004 active_window_cells=54050/109200 printed_cells=54050/109200 cooling_only_cells=0/109200 mechanics_current=0 mechanics_source_step=432 T_min=347.05 T_max=361.611991209 u_max=5.52935143736e-05 vm_max=626176588.386 laser_center=[0.     0.0025 0.004 ] laser_switch=0 effective_power=0 vtk=
global_step=442 mode=layer_dwell layer=4/13 highest_printed_layer=4 hatch=4/4 scan=8/8 front_z=0.004 active_window_cells=54050/109200 printed_cells=54050/109200 cooling_only_cells=0/109200 mechanics_current=0 mechanics_source_step=432 T_min=347.05 T_max=359.655073062 u_max=5.52935143736e-05 vm_max=626176588.386 laser_center=[0.     0.0025 0.004 ] laser_switch=0 effective_power=0 vtk=
global_step=443 mode=layer_dwell layer=4/13 highest_printed_layer=4 hatch=4/4 scan=8/8 front_z=0.004 active_window_cells=54050/109200 printed_cells=54050/109200 cooling_only_cells=0/109200 mechanics_current=0 mechanics_source_step=432 T_min=347.05 T_max=357.95471959 u_max=5.52935143736e-05 vm_max=626176588.386 laser_center=[0.     0.0025 0.004 ] laser_switch=0 effective_power=0 vtk=
global_step=444 mode=layer_dwell layer=4/13 highest_printed_layer=4 hatch=4/4 scan=8/8 front_z=0.004 active_window_cells=54050/109200 printed_cells=54050/109200 cooling_only_cells=0/109200 mechanics_current=0 mechanics_source_step=432 T_min=347.05 T_max=356.481452885 u_max=5.52935143736e-05 vm_max=626176588.386 laser_center=[0.     0.0025 0.004 ] laser_switch=0 effective_power=0 vtk=
global_step=445 mode=layer_dwell layer=4/13 highest_printed_layer=4 hatch=4/4 scan=8/8 front_z=0.004 active_window_cells=54050/109200 printed_cells=54050/109200 cooling_only_cells=0/109200 mechanics_current=0 mechanics_source_step=432 T_min=347.05 T_max=355.207260514 u_max=5.52935143736e-05 vm_max=626176588.386 laser_center=[0.     0.0025 0.004 ] laser_switch=0 effective_power=0 vtk=
global_step=446 mode=layer_dwell layer=4/13 highest_printed_layer=4 hatch=4/4 scan=8/8 front_z=0.004 active_window_cells=54050/109200 printed_cells=54050/109200 cooling_only_cells=0/109200 mechanics_current=0 mechanics_source_step=432 T_min=347.05 T_max=354.105639668 u_max=5.52935143736e-05 vm_max=626176588.386 laser_center=[0.     0.0025 0.004 ] laser_switch=0 effective_power=0 vtk=
global_step=447 mode=layer_dwell layer=4/13 highest_printed_layer=4 hatch=4/4 scan=8/8 front_z=0.004 active_window_cells=54050/109200 printed_cells=54050/109200 cooling_only_cells=0/109200 mechanics_current=0 mechanics_source_step=432 T_min=347.05 T_max=353.154383964 u_max=5.52935143736e-05 vm_max=626176588.386 laser_center=[0.     0.0025 0.004 ] laser_switch=0 effective_power=0 vtk=
global_step=448 mode=layer_dwell layer=4/13 highest_printed_layer=4 hatch=4/4 scan=8/8 front_z=0.004 active_window_cells=54050/109200 printed_cells=54050/109200 cooling_only_cells=0/109200 mechanics_current=1 mechanics_source_step=448 T_min=347.05 T_max=352.33251251 u_max=5.65070617344e-05 vm_max=635901116.085 laser_center=[0.     0.0025 0.004 ] laser_switch=0 effective_power=0 vtk=/home/user/work/output/amb_l0_20260731T092534Z/step_000448_layer_dwell.vtu
global_step=449 mode=layer_dwell layer=4/13 highest_printed_layer=4 hatch=4/4 scan=8/8 front_z=0.004 active_window_cells=54050/109200 printed_cells=54050/109200 cooling_only_cells=0/109200 mechanics_current=0 mechanics_source_step=448 T_min=347.05 T_max=351.622948169 u_max=5.65070617344e-05 vm_max=635901116.085 laser_center=[0.     0.0025 0.004 ] laser_switch=0 effective_power=0 vtk=
global_step=450 mode=layer_dwell layer=4/13 highest_printed_layer=4 hatch=4/4 scan=8/8 front_z=0.004 active_window_cells=54050/109200 printed_cells=54050/109200 cooling_only_cells=0/109200 mechanics_current=0 mechanics_source_step=448 T_min=347.05 T_max=351.009862507 u_max=5.65070617344e-05 vm_max=635901116.085 laser_center=[0.     0.0025 0.004 ] laser_switch=0 effective_power=0 vtk=
global_step=451 mode=layer_dwell layer=4/13 highest_printed_layer=4 hatch=4/4 scan=8/8 front_z=0.004 active_window_cells=54050/109200 printed_cells=54050/109200 cooling_only_cells=0/109200 mechanics_current=0 mechanics_source_step=448 T_min=347.05 T_max=350.480259468 u_max=5.65070617344e-05 vm_max=635901116.085 laser_center=[0.     0.0025 0.004 ] laser_switch=0 effective_power=0 vtk=
global_step=452 mode=layer_dwell layer=4/13 highest_printed_layer=4 hatch=4/4 scan=8/8 front_z=0.004 active_window_cells=54050/109200 printed_cells=54050/109200 cooling_only_cells=0/109200 mechanics_current=0 mechanics_source_step=448 T_min=347.05 T_max=350.0225995 u_max=5.65070617344e-05 vm_max=635901116.085 laser_center=[0.     0.0025 0.004 ] laser_switch=0 effective_power=0 vtk=
global_step=453 mode=layer_dwell layer=4/13 highest_printed_layer=4 hatch=4/4 scan=8/8 front_z=0.004 active_window_cells=54050/109200 printed_cells=54050/109200 cooling_only_cells=0/109200 mechanics_current=0 mechanics_source_step=448 T_min=347.05 T_max=349.626934752 u_max=5.65070617344e-05 vm_max=635901116.085 laser_center=[0.     0.0025 0.004 ] laser_switch=0 effective_power=0 vtk=
global_step=454 mode=layer_dwell layer=4/13 highest_printed_layer=4 hatch=4/4 scan=8/8 front_z=0.004 active_window_cells=54050/109200 printed_cells=54050/109200 cooling_only_cells=0/109200 mechanics_current=0 mechanics_source_step=448 T_min=347.05 T_max=349.284783307 u_max=5.65070617344e-05 vm_max=635901116.085 laser_center=[0.     0.0025 0.004 ] laser_switch=0 effective_power=0 vtk=
global_step=455 mode=layer_dwell layer=4/13 highest_printed_layer=4 hatch=4/4 scan=8/8 front_z=0.004 active_window_cells=54050/109200 printed_cells=54050/109200 cooling_only_cells=0/109200 mechanics_current=0 mechanics_source_step=448 T_min=347.05 T_max=349.003484714 u_max=5.65070617344e-05 vm_max=635901116.085 laser_center=[0.     0.0025 0.004 ] laser_switch=0 effective_power=0 vtk=
global_step=456 mode=layer_dwell layer=4/13 highest_printed_layer=4 hatch=4/4 scan=8/8 front_z=0.004 active_window_cells=54050/109200 printed_cells=54050/109200 cooling_only_cells=0/109200 mechanics_current=0 mechanics_source_step=448 T_min=347.05 T_max=348.763570558 u_max=5.65070617344e-05 vm_max=635901116.085 laser_center=[0.     0.0025 0.004 ] laser_switch=0 effective_power=0 vtk=
global_step=457 mode=layer_dwell layer=4/13 highest_printed_layer=4 hatch=4/4 scan=8/8 front_z=0.004 active_window_cells=54050/109200 printed_cells=54050/109200 cooling_only_cells=0/109200 mechanics_current=0 mechanics_source_step=448 T_min=347.05 T_max=348.553274161 u_max=5.65070617344e-05 vm_max=635901116.085 laser_center=[0.     0.0025 0.004 ] laser_switch=0 effective_power=0 vtk=
global_step=458 mode=layer_dwell layer=4/13 highest_printed_layer=4 hatch=4/4 scan=8/8 front_z=0.004 active_window_cells=54050/109200 printed_cells=54050/109200 cooling_only_cells=0/109200 mechanics_current=0 mechanics_source_step=448 T_min=347.05 T_max=348.368908909 u_max=5.65070617344e-05 vm_max=635901116.085 laser_center=[0.     0.0025 0.004 ] laser_switch=0 effective_power=0 vtk=
global_step=459 mode=layer_dwell layer=4/13 highest_printed_layer=4 hatch=4/4 scan=8/8 front_z=0.004 active_window_cells=54050/109200 printed_cells=54050/109200 cooling_only_cells=0/109200 mechanics_current=0 mechanics_source_step=448 T_min=347.05 T_max=348.207253044 u_max=5.65070617344e-05 vm_max=635901116.085 laser_center=[0.     0.0025 0.004 ] laser_switch=0 effective_power=0 vtk=
global_step=460 mode=layer_dwell layer=4/13 highest_printed_layer=4 hatch=4/4 scan=8/8 front_z=0.004 active_window_cells=54050/109200 printed_cells=54050/109200 cooling_only_cells=0/109200 mechanics_current=0 mechanics_source_step=448 T_min=347.05 T_max=348.065489869 u_max=5.65070617344e-05 vm_max=635901116.085 laser_center=[0.     0.0025 0.004 ] laser_switch=0 effective_power=0 vtk=
global_step=461 mode=layer_dwell layer=4/13 highest_printed_layer=4 hatch=4/4 scan=8/8 front_z=0.004 active_window_cells=54050/109200 printed_cells=54050/109200 cooling_only_cells=0/109200 mechanics_current=0 mechanics_source_step=448 T_min=347.05 T_max=347.941155878 u_max=5.65070617344e-05 vm_max=635901116.085 laser_center=[0.     0.0025 0.004 ] laser_switch=0 effective_power=0 vtk=
global_step=462 mode=layer_dwell layer=4/13 highest_printed_layer=4 hatch=4/4 scan=8/8 front_z=0.004 active_window_cells=54050/109200 printed_cells=54050/109200 cooling_only_cells=0/109200 mechanics_current=0 mechanics_source_step=448 T_min=347.05 T_max=347.832095713 u_max=5.65070617344e-05 vm_max=635901116.085 laser_center=[0.     0.0025 0.004 ] laser_switch=0 effective_power=0 vtk=
global_step=463 mode=layer_dwell layer=4/13 highest_printed_layer=4 hatch=4/4 scan=8/8 front_z=0.004 active_window_cells=54050/109200 printed_cells=54050/109200 cooling_only_cells=0/109200 mechanics_current=0 mechanics_source_step=448 T_min=347.05 T_max=347.736423014 u_max=5.65070617344e-05 vm_max=635901116.085 laser_center=[0.     0.0025 0.004 ] laser_switch=0 effective_power=0 vtk=
global_step=464 mode=layer_dwell layer=4/13 highest_printed_layer=4 hatch=4/4 scan=8/8 front_z=0.004 active_window_cells=54050/109200 printed_cells=54050/109200 cooling_only_cells=0/109200 mechanics_current=1 mechanics_source_step=464 T_min=347.05 T_max=347.652486365 u_max=5.65343109164e-05 vm_max=636617057.524 laser_center=[0.     0.0025 0.004 ] laser_switch=0 effective_power=0 vtk=/home/user/work/output/amb_l0_20260731T092534Z/step_000464_layer_dwell.vtu
global_step=465 mode=layer_dwell layer=4/13 highest_printed_layer=4 hatch=4/4 scan=8/8 front_z=0.004 active_window_cells=54050/109200 printed_cells=54050/109200 cooling_only_cells=0/109200 mechanics_current=0 mechanics_source_step=464 T_min=347.05 T_max=347.578839643 u_max=5.65343109164e-05 vm_max=636617057.524 laser_center=[0.     0.0025 0.004 ] laser_switch=0 effective_power=0 vtk=
global_step=466 mode=layer_dwell layer=4/13 highest_printed_layer=4 hatch=4/4 scan=8/8 front_z=0.004 active_window_cells=54050/109200 printed_cells=54050/109200 cooling_only_cells=0/109200 mechanics_current=0 mechanics_source_step=464 T_min=347.05 T_max=347.52391595 u_max=5.65343109164e-05 vm_max=636617057.524 laser_center=[0.     0.0025 0.004 ] laser_switch=0 effective_power=0 vtk=
global_step=467 mode=layer_dwell layer=4/13 highest_printed_layer=4 hatch=4/4 scan=8/8 front_z=0.004 active_window_cells=54050/109200 printed_cells=54050/109200 cooling_only_cells=0/109200 mechanics_current=0 mechanics_source_step=464 T_min=347.05 T_max=347.474818133 u_max=5.65343109164e-05 vm_max=636617057.524 laser_center=[0.     0.0025 0.004 ] laser_switch=0 effective_power=0 vtk=
global_step=468 mode=layer_dwell layer=4/13 highest_printed_layer=4 hatch=4/4 scan=8/8 front_z=0.004 active_window_cells=54050/109200 printed_cells=54050/109200 cooling_only_cells=0/109200 mechanics_current=0 mechanics_source_step=464 T_min=347.05 T_max=347.430667978 u_max=5.65343109164e-05 vm_max=636617057.524 laser_center=[0.     0.0025 0.004 ] laser_switch=0 effective_power=0 vtk=
global_step=469 mode=layer_dwell layer=4/13 highest_printed_layer=4 hatch=4/4 scan=8/8 front_z=0.004 active_window_cells=54050/109200 printed_cells=54050/109200 cooling_only_cells=0/109200 mechanics_current=0 mechanics_source_step=464 T_min=347.05 T_max=347.390989922 u_max=5.65343109164e-05 vm_max=636617057.524 laser_center=[0.     0.0025 0.004 ] laser_switch=0 effective_power=0 vtk=
global_step=470 mode=layer_dwell layer=4/13 highest_printed_layer=4 hatch=4/4 scan=8/8 front_z=0.004 active_window_cells=54050/109200 printed_cells=54050/109200 cooling_only_cells=0/109200 mechanics_current=0 mechanics_source_step=464 T_min=347.05 T_max=347.355350081 u_max=5.65343109164e-05 vm_max=636617057.524 laser_center=[0.     0.0025 0.004 ] laser_switch=0 effective_power=0 vtk=
global_step=471 mode=layer_dwell layer=4/13 highest_printed_layer=4 hatch=4/4 scan=8/8 front_z=0.004 active_window_cells=54050/109200 printed_cells=54050/109200 cooling_only_cells=0/109200 mechanics_current=0 mechanics_source_step=464 T_min=347.05 T_max=347.323353359 u_max=5.65343109164e-05 vm_max=636617057.524 laser_center=[0.     0.0025 0.004 ] laser_switch=0 effective_power=0 vtk=
global_step=472 mode=layer_dwell layer=4/13 highest_printed_layer=4 hatch=4/4 scan=8/8 front_z=0.004 active_window_cells=54050/109200 printed_cells=54050/109200 cooling_only_cells=0/109200 mechanics_current=0 mechanics_source_step=464 T_min=347.05 T_max=347.294640596 u_max=5.65343109164e-05 vm_max=636617057.524 laser_center=[0.     0.0025 0.004 ] laser_switch=0 effective_power=0 vtk=
global_step=473 mode=layer_dwell layer=4/13 highest_printed_layer=4 hatch=4/4 scan=8/8 front_z=0.004 active_window_cells=54050/109200 printed_cells=54050/109200 cooling_only_cells=0/109200 mechanics_current=0 mechanics_source_step=464 T_min=347.05 T_max=347.268885797 u_max=5.65343109164e-05 vm_max=636617057.524 laser_center=[0.     0.0025 0.004 ] laser_switch=0 effective_power=0 vtk=
global_step=474 mode=layer_dwell layer=4/13 highest_printed_layer=4 hatch=4/4 scan=8/8 front_z=0.004 active_window_cells=54050/109200 printed_cells=54050/109200 cooling_only_cells=0/109200 mechanics_current=0 mechanics_source_step=464 T_min=347.05 T_max=347.245793477 u_max=5.65343109164e-05 vm_max=636617057.524 laser_center=[0.     0.0025 0.004 ] laser_switch=0 effective_power=0 vtk=
global_step=475 mode=layer_dwell layer=4/13 highest_printed_layer=4 hatch=4/4 scan=8/8 front_z=0.004 active_window_cells=54050/109200 printed_cells=54050/109200 cooling_only_cells=0/109200 mechanics_current=0 mechanics_source_step=464 T_min=347.05 T_max=347.225096132 u_max=5.65343109164e-05 vm_max=636617057.524 laser_center=[0.     0.0025 0.004 ] laser_switch=0 effective_power=0 vtk=
global_step=476 mode=layer_dwell layer=4/13 highest_printed_layer=4 hatch=4/4 scan=8/8 front_z=0.004 active_window_cells=54050/109200 printed_cells=54050/109200 cooling_only_cells=0/109200 mechanics_current=0 mechanics_source_step=464 T_min=347.05 T_max=347.206551862 u_max=5.65343109164e-05 vm_max=636617057.524 laser_center=[0.     0.0025 0.004 ] laser_switch=0 effective_power=0 vtk=
global_step=477 mode=layer_dwell layer=4/13 highest_printed_layer=4 hatch=4/4 scan=8/8 front_z=0.004 active_window_cells=54050/109200 printed_cells=54050/109200 cooling_only_cells=0/109200 mechanics_current=0 mechanics_source_step=464 T_min=347.05 T_max=347.189942137 u_max=5.65343109164e-05 vm_max=636617057.524 laser_center=[0.     0.0025 0.004 ] laser_switch=0 effective_power=0 vtk=
global_step=478 mode=layer_dwell layer=4/13 highest_printed_layer=4 hatch=4/4 scan=8/8 front_z=0.004 active_window_cells=54050/109200 printed_cells=54050/109200 cooling_only_cells=0/109200 mechanics_current=0 mechanics_source_step=464 T_min=347.05 T_max=347.175069728 u_max=5.65343109164e-05 vm_max=636617057.524 laser_center=[0.     0.0025 0.004 ] laser_switch=0 effective_power=0 vtk=
global_step=479 mode=layer_dwell layer=4/13 highest_printed_layer=4 hatch=4/4 scan=8/8 front_z=0.004 active_window_cells=54050/109200 printed_cells=54050/109200 cooling_only_cells=0/109200 mechanics_current=0 mechanics_source_step=464 T_min=347.05 T_max=347.161756773 u_max=5.65343109164e-05 vm_max=636617057.524 laser_center=[0.     0.0025 0.004 ] laser_switch=0 effective_power=0 vtk=
global_step=480 mode=layer_dwell layer=4/13 highest_printed_layer=4 hatch=4/4 scan=8/8 front_z=0.004 active_window_cells=54050/109200 printed_cells=54050/109200 cooling_only_cells=0/109200 mechanics_current=1 mechanics_source_step=480 T_min=347.05 T_max=347.149843005 u_max=5.65378901893e-05 vm_max=636723765.379 laser_center=[0.     0.0025 0.004 ] laser_switch=0 effective_power=0 vtk=/home/user/work/output/amb_l0_20260731T092534Z/step_000480_layer_dwell.vtu
global_step=481 mode=layer_dwell layer=4/13 highest_printed_layer=4 hatch=4/4 scan=8/8 front_z=0.004 active_window_cells=54050/109200 printed_cells=54050/109200 cooling_only_cells=0/109200 mechanics_current=0 mechanics_source_step=480 T_min=347.05 T_max=347.139184112 u_max=5.65378901893e-05 vm_max=636723765.379 laser_center=[0.     0.0025 0.004 ] laser_switch=0 effective_power=0 vtk=
global_step=482 mode=layer_dwell layer=4/13 highest_printed_layer=4 hatch=4/4 scan=8/8 front_z=0.004 active_window_cells=54050/109200 printed_cells=54050/109200 cooling_only_cells=0/109200 mechanics_current=0 mechanics_source_step=480 T_min=347.05 T_max=347.129650233 u_max=5.65378901893e-05 vm_max=636723765.379 laser_center=[0.     0.0025 0.004 ] laser_switch=0 effective_power=0 vtk=
global_step=483 mode=layer_dwell layer=4/13 highest_printed_layer=4 hatch=4/4 scan=8/8 front_z=0.004 active_window_cells=54050/109200 printed_cells=54050/109200 cooling_only_cells=0/109200 mechanics_current=0 mechanics_source_step=480 T_min=347.05 T_max=347.121124583 u_max=5.65378901893e-05 vm_max=636723765.379 laser_center=[0.     0.0025 0.004 ] laser_switch=0 effective_power=0 vtk=
global_step=484 mode=layer_dwell layer=4/13 highest_printed_layer=4 hatch=4/4 scan=8/8 front_z=0.004 active_window_cells=54050/109200 printed_cells=54050/109200 cooling_only_cells=0/109200 mechanics_current=0 mechanics_source_step=480 T_min=347.05 T_max=347.113502195 u_max=5.65378901893e-05 vm_max=636723765.379 laser_center=[0.     0.0025 0.004 ] laser_switch=0 effective_power=0 vtk=
global_step=485 mode=layer_dwell layer=4/13 highest_printed_layer=4 hatch=4/4 scan=8/8 front_z=0.004 active_window_cells=54050/109200 printed_cells=54050/109200 cooling_only_cells=0/109200 mechanics_current=0 mechanics_source_step=480 T_min=347.05 T_max=347.106688773 u_max=5.65378901893e-05 vm_max=636723765.379 laser_center=[0.     0.0025 0.004 ] laser_switch=0 effective_power=0 vtk=
global_step=486 mode=layer_dwell layer=4/13 highest_printed_layer=4 hatch=4/4 scan=8/8 front_z=0.004 active_window_cells=54050/109200 printed_cells=54050/109200 cooling_only_cells=0/109200 mechanics_current=0 mechanics_source_step=480 T_min=347.05 T_max=347.10059965 u_max=5.65378901893e-05 vm_max=636723765.379 laser_center=[0.     0.0025 0.004 ] laser_switch=0 effective_power=0 vtk=
global_step=487 mode=layer_dwell layer=4/13 highest_printed_layer=4 hatch=4/4 scan=8/8 front_z=0.004 active_window_cells=54050/109200 printed_cells=54050/109200 cooling_only_cells=0/109200 mechanics_current=0 mechanics_source_step=480 T_min=347.05 T_max=347.095158836 u_max=5.65378901893e-05 vm_max=636723765.379 laser_center=[0.     0.0025 0.004 ] laser_switch=0 effective_power=0 vtk=
global_step=488 mode=layer_dwell layer=4/13 highest_printed_layer=4 hatch=4/4 scan=8/8 front_z=0.004 active_window_cells=54050/109200 printed_cells=54050/109200 cooling_only_cells=0/109200 mechanics_current=0 mechanics_source_step=480 T_min=347.05 T_max=347.090298161 u_max=5.65378901893e-05 vm_max=636723765.379 laser_center=[0.     0.0025 0.004 ] laser_switch=0 effective_power=0 vtk=
global_step=489 mode=layer_dwell layer=4/13 highest_printed_layer=4 hatch=4/4 scan=8/8 front_z=0.004 active_window_cells=54050/109200 printed_cells=54050/109200 cooling_only_cells=0/109200 mechanics_current=0 mechanics_source_step=480 T_min=347.05 T_max=347.085956492 u_max=5.65378901893e-05 vm_max=636723765.379 laser_center=[0.     0.0025 0.004 ] laser_switch=0 effective_power=0 vtk=
global_step=490 mode=layer_dwell layer=4/13 highest_printed_layer=4 hatch=4/4 scan=8/8 front_z=0.004 active_window_cells=54050/109200 printed_cells=54050/109200 cooling_only_cells=0/109200 mechanics_current=0 mechanics_source_step=480 T_min=347.05 T_max=347.082079028 u_max=5.65378901893e-05 vm_max=636723765.379 laser_center=[0.     0.0025 0.004 ] laser_switch=0 effective_power=0 vtk=
global_step=491 mode=layer_dwell layer=4/13 highest_printed_layer=4 hatch=4/4 scan=8/8 front_z=0.004 active_window_cells=54050/109200 printed_cells=54050/109200 cooling_only_cells=0/109200 mechanics_current=0 mechanics_source_step=480 T_min=347.05 T_max=347.078616663 u_max=5.65378901893e-05 vm_max=636723765.379 laser_center=[0.     0.0025 0.004 ] laser_switch=0 effective_power=0 vtk=
global_step=492 mode=layer_dwell layer=4/13 highest_printed_layer=4 hatch=4/4 scan=8/8 front_z=0.004 active_window_cells=54050/109200 printed_cells=54050/109200 cooling_only_cells=0/109200 mechanics_current=0 mechanics_source_step=480 T_min=347.05 T_max=347.075525404 u_max=5.65378901893e-05 vm_max=636723765.379 laser_center=[0.     0.0025 0.004 ] laser_switch=0 effective_power=0 vtk=
global_step=493 mode=layer_dwell layer=4/13 highest_printed_layer=4 hatch=4/4 scan=8/8 front_z=0.004 active_window_cells=54050/109200 printed_cells=54050/109200 cooling_only_cells=0/109200 mechanics_current=0 mechanics_source_step=480 T_min=347.05 T_max=347.072765855 u_max=5.65378901893e-05 vm_max=636723765.379 laser_center=[0.     0.0025 0.004 ] laser_switch=0 effective_power=0 vtk=
global_step=494 mode=layer_dwell layer=4/13 highest_printed_layer=4 hatch=4/4 scan=8/8 front_z=0.004 active_window_cells=54050/109200 printed_cells=54050/109200 cooling_only_cells=0/109200 mechanics_current=0 mechanics_source_step=480 T_min=347.05 T_max=347.070302747 u_max=5.65378901893e-05 vm_max=636723765.379 laser_center=[0.     0.0025 0.004 ] laser_switch=0 effective_power=0 vtk=
global_step=495 mode=layer_dwell layer=4/13 highest_printed_layer=4 hatch=4/4 scan=8/8 front_z=0.004 active_window_cells=54050/109200 printed_cells=54050/109200 cooling_only_cells=0/109200 mechanics_current=0 mechanics_source_step=480 T_min=347.05 T_max=347.068104509 u_max=5.65378901893e-05 vm_max=636723765.379 laser_center=[0.     0.0025 0.004 ] laser_switch=0 effective_power=0 vtk=
global_step=496 mode=layer_dwell layer=4/13 highest_printed_layer=4 hatch=4/4 scan=8/8 front_z=0.004 active_window_cells=54050/109200 printed_cells=54050/109200 cooling_only_cells=0/109200 mechanics_current=1 mechanics_source_step=496 T_min=347.05 T_max=347.066142894 u_max=5.6538404618e-05 vm_max=636739610.677 laser_center=[0.     0.0025 0.004 ] laser_switch=0 effective_power=0 vtk=/home/user/work/output/amb_l0_20260731T092534Z/step_000496_layer_dwell.vtu
global_step=497 mode=layer_dwell layer=4/13 highest_printed_layer=4 hatch=4/4 scan=8/8 front_z=0.004 active_window_cells=54050/109200 printed_cells=54050/109200 cooling_only_cells=0/109200 mechanics_current=0 mechanics_source_step=496 T_min=347.05 T_max=347.064392634 u_max=5.6538404618e-05 vm_max=636739610.677 laser_center=[0.     0.0025 0.004 ] laser_switch=0 effective_power=0 vtk=
global_step=498 mode=layer_dwell layer=4/13 highest_printed_layer=4 hatch=4/4 scan=8/8 front_z=0.004 active_window_cells=54050/109200 printed_cells=54050/109200 cooling_only_cells=0/109200 mechanics_current=0 mechanics_source_step=496 T_min=347.05 T_max=347.062831126 u_max=5.6538404618e-05 vm_max=636739610.677 laser_center=[0.     0.0025 0.004 ] laser_switch=0 effective_power=0 vtk=
global_step=499 mode=layer_dwell layer=4/13 highest_printed_layer=4 hatch=4/4 scan=8/8 front_z=0.004 active_window_cells=54050/109200 printed_cells=54050/109200 cooling_only_cells=0/109200 mechanics_current=0 mechanics_source_step=496 T_min=347.05 T_max=347.061438162 u_max=5.6538404618e-05 vm_max=636739610.677 laser_center=[0.     0.0025 0.004 ] laser_switch=0 effective_power=0 vtk=
global_step=500 mode=layer_dwell layer=4/13 highest_printed_layer=4 hatch=4/4 scan=8/8 front_z=0.004 active_window_cells=54050/109200 printed_cells=54050/109200 cooling_only_cells=0/109200 mechanics_current=0 mechanics_source_step=496 T_min=347.05 T_max=347.060195674 u_max=5.6538404618e-05 vm_max=636739610.677 laser_center=[0.     0.0025 0.004 ] laser_switch=0 effective_power=0 vtk=
global_step=501 mode=layer_dwell layer=4/13 highest_printed_layer=4 hatch=4/4 scan=8/8 front_z=0.004 active_window_cells=54050/109200 printed_cells=54050/109200 cooling_only_cells=0/109200 mechanics_current=0 mechanics_source_step=496 T_min=347.05 T_max=347.059087515 u_max=5.6538404618e-05 vm_max=636739610.677 laser_center=[0.     0.0025 0.004 ] laser_switch=0 effective_power=0 vtk=
global_step=502 mode=layer_dwell layer=4/13 highest_printed_layer=4 hatch=4/4 scan=8/8 front_z=0.004 active_window_cells=54050/109200 printed_cells=54050/109200 cooling_only_cells=0/109200 mechanics_current=0 mechanics_source_step=496 T_min=347.05 T_max=347.058099252 u_max=5.6538404618e-05 vm_max=636739610.677 laser_center=[0.     0.0025 0.004 ] laser_switch=0 effective_power=0 vtk=
global_step=503 mode=layer_dwell layer=4/13 highest_printed_layer=4 hatch=4/4 scan=8/8 front_z=0.004 active_window_cells=54050/109200 printed_cells=54050/109200 cooling_only_cells=0/109200 mechanics_current=0 mechanics_source_step=496 T_min=347.05 T_max=347.057217993 u_max=5.6538404618e-05 vm_max=636739610.677 laser_center=[0.     0.0025 0.004 ] laser_switch=0 effective_power=0 vtk=
global_step=504 mode=layer_dwell layer=4/13 highest_printed_layer=4 hatch=4/4 scan=8/8 front_z=0.004 active_window_cells=54050/109200 printed_cells=54050/109200 cooling_only_cells=0/109200 mechanics_current=0 mechanics_source_step=496 T_min=347.05 T_max=347.056432218 u_max=5.6538404618e-05 vm_max=636739610.677 laser_center=[0.     0.0025 0.004 ] laser_switch=0 effective_power=0 vtk=
global_step=505 mode=layer_dwell layer=4/13 highest_printed_layer=4 hatch=4/4 scan=8/8 front_z=0.004 active_window_cells=54050/109200 printed_cells=54050/109200 cooling_only_cells=0/109200 mechanics_current=0 mechanics_source_step=496 T_min=347.05 T_max=347.05573164 u_max=5.6538404618e-05 vm_max=636739610.677 laser_center=[0.     0.0025 0.004 ] laser_switch=0 effective_power=0 vtk=
global_step=506 mode=layer_dwell layer=4/13 highest_printed_layer=4 hatch=4/4 scan=8/8 front_z=0.004 active_window_cells=54050/109200 printed_cells=54050/109200 cooling_only_cells=0/109200 mechanics_current=0 mechanics_source_step=496 T_min=347.05 T_max=347.055107069 u_max=5.6538404618e-05 vm_max=636739610.677 laser_center=[0.     0.0025 0.004 ] laser_switch=0 effective_power=0 vtk=
global_step=507 mode=layer_dwell layer=4/13 highest_printed_layer=4 hatch=4/4 scan=8/8 front_z=0.004 active_window_cells=54050/109200 printed_cells=54050/109200 cooling_only_cells=0/109200 mechanics_current=0 mechanics_source_step=496 T_min=347.05 T_max=347.054550302 u_max=5.6538404618e-05 vm_max=636739610.677 laser_center=[0.     0.0025 0.004 ] laser_switch=0 effective_power=0 vtk=
global_step=508 mode=layer_dwell layer=4/13 highest_printed_layer=4 hatch=4/4 scan=8/8 front_z=0.004 active_window_cells=54050/109200 printed_cells=54050/109200 cooling_only_cells=0/109200 mechanics_current=0 mechanics_source_step=496 T_min=347.05 T_max=347.054054013 u_max=5.6538404618e-05 vm_max=636739610.677 laser_center=[0.     0.0025 0.004 ] laser_switch=0 effective_power=0 vtk=
global_step=509 mode=layer_dwell layer=4/13 highest_printed_layer=4 hatch=4/4 scan=8/8 front_z=0.004 active_window_cells=54050/109200 printed_cells=54050/109200 cooling_only_cells=0/109200 mechanics_current=0 mechanics_source_step=496 T_min=347.05 T_max=347.053611666 u_max=5.6538404618e-05 vm_max=636739610.677 laser_center=[0.     0.0025 0.004 ] laser_switch=0 effective_power=0 vtk=
global_step=510 mode=layer_dwell layer=4/13 highest_printed_layer=4 hatch=4/4 scan=8/8 front_z=0.004 active_window_cells=54050/109200 printed_cells=54050/109200 cooling_only_cells=0/109200 mechanics_current=0 mechanics_source_step=496 T_min=347.05 T_max=347.053217422 u_max=5.6538404618e-05 vm_max=636739610.677 laser_center=[0.     0.0025 0.004 ] laser_switch=0 effective_power=0 vtk=
global_step=511 mode=layer_dwell layer=4/13 highest_printed_layer=4 hatch=4/4 scan=8/8 front_z=0.004 active_window_cells=54050/109200 printed_cells=54050/109200 cooling_only_cells=0/109200 mechanics_current=0 mechanics_source_step=496 T_min=347.05 T_max=347.052866074 u_max=5.6538404618e-05 vm_max=636739610.677 laser_center=[0.     0.0025 0.004 ] laser_switch=0 effective_power=0 vtk=
global_step=512 mode=layer_dwell layer=4/13 highest_printed_layer=4 hatch=4/4 scan=8/8 front_z=0.004 active_window_cells=54050/109200 printed_cells=54050/109200 cooling_only_cells=0/109200 mechanics_current=1 mechanics_source_step=512 T_min=347.05 T_max=347.052552974 u_max=5.65384813077e-05 vm_max=636741982.863 laser_center=[0.     0.0025 0.004 ] laser_switch=0 effective_power=0 vtk=/home/user/work/output/amb_l0_20260731T092534Z/step_000512_layer_dwell.vtu
global_step=513 mode=layer_dwell layer=4/13 highest_printed_layer=4 hatch=4/4 scan=8/8 front_z=0.004 active_window_cells=54050/109200 printed_cells=54050/109200 cooling_only_cells=0/109200 mechanics_current=0 mechanics_source_step=512 T_min=347.05 T_max=347.052273975 u_max=5.65384813077e-05 vm_max=636741982.863 laser_center=[0.     0.0025 0.004 ] laser_switch=0 effective_power=0 vtk=
global_step=514 mode=layer_dwell layer=4/13 highest_printed_layer=4 hatch=4/4 scan=8/8 front_z=0.004 active_window_cells=54050/109200 printed_cells=54050/109200 cooling_only_cells=0/109200 mechanics_current=0 mechanics_source_step=512 T_min=347.05 T_max=347.052025378 u_max=5.65384813077e-05 vm_max=636741982.863 laser_center=[0.     0.0025 0.004 ] laser_switch=0 effective_power=0 vtk=
global_step=515 mode=layer_dwell layer=4/13 highest_printed_layer=4 hatch=4/4 scan=8/8 front_z=0.004 active_window_cells=54050/109200 printed_cells=54050/109200 cooling_only_cells=0/109200 mechanics_current=0 mechanics_source_step=512 T_min=347.05 T_max=347.051803881 u_max=5.65384813077e-05 vm_max=636741982.863 laser_center=[0.     0.0025 0.004 ] laser_switch=0 effective_power=0 vtk=
global_step=516 mode=layer_dwell layer=4/13 highest_printed_layer=4 hatch=4/4 scan=8/8 front_z=0.004 active_window_cells=54050/109200 printed_cells=54050/109200 cooling_only_cells=0/109200 mechanics_current=0 mechanics_source_step=512 T_min=347.05 T_max=347.051606542 u_max=5.65384813077e-05 vm_max=636741982.863 laser_center=[0.     0.0025 0.004 ] laser_switch=0 effective_power=0 vtk=
global_step=517 mode=layer_dwell layer=4/13 highest_printed_layer=4 hatch=4/4 scan=8/8 front_z=0.004 active_window_cells=54050/109200 printed_cells=54050/109200 cooling_only_cells=0/109200 mechanics_current=0 mechanics_source_step=512 T_min=347.05 T_max=347.051430735 u_max=5.65384813077e-05 vm_max=636741982.863 laser_center=[0.     0.0025 0.004 ] laser_switch=0 effective_power=0 vtk=
global_step=518 mode=layer_dwell layer=4/13 highest_printed_layer=4 hatch=4/4 scan=8/8 front_z=0.004 active_window_cells=54050/109200 printed_cells=54050/109200 cooling_only_cells=0/109200 mechanics_current=0 mechanics_source_step=512 T_min=347.05 T_max=347.051274117 u_max=5.65384813077e-05 vm_max=636741982.863 laser_center=[0.     0.0025 0.004 ] laser_switch=0 effective_power=0 vtk=
global_step=519 mode=layer_dwell layer=4/13 highest_printed_layer=4 hatch=4/4 scan=8/8 front_z=0.004 active_window_cells=54050/109200 printed_cells=54050/109200 cooling_only_cells=0/109200 mechanics_current=0 mechanics_source_step=512 T_min=347.05 T_max=347.051274117 u_max=5.65384813077e-05 vm_max=636741982.863 laser_center=[0.     0.0025 0.004 ] laser_switch=0 effective_power=0 vtk=
global_step=520 mode=layer_dwell layer=4/13 highest_printed_layer=4 hatch=4/4 scan=8/8 front_z=0.004 active_window_cells=54050/109200 printed_cells=54050/109200 cooling_only_cells=0/109200 mechanics_current=0 mechanics_source_step=512 T_min=347.05 T_max=347.051274117 u_max=5.65384813077e-05 vm_max=636741982.863 laser_center=[0.     0.0025 0.004 ] laser_switch=0 effective_power=0 vtk=
global_step=521 mode=layer_dwell layer=4/13 highest_printed_layer=4 hatch=4/4 scan=8/8 front_z=0.004 active_window_cells=54050/109200 printed_cells=54050/109200 cooling_only_cells=0/109200 mechanics_current=0 mechanics_source_step=512 T_min=347.05 T_max=347.051274117 u_max=5.65384813077e-05 vm_max=636741982.863 laser_center=[0.     0.0025 0.004 ] laser_switch=0 effective_power=0 vtk=
global_step=522 mode=layer_dwell layer=4/13 highest_printed_layer=4 hatch=4/4 scan=8/8 front_z=0.004 active_window_cells=54050/109200 printed_cells=54050/109200 cooling_only_cells=0/109200 mechanics_current=0 mechanics_source_step=512 T_min=347.05 T_max=347.051274117 u_max=5.65384813077e-05 vm_max=636741982.863 laser_center=[0.     0.0025 0.004 ] laser_switch=0 effective_power=0 vtk=
global_step=523 mode=layer_dwell layer=4/13 highest_printed_layer=4 hatch=4/4 scan=8/8 front_z=0.004 active_window_cells=54050/109200 printed_cells=54050/109200 cooling_only_cells=0/109200 mechanics_current=0 mechanics_source_step=512 T_min=347.05 T_max=347.051274117 u_max=5.65384813077e-05 vm_max=636741982.863 laser_center=[0.     0.0025 0.004 ] laser_switch=0 effective_power=0 vtk=
global_step=524 mode=layer_dwell layer=4/13 highest_printed_layer=4 hatch=4/4 scan=8/8 front_z=0.004 active_window_cells=54050/109200 printed_cells=54050/109200 cooling_only_cells=0/109200 mechanics_current=0 mechanics_source_step=512 T_min=347.05 T_max=347.051274117 u_max=5.65384813077e-05 vm_max=636741982.863 laser_center=[0.     0.0025 0.004 ] laser_switch=0 effective_power=0 vtk=
global_step=525 mode=layer_dwell layer=4/13 highest_printed_layer=4 hatch=4/4 scan=8/8 front_z=0.004 active_window_cells=54050/109200 printed_cells=54050/109200 cooling_only_cells=0/109200 mechanics_current=0 mechanics_source_step=512 T_min=347.05 T_max=347.051274117 u_max=5.65384813077e-05 vm_max=636741982.863 laser_center=[0.     0.0025 0.004 ] laser_switch=0 effective_power=0 vtk=
global_step=526 mode=layer_dwell layer=4/13 highest_printed_layer=4 hatch=4/4 scan=8/8 front_z=0.004 active_window_cells=54050/109200 printed_cells=54050/109200 cooling_only_cells=0/109200 mechanics_current=0 mechanics_source_step=512 T_min=347.05 T_max=347.051274117 u_max=5.65384813077e-05 vm_max=636741982.863 laser_center=[0.     0.0025 0.004 ] laser_switch=0 effective_power=0 vtk=
global_step=527 mode=layer_dwell layer=4/13 highest_printed_layer=4 hatch=4/4 scan=8/8 front_z=0.004 active_window_cells=54050/109200 printed_cells=54050/109200 cooling_only_cells=0/109200 mechanics_current=0 mechanics_source_step=512 T_min=347.05 T_max=347.051274117 u_max=5.65384813077e-05 vm_max=636741982.863 laser_center=[0.     0.0025 0.004 ] laser_switch=0 effective_power=0 vtk=
global_step=528 mode=layer_dwell layer=4/13 highest_printed_layer=4 hatch=4/4 scan=8/8 front_z=0.004 active_window_cells=54050/109200 printed_cells=54050/109200 cooling_only_cells=0/109200 mechanics_current=1 mechanics_source_step=528 T_min=347.05 T_max=347.051274117 u_max=5.65384882392e-05 vm_max=636742196.755 laser_center=[0.     0.0025 0.004 ] laser_switch=0 effective_power=0 vtk=/home/user/work/output/amb_l0_20260731T092534Z/step_000528_layer_dwell.vtu
global_step=529 mode=layer_dwell layer=4/13 highest_printed_layer=4 hatch=4/4 scan=8/8 front_z=0.004 active_window_cells=54050/109200 printed_cells=54050/109200 cooling_only_cells=0/109200 mechanics_current=0 mechanics_source_step=528 T_min=347.05 T_max=347.051274117 u_max=5.65384882392e-05 vm_max=636742196.755 laser_center=[0.     0.0025 0.004 ] laser_switch=0 effective_power=0 vtk=
global_step=530 mode=layer_dwell layer=4/13 highest_printed_layer=4 hatch=4/4 scan=8/8 front_z=0.004 active_window_cells=54050/109200 printed_cells=54050/109200 cooling_only_cells=0/109200 mechanics_current=0 mechanics_source_step=528 T_min=347.05 T_max=347.051274117 u_max=5.65384882392e-05 vm_max=636742196.755 laser_center=[0.     0.0025 0.004 ] laser_switch=0 effective_power=0 vtk=
global_step=531 mode=layer_dwell layer=4/13 highest_printed_layer=4 hatch=4/4 scan=8/8 front_z=0.004 active_window_cells=54050/109200 printed_cells=54050/109200 cooling_only_cells=0/109200 mechanics_current=0 mechanics_source_step=528 T_min=347.05 T_max=347.051274117 u_max=5.65384882392e-05 vm_max=636742196.755 laser_center=[0.     0.0025 0.004 ] laser_switch=0 effective_power=0 vtk=
global_step=532 mode=scan layer=5/13 highest_printed_layer=5 hatch=1/4 scan=1/8 front_z=0.005 active_window_cells=55050/109200 printed_cells=55050/109200 cooling_only_cells=0/109200 mechanics_current=1 mechanics_source_step=532 T_min=347.05 T_max=1984.9928406 u_max=7.72625248547e-05 vm_max=586419737.442 laser_center=[ 0.     -0.0025  0.005 ] laser_switch=1 effective_power=30.225 vtk=/home/user/work/output/amb_l0_20260731T092534Z/step_000532_scan.vtu
global_step=533 mode=scan layer=5/13 highest_printed_layer=5 hatch=1/4 scan=2/8 front_z=0.005 active_window_cells=55050/109200 printed_cells=55050/109200 cooling_only_cells=0/109200 mechanics_current=0 mechanics_source_step=532 T_min=347.05 T_max=1480.66909813 u_max=7.72625248547e-05 vm_max=586419737.442 laser_center=[ 0.01071429 -0.0025      0.005     ] laser_switch=1 effective_power=30.225 vtk=
global_step=534 mode=scan layer=5/13 highest_printed_layer=5 hatch=1/4 scan=3/8 front_z=0.005 active_window_cells=55050/109200 printed_cells=55050/109200 cooling_only_cells=0/109200 mechanics_current=1 mechanics_source_step=534 T_min=347.05 T_max=1784.58406197 u_max=8.66254046986e-05 vm_max=622898963.869 laser_center=[ 0.02142857 -0.0025      0.005     ] laser_switch=1 effective_power=30.225 vtk=/home/user/work/output/amb_l0_20260731T092534Z/step_000534_scan.vtu
global_step=535 mode=scan layer=5/13 highest_printed_layer=5 hatch=1/4 scan=4/8 front_z=0.005 active_window_cells=55050/109200 printed_cells=55050/109200 cooling_only_cells=0/109200 mechanics_current=0 mechanics_source_step=534 T_min=347.05 T_max=1424.48314734 u_max=8.66254046986e-05 vm_max=622898963.869 laser_center=[ 0.03214286 -0.0025      0.005     ] laser_switch=1 effective_power=30.225 vtk=
global_step=536 mode=scan layer=5/13 highest_printed_layer=5 hatch=1/4 scan=5/8 front_z=0.005 active_window_cells=55050/109200 printed_cells=55050/109200 cooling_only_cells=0/109200 mechanics_current=0 mechanics_source_step=534 T_min=347.05 T_max=1419.87701356 u_max=8.66254046986e-05 vm_max=622898963.869 laser_center=[ 0.04285714 -0.0025      0.005     ] laser_switch=1 effective_power=30.225 vtk=
global_step=537 mode=scan layer=5/13 highest_printed_layer=5 hatch=1/4 scan=6/8 front_z=0.005 active_window_cells=55050/109200 printed_cells=55050/109200 cooling_only_cells=0/109200 mechanics_current=0 mechanics_source_step=534 T_min=347.05 T_max=1510.53742055 u_max=8.66254046986e-05 vm_max=622898963.869 laser_center=[ 0.05357143 -0.0025      0.005     ] laser_switch=1 effective_power=30.225 vtk=
global_step=538 mode=scan layer=5/13 highest_printed_layer=5 hatch=1/4 scan=7/8 front_z=0.005 active_window_cells=55050/109200 printed_cells=55050/109200 cooling_only_cells=0/109200 mechanics_current=0 mechanics_source_step=534 T_min=347.05 T_max=1323.79328769 u_max=8.66254046986e-05 vm_max=622898963.869 laser_center=[ 0.06428571 -0.0025      0.005     ] laser_switch=1 effective_power=30.225 vtk=
global_step=539 mode=scan layer=5/13 highest_printed_layer=5 hatch=1/4 scan=8/8 front_z=0.005 active_window_cells=55050/109200 printed_cells=55050/109200 cooling_only_cells=0/109200 mechanics_current=0 mechanics_source_step=534 T_min=347.05 T_max=2116.27552361 u_max=8.66254046986e-05 vm_max=622898963.869 laser_center=[ 0.075  -0.0025  0.005 ] laser_switch=1 effective_power=30.225 vtk=
global_step=540 mode=scan layer=5/13 highest_printed_layer=5 hatch=2/4 scan=1/8 front_z=0.005 active_window_cells=55050/109200 printed_cells=55050/109200 cooling_only_cells=0/109200 mechanics_current=0 mechanics_source_step=534 T_min=347.05 T_max=1431.81491004 u_max=8.66254046986e-05 vm_max=622898963.869 laser_center=[ 0.075      -0.00083333  0.005     ] laser_switch=1 effective_power=30.225 vtk=
global_step=541 mode=scan layer=5/13 highest_printed_layer=5 hatch=2/4 scan=2/8 front_z=0.005 active_window_cells=55050/109200 printed_cells=55050/109200 cooling_only_cells=0/109200 mechanics_current=0 mechanics_source_step=534 T_min=347.05 T_max=722.501195423 u_max=8.66254046986e-05 vm_max=622898963.869 laser_center=[ 0.06428571 -0.00083333  0.005     ] laser_switch=1 effective_power=30.225 vtk=
global_step=542 mode=scan layer=5/13 highest_printed_layer=5 hatch=2/4 scan=3/8 front_z=0.005 active_window_cells=55050/109200 printed_cells=55050/109200 cooling_only_cells=0/109200 mechanics_current=0 mechanics_source_step=534 T_min=347.05 T_max=1298.17933345 u_max=8.66254046986e-05 vm_max=622898963.869 laser_center=[ 0.05357143 -0.00083333  0.005     ] laser_switch=1 effective_power=30.225 vtk=
global_step=543 mode=scan layer=5/13 highest_printed_layer=5 hatch=2/4 scan=4/8 front_z=0.005 active_window_cells=55050/109200 printed_cells=55050/109200 cooling_only_cells=0/109200 mechanics_current=0 mechanics_source_step=534 T_min=347.05 T_max=998.517943699 u_max=8.66254046986e-05 vm_max=622898963.869 laser_center=[ 0.04285714 -0.00083333  0.005     ] laser_switch=1 effective_power=30.225 vtk=
global_step=544 mode=scan layer=5/13 highest_printed_layer=5 hatch=2/4 scan=5/8 front_z=0.005 active_window_cells=55050/109200 printed_cells=55050/109200 cooling_only_cells=0/109200 mechanics_current=1 mechanics_source_step=544 T_min=347.05 T_max=1014.63330457 u_max=6.471515656e-05 vm_max=628379302.52 laser_center=[ 0.03214286 -0.00083333  0.005     ] laser_switch=1 effective_power=30.225 vtk=/home/user/work/output/amb_l0_20260731T092534Z/step_000544_scan.vtu
global_step=545 mode=scan layer=5/13 highest_printed_layer=5 hatch=2/4 scan=6/8 front_z=0.005 active_window_cells=55050/109200 printed_cells=55050/109200 cooling_only_cells=0/109200 mechanics_current=1 mechanics_source_step=545 T_min=347.05 T_max=1736.57644334 u_max=0.000109242099055 vm_max=628858044.895 laser_center=[ 0.02142857 -0.00083333  0.005     ] laser_switch=1 effective_power=30.225 vtk=/home/user/work/output/amb_l0_20260731T092534Z/step_000545_scan.vtu
global_step=546 mode=scan layer=5/13 highest_printed_layer=5 hatch=2/4 scan=7/8 front_z=0.005 active_window_cells=55050/109200 printed_cells=55050/109200 cooling_only_cells=0/109200 mechanics_current=0 mechanics_source_step=545 T_min=347.05 T_max=985.415910595 u_max=0.000109242099055 vm_max=628858044.895 laser_center=[ 0.01071429 -0.00083333  0.005     ] laser_switch=1 effective_power=30.225 vtk=
global_step=547 mode=scan layer=5/13 highest_printed_layer=5 hatch=2/4 scan=8/8 front_z=0.005 active_window_cells=55050/109200 printed_cells=55050/109200 cooling_only_cells=0/109200 mechanics_current=0 mechanics_source_step=545 T_min=347.05 T_max=1410.11856519 u_max=0.000109242099055 vm_max=628858044.895 laser_center=[ 0.         -0.00083333  0.005     ] laser_switch=1 effective_power=30.225 vtk=
global_step=548 mode=scan layer=5/13 highest_printed_layer=5 hatch=3/4 scan=1/8 front_z=0.005 active_window_cells=55050/109200 printed_cells=55050/109200 cooling_only_cells=0/109200 mechanics_current=0 mechanics_source_step=545 T_min=347.05 T_max=1241.18440024 u_max=0.000109242099055 vm_max=628858044.895 laser_center=[0.         0.00083333 0.005     ] laser_switch=1 effective_power=30.225 vtk=
global_step=549 mode=scan layer=5/13 highest_printed_layer=5 hatch=3/4 scan=2/8 front_z=0.005 active_window_cells=55050/109200 printed_cells=55050/109200 cooling_only_cells=0/109200 mechanics_current=0 mechanics_source_step=545 T_min=347.05 T_max=982.407580418 u_max=0.000109242099055 vm_max=628858044.895 laser_center=[0.01071429 0.00083333 0.005     ] laser_switch=1 effective_power=30.225 vtk=
global_step=550 mode=scan layer=5/13 highest_printed_layer=5 hatch=3/4 scan=3/8 front_z=0.005 active_window_cells=55050/109200 printed_cells=55050/109200 cooling_only_cells=0/109200 mechanics_current=1 mechanics_source_step=550 T_min=347.05 T_max=1735.43249105 u_max=0.000113655078926 vm_max=623373828.758 laser_center=[0.02142857 0.00083333 0.005     ] laser_switch=1 effective_power=30.225 vtk=/home/user/work/output/amb_l0_20260731T092534Z/step_000550_scan.vtu
global_step=551 mode=scan layer=5/13 highest_printed_layer=5 hatch=3/4 scan=4/8 front_z=0.005 active_window_cells=55050/109200 printed_cells=55050/109200 cooling_only_cells=0/109200 mechanics_current=0 mechanics_source_step=550 T_min=347.05 T_max=1014.1542023 u_max=0.000113655078926 vm_max=623373828.758 laser_center=[0.03214286 0.00083333 0.005     ] laser_switch=1 effective_power=30.225 vtk=
global_step=552 mode=scan layer=5/13 highest_printed_layer=5 hatch=3/4 scan=5/8 front_z=0.005 active_window_cells=55050/109200 printed_cells=55050/109200 cooling_only_cells=0/109200 mechanics_current=0 mechanics_source_step=550 T_min=347.05 T_max=999.327460324 u_max=0.000113655078926 vm_max=623373828.758 laser_center=[0.04285714 0.00083333 0.005     ] laser_switch=1 effective_power=30.225 vtk=
global_step=553 mode=scan layer=5/13 highest_printed_layer=5 hatch=3/4 scan=6/8 front_z=0.005 active_window_cells=55050/109200 printed_cells=55050/109200 cooling_only_cells=0/109200 mechanics_current=0 mechanics_source_step=550 T_min=347.05 T_max=1297.94987823 u_max=0.000113655078926 vm_max=623373828.758 laser_center=[0.05357143 0.00083333 0.005     ] laser_switch=1 effective_power=30.225 vtk=
global_step=554 mode=scan layer=5/13 highest_printed_layer=5 hatch=3/4 scan=7/8 front_z=0.005 active_window_cells=55050/109200 printed_cells=55050/109200 cooling_only_cells=0/109200 mechanics_current=0 mechanics_source_step=550 T_min=347.05 T_max=713.897818389 u_max=0.000113655078926 vm_max=623373828.758 laser_center=[0.06428571 0.00083333 0.005     ] laser_switch=1 effective_power=30.225 vtk=
global_step=555 mode=scan layer=5/13 highest_printed_layer=5 hatch=3/4 scan=8/8 front_z=0.005 active_window_cells=55050/109200 printed_cells=55050/109200 cooling_only_cells=0/109200 mechanics_current=0 mechanics_source_step=550 T_min=347.05 T_max=1598.368783 u_max=0.000113655078926 vm_max=623373828.758 laser_center=[0.075      0.00083333 0.005     ] laser_switch=1 effective_power=30.225 vtk=
global_step=556 mode=scan layer=5/13 highest_printed_layer=5 hatch=4/4 scan=1/8 front_z=0.005 active_window_cells=55050/109200 printed_cells=55050/109200 cooling_only_cells=0/109200 mechanics_current=0 mechanics_source_step=550 T_min=347.05 T_max=1776.45914005 u_max=0.000113655078926 vm_max=623373828.758 laser_center=[0.075  0.0025 0.005 ] laser_switch=1 effective_power=30.225 vtk=
global_step=557 mode=scan layer=5/13 highest_printed_layer=5 hatch=4/4 scan=2/8 front_z=0.005 active_window_cells=55050/109200 printed_cells=55050/109200 cooling_only_cells=0/109200 mechanics_current=0 mechanics_source_step=550 T_min=347.05 T_max=1318.4959649 u_max=0.000113655078926 vm_max=623373828.758 laser_center=[0.06428571 0.0025     0.005     ] laser_switch=1 effective_power=30.225 vtk=
global_step=558 mode=scan layer=5/13 highest_printed_layer=5 hatch=4/4 scan=3/8 front_z=0.005 active_window_cells=55050/109200 printed_cells=55050/109200 cooling_only_cells=0/109200 mechanics_current=0 mechanics_source_step=550 T_min=347.05 T_max=1516.87118488 u_max=0.000113655078926 vm_max=623373828.758 laser_center=[0.05357143 0.0025     0.005     ] laser_switch=1 effective_power=30.225 vtk=
global_step=559 mode=scan layer=5/13 highest_printed_layer=5 hatch=4/4 scan=4/8 front_z=0.005 active_window_cells=55050/109200 printed_cells=55050/109200 cooling_only_cells=0/109200 mechanics_current=0 mechanics_source_step=550 T_min=347.05 T_max=1428.4896806 u_max=0.000113655078926 vm_max=623373828.758 laser_center=[0.04285714 0.0025     0.005     ] laser_switch=1 effective_power=30.225 vtk=
global_step=560 mode=scan layer=5/13 highest_printed_layer=5 hatch=4/4 scan=5/8 front_z=0.005 active_window_cells=55050/109200 printed_cells=55050/109200 cooling_only_cells=0/109200 mechanics_current=1 mechanics_source_step=560 T_min=347.05 T_max=1427.56454206 u_max=6.46435677811e-05 vm_max=627716398.618 laser_center=[0.03214286 0.0025     0.005     ] laser_switch=1 effective_power=30.225 vtk=/home/user/work/output/amb_l0_20260731T092534Z/step_000560_scan.vtu
global_step=561 mode=scan layer=5/13 highest_printed_layer=5 hatch=4/4 scan=6/8 front_z=0.005 active_window_cells=55050/109200 printed_cells=55050/109200 cooling_only_cells=0/109200 mechanics_current=1 mechanics_source_step=561 T_min=347.05 T_max=1789.96911872 u_max=9.54315630623e-05 vm_max=624678981.489 laser_center=[0.02142857 0.0025     0.005     ] laser_switch=1 effective_power=30.225 vtk=/home/user/work/output/amb_l0_20260731T092534Z/step_000561_scan.vtu
global_step=562 mode=scan layer=5/13 highest_printed_layer=5 hatch=4/4 scan=7/8 front_z=0.005 active_window_cells=55050/109200 printed_cells=55050/109200 cooling_only_cells=0/109200 mechanics_current=0 mechanics_source_step=561 T_min=347.05 T_max=1484.21309642 u_max=9.54315630623e-05 vm_max=624678981.489 laser_center=[0.01071429 0.0025     0.005     ] laser_switch=1 effective_power=30.225 vtk=
global_step=563 mode=scan layer=5/13 highest_printed_layer=5 hatch=4/4 scan=8/8 front_z=0.005 active_window_cells=55050/109200 printed_cells=55050/109200 cooling_only_cells=0/109200 mechanics_current=0 mechanics_source_step=561 T_min=347.05 T_max=1569.75473947 u_max=9.54315630623e-05 vm_max=624678981.489 laser_center=[0.     0.0025 0.005 ] laser_switch=1 effective_power=30.225 vtk=
global_step=564 mode=layer_dwell layer=5/13 highest_printed_layer=5 hatch=4/4 scan=8/8 front_z=0.005 active_window_cells=55050/109200 printed_cells=55050/109200 cooling_only_cells=0/109200 mechanics_current=0 mechanics_source_step=561 T_min=347.05 T_max=525.394907513 u_max=9.54315630623e-05 vm_max=624678981.489 laser_center=[0.     0.0025 0.005 ] laser_switch=0 effective_power=0 vtk=
global_step=565 mode=layer_dwell layer=5/13 highest_printed_layer=5 hatch=4/4 scan=8/8 front_z=0.005 active_window_cells=55050/109200 printed_cells=55050/109200 cooling_only_cells=0/109200 mechanics_current=0 mechanics_source_step=561 T_min=347.05 T_max=421.218999879 u_max=9.54315630623e-05 vm_max=624678981.489 laser_center=[0.     0.0025 0.005 ] laser_switch=0 effective_power=0 vtk=
global_step=566 mode=layer_dwell layer=5/13 highest_printed_layer=5 hatch=4/4 scan=8/8 front_z=0.005 active_window_cells=55050/109200 printed_cells=55050/109200 cooling_only_cells=0/109200 mechanics_current=0 mechanics_source_step=561 T_min=347.05 T_max=396.81955585 u_max=9.54315630623e-05 vm_max=624678981.489 laser_center=[0.     0.0025 0.005 ] laser_switch=0 effective_power=0 vtk=
global_step=567 mode=layer_dwell layer=5/13 highest_printed_layer=5 hatch=4/4 scan=8/8 front_z=0.005 active_window_cells=55050/109200 printed_cells=55050/109200 cooling_only_cells=0/109200 mechanics_current=0 mechanics_source_step=561 T_min=347.05 T_max=390.212907666 u_max=9.54315630623e-05 vm_max=624678981.489 laser_center=[0.     0.0025 0.005 ] laser_switch=0 effective_power=0 vtk=
global_step=568 mode=layer_dwell layer=5/13 highest_printed_layer=5 hatch=4/4 scan=8/8 front_z=0.005 active_window_cells=55050/109200 printed_cells=55050/109200 cooling_only_cells=0/109200 mechanics_current=0 mechanics_source_step=561 T_min=347.05 T_max=385.500506398 u_max=9.54315630623e-05 vm_max=624678981.489 laser_center=[0.     0.0025 0.005 ] laser_switch=0 effective_power=0 vtk=
global_step=569 mode=layer_dwell layer=5/13 highest_printed_layer=5 hatch=4/4 scan=8/8 front_z=0.005 active_window_cells=55050/109200 printed_cells=55050/109200 cooling_only_cells=0/109200 mechanics_current=0 mechanics_source_step=561 T_min=347.05 T_max=380.813846876 u_max=9.54315630623e-05 vm_max=624678981.489 laser_center=[0.     0.0025 0.005 ] laser_switch=0 effective_power=0 vtk=
global_step=570 mode=layer_dwell layer=5/13 highest_printed_layer=5 hatch=4/4 scan=8/8 front_z=0.005 active_window_cells=55050/109200 printed_cells=55050/109200 cooling_only_cells=0/109200 mechanics_current=0 mechanics_source_step=561 T_min=347.05 T_max=376.437703074 u_max=9.54315630623e-05 vm_max=624678981.489 laser_center=[0.     0.0025 0.005 ] laser_switch=0 effective_power=0 vtk=
global_step=571 mode=layer_dwell layer=5/13 highest_printed_layer=5 hatch=4/4 scan=8/8 front_z=0.005 active_window_cells=55050/109200 printed_cells=55050/109200 cooling_only_cells=0/109200 mechanics_current=0 mechanics_source_step=561 T_min=347.05 T_max=372.532637096 u_max=9.54315630623e-05 vm_max=624678981.489 laser_center=[0.     0.0025 0.005 ] laser_switch=0 effective_power=0 vtk=
global_step=572 mode=layer_dwell layer=5/13 highest_printed_layer=5 hatch=4/4 scan=8/8 front_z=0.005 active_window_cells=55050/109200 printed_cells=55050/109200 cooling_only_cells=0/109200 mechanics_current=0 mechanics_source_step=561 T_min=347.05 T_max=369.056071501 u_max=9.54315630623e-05 vm_max=624678981.489 laser_center=[0.     0.0025 0.005 ] laser_switch=0 effective_power=0 vtk=
global_step=573 mode=layer_dwell layer=5/13 highest_printed_layer=5 hatch=4/4 scan=8/8 front_z=0.005 active_window_cells=55050/109200 printed_cells=55050/109200 cooling_only_cells=0/109200 mechanics_current=0 mechanics_source_step=561 T_min=347.05 T_max=366.003281817 u_max=9.54315630623e-05 vm_max=624678981.489 laser_center=[0.     0.0025 0.005 ] laser_switch=0 effective_power=0 vtk=
global_step=574 mode=layer_dwell layer=5/13 highest_printed_layer=5 hatch=4/4 scan=8/8 front_z=0.005 active_window_cells=55050/109200 printed_cells=55050/109200 cooling_only_cells=0/109200 mechanics_current=0 mechanics_source_step=561 T_min=347.05 T_max=363.349000819 u_max=9.54315630623e-05 vm_max=624678981.489 laser_center=[0.     0.0025 0.005 ] laser_switch=0 effective_power=0 vtk=
global_step=575 mode=layer_dwell layer=5/13 highest_printed_layer=5 hatch=4/4 scan=8/8 front_z=0.005 active_window_cells=55050/109200 printed_cells=55050/109200 cooling_only_cells=0/109200 mechanics_current=0 mechanics_source_step=561 T_min=347.05 T_max=361.054658501 u_max=9.54315630623e-05 vm_max=624678981.489 laser_center=[0.     0.0025 0.005 ] laser_switch=0 effective_power=0 vtk=
global_step=576 mode=layer_dwell layer=5/13 highest_printed_layer=5 hatch=4/4 scan=8/8 front_z=0.005 active_window_cells=55050/109200 printed_cells=55050/109200 cooling_only_cells=0/109200 mechanics_current=1 mechanics_source_step=576 T_min=347.05 T_max=359.078944937 u_max=6.47006019389e-05 vm_max=630454228.237 laser_center=[0.     0.0025 0.005 ] laser_switch=0 effective_power=0 vtk=/home/user/work/output/amb_l0_20260731T092534Z/step_000576_layer_dwell.vtu
global_step=577 mode=layer_dwell layer=5/13 highest_printed_layer=5 hatch=4/4 scan=8/8 front_z=0.005 active_window_cells=55050/109200 printed_cells=55050/109200 cooling_only_cells=0/109200 mechanics_current=0 mechanics_source_step=576 T_min=347.05 T_max=357.381456681 u_max=6.47006019389e-05 vm_max=630454228.237 laser_center=[0.     0.0025 0.005 ] laser_switch=0 effective_power=0 vtk=
global_step=578 mode=layer_dwell layer=5/13 highest_printed_layer=5 hatch=4/4 scan=8/8 front_z=0.005 active_window_cells=55050/109200 printed_cells=55050/109200 cooling_only_cells=0/109200 mechanics_current=0 mechanics_source_step=576 T_min=347.05 T_max=355.924033613 u_max=6.47006019389e-05 vm_max=630454228.237 laser_center=[0.     0.0025 0.005 ] laser_switch=0 effective_power=0 vtk=
global_step=579 mode=layer_dwell layer=5/13 highest_printed_layer=5 hatch=4/4 scan=8/8 front_z=0.005 active_window_cells=55050/109200 printed_cells=55050/109200 cooling_only_cells=0/109200 mechanics_current=0 mechanics_source_step=576 T_min=347.05 T_max=354.674415531 u_max=6.47006019389e-05 vm_max=630454228.237 laser_center=[0.     0.0025 0.005 ] laser_switch=0 effective_power=0 vtk=
global_step=580 mode=layer_dwell layer=5/13 highest_printed_layer=5 hatch=4/4 scan=8/8 front_z=0.005 active_window_cells=55050/109200 printed_cells=55050/109200 cooling_only_cells=0/109200 mechanics_current=0 mechanics_source_step=576 T_min=347.05 T_max=353.602528095 u_max=6.47006019389e-05 vm_max=630454228.237 laser_center=[0.     0.0025 0.005 ] laser_switch=0 effective_power=0 vtk=
global_step=581 mode=layer_dwell layer=5/13 highest_printed_layer=5 hatch=4/4 scan=8/8 front_z=0.005 active_window_cells=55050/109200 printed_cells=55050/109200 cooling_only_cells=0/109200 mechanics_current=0 mechanics_source_step=576 T_min=347.05 T_max=352.683824579 u_max=6.47006019389e-05 vm_max=630454228.237 laser_center=[0.     0.0025 0.005 ] laser_switch=0 effective_power=0 vtk=
global_step=582 mode=layer_dwell layer=5/13 highest_printed_layer=5 hatch=4/4 scan=8/8 front_z=0.005 active_window_cells=55050/109200 printed_cells=55050/109200 cooling_only_cells=0/109200 mechanics_current=0 mechanics_source_step=576 T_min=347.05 T_max=351.895860011 u_max=6.47006019389e-05 vm_max=630454228.237 laser_center=[0.     0.0025 0.005 ] laser_switch=0 effective_power=0 vtk=
global_step=583 mode=layer_dwell layer=5/13 highest_printed_layer=5 hatch=4/4 scan=8/8 front_z=0.005 active_window_cells=55050/109200 printed_cells=55050/109200 cooling_only_cells=0/109200 mechanics_current=0 mechanics_source_step=576 T_min=347.05 T_max=351.219959146 u_max=6.47006019389e-05 vm_max=630454228.237 laser_center=[0.     0.0025 0.005 ] laser_switch=0 effective_power=0 vtk=
global_step=584 mode=layer_dwell layer=5/13 highest_printed_layer=5 hatch=4/4 scan=8/8 front_z=0.005 active_window_cells=55050/109200 printed_cells=55050/109200 cooling_only_cells=0/109200 mechanics_current=0 mechanics_source_step=576 T_min=347.05 T_max=350.640062736 u_max=6.47006019389e-05 vm_max=630454228.237 laser_center=[0.     0.0025 0.005 ] laser_switch=0 effective_power=0 vtk=
global_step=585 mode=layer_dwell layer=5/13 highest_printed_layer=5 hatch=4/4 scan=8/8 front_z=0.005 active_window_cells=55050/109200 printed_cells=55050/109200 cooling_only_cells=0/109200 mechanics_current=0 mechanics_source_step=576 T_min=347.05 T_max=350.142383724 u_max=6.47006019389e-05 vm_max=630454228.237 laser_center=[0.     0.0025 0.005 ] laser_switch=0 effective_power=0 vtk=
global_step=586 mode=layer_dwell layer=5/13 highest_printed_layer=5 hatch=4/4 scan=8/8 front_z=0.005 active_window_cells=55050/109200 printed_cells=55050/109200 cooling_only_cells=0/109200 mechanics_current=0 mechanics_source_step=576 T_min=347.05 T_max=349.715106143 u_max=6.47006019389e-05 vm_max=630454228.237 laser_center=[0.     0.0025 0.005 ] laser_switch=0 effective_power=0 vtk=
global_step=587 mode=layer_dwell layer=5/13 highest_printed_layer=5 hatch=4/4 scan=8/8 front_z=0.005 active_window_cells=55050/109200 printed_cells=55050/109200 cooling_only_cells=0/109200 mechanics_current=0 mechanics_source_step=576 T_min=347.05 T_max=349.34811486 u_max=6.47006019389e-05 vm_max=630454228.237 laser_center=[0.     0.0025 0.005 ] laser_switch=0 effective_power=0 vtk=
global_step=588 mode=layer_dwell layer=5/13 highest_printed_layer=5 hatch=4/4 scan=8/8 front_z=0.005 active_window_cells=55050/109200 printed_cells=55050/109200 cooling_only_cells=0/109200 mechanics_current=0 mechanics_source_step=576 T_min=347.05 T_max=349.032901012 u_max=6.47006019389e-05 vm_max=630454228.237 laser_center=[0.     0.0025 0.005 ] laser_switch=0 effective_power=0 vtk=
global_step=589 mode=layer_dwell layer=5/13 highest_printed_layer=5 hatch=4/4 scan=8/8 front_z=0.005 active_window_cells=55050/109200 printed_cells=55050/109200 cooling_only_cells=0/109200 mechanics_current=0 mechanics_source_step=576 T_min=347.05 T_max=348.762096654 u_max=6.47006019389e-05 vm_max=630454228.237 laser_center=[0.     0.0025 0.005 ] laser_switch=0 effective_power=0 vtk=
global_step=590 mode=layer_dwell layer=5/13 highest_printed_layer=5 hatch=4/4 scan=8/8 front_z=0.005 active_window_cells=55050/109200 printed_cells=55050/109200 cooling_only_cells=0/109200 mechanics_current=0 mechanics_source_step=576 T_min=347.05 T_max=348.529576272 u_max=6.47006019389e-05 vm_max=630454228.237 laser_center=[0.     0.0025 0.005 ] laser_switch=0 effective_power=0 vtk=
global_step=591 mode=layer_dwell layer=5/13 highest_printed_layer=5 hatch=4/4 scan=8/8 front_z=0.005 active_window_cells=55050/109200 printed_cells=55050/109200 cooling_only_cells=0/109200 mechanics_current=0 mechanics_source_step=576 T_min=347.05 T_max=348.347511395 u_max=6.47006019389e-05 vm_max=630454228.237 laser_center=[0.     0.0025 0.005 ] laser_switch=0 effective_power=0 vtk=
global_step=592 mode=layer_dwell layer=5/13 highest_printed_layer=5 hatch=4/4 scan=8/8 front_z=0.005 active_window_cells=55050/109200 printed_cells=55050/109200 cooling_only_cells=0/109200 mechanics_current=1 mechanics_source_step=592 T_min=347.05 T_max=348.201963024 u_max=6.47784401233e-05 vm_max=633554260.703 laser_center=[0.     0.0025 0.005 ] laser_switch=0 effective_power=0 vtk=/home/user/work/output/amb_l0_20260731T092534Z/step_000592_layer_dwell.vtu
global_step=593 mode=layer_dwell layer=5/13 highest_printed_layer=5 hatch=4/4 scan=8/8 front_z=0.005 active_window_cells=55050/109200 printed_cells=55050/109200 cooling_only_cells=0/109200 mechanics_current=0 mechanics_source_step=592 T_min=347.05 T_max=348.07656759 u_max=6.47784401233e-05 vm_max=633554260.703 laser_center=[0.     0.0025 0.005 ] laser_switch=0 effective_power=0 vtk=
global_step=594 mode=layer_dwell layer=5/13 highest_printed_layer=5 hatch=4/4 scan=8/8 front_z=0.005 active_window_cells=55050/109200 printed_cells=55050/109200 cooling_only_cells=0/109200 mechanics_current=0 mechanics_source_step=592 T_min=347.05 T_max=347.967436909 u_max=6.47784401233e-05 vm_max=633554260.703 laser_center=[0.     0.0025 0.005 ] laser_switch=0 effective_power=0 vtk=
global_step=595 mode=layer_dwell layer=5/13 highest_printed_layer=5 hatch=4/4 scan=8/8 front_z=0.005 active_window_cells=55050/109200 printed_cells=55050/109200 cooling_only_cells=0/109200 mechanics_current=0 mechanics_source_step=592 T_min=347.05 T_max=347.871935308 u_max=6.47784401233e-05 vm_max=633554260.703 laser_center=[0.     0.0025 0.005 ] laser_switch=0 effective_power=0 vtk=
global_step=596 mode=layer_dwell layer=5/13 highest_printed_layer=5 hatch=4/4 scan=8/8 front_z=0.005 active_window_cells=55050/109200 printed_cells=55050/109200 cooling_only_cells=0/109200 mechanics_current=0 mechanics_source_step=592 T_min=347.05 T_max=347.786766249 u_max=6.47784401233e-05 vm_max=633554260.703 laser_center=[0.     0.0025 0.005 ] laser_switch=0 effective_power=0 vtk=
global_step=597 mode=layer_dwell layer=5/13 highest_printed_layer=5 hatch=4/4 scan=8/8 front_z=0.005 active_window_cells=55050/109200 printed_cells=55050/109200 cooling_only_cells=0/109200 mechanics_current=0 mechanics_source_step=592 T_min=347.05 T_max=347.710088831 u_max=6.47784401233e-05 vm_max=633554260.703 laser_center=[0.     0.0025 0.005 ] laser_switch=0 effective_power=0 vtk=
global_step=598 mode=layer_dwell layer=5/13 highest_printed_layer=5 hatch=4/4 scan=8/8 front_z=0.005 active_window_cells=55050/109200 printed_cells=55050/109200 cooling_only_cells=0/109200 mechanics_current=0 mechanics_source_step=592 T_min=347.05 T_max=347.641115136 u_max=6.47784401233e-05 vm_max=633554260.703 laser_center=[0.     0.0025 0.005 ] laser_switch=0 effective_power=0 vtk=
global_step=599 mode=layer_dwell layer=5/13 highest_printed_layer=5 hatch=4/4 scan=8/8 front_z=0.005 active_window_cells=55050/109200 printed_cells=55050/109200 cooling_only_cells=0/109200 mechanics_current=0 mechanics_source_step=592 T_min=347.05 T_max=347.579119272 u_max=6.47784401233e-05 vm_max=633554260.703 laser_center=[0.     0.0025 0.005 ] laser_switch=0 effective_power=0 vtk=
global_step=600 mode=layer_dwell layer=5/13 highest_printed_layer=5 hatch=4/4 scan=8/8 front_z=0.005 active_window_cells=55050/109200 printed_cells=55050/109200 cooling_only_cells=0/109200 mechanics_current=0 mechanics_source_step=592 T_min=347.05 T_max=347.523434811 u_max=6.47784401233e-05 vm_max=633554260.703 laser_center=[0.     0.0025 0.005 ] laser_switch=0 effective_power=0 vtk=
global_step=601 mode=layer_dwell layer=5/13 highest_printed_layer=5 hatch=4/4 scan=8/8 front_z=0.005 active_window_cells=55050/109200 printed_cells=55050/109200 cooling_only_cells=0/109200 mechanics_current=0 mechanics_source_step=592 T_min=347.05 T_max=347.473451743 u_max=6.47784401233e-05 vm_max=633554260.703 laser_center=[0.     0.0025 0.005 ] laser_switch=0 effective_power=0 vtk=
global_step=602 mode=layer_dwell layer=5/13 highest_printed_layer=5 hatch=4/4 scan=8/8 front_z=0.005 active_window_cells=55050/109200 printed_cells=55050/109200 cooling_only_cells=0/109200 mechanics_current=0 mechanics_source_step=592 T_min=347.05 T_max=347.428613149 u_max=6.47784401233e-05 vm_max=633554260.703 laser_center=[0.     0.0025 0.005 ] laser_switch=0 effective_power=0 vtk=
global_step=603 mode=layer_dwell layer=5/13 highest_printed_layer=5 hatch=4/4 scan=8/8 front_z=0.005 active_window_cells=55050/109200 printed_cells=55050/109200 cooling_only_cells=0/109200 mechanics_current=0 mechanics_source_step=592 T_min=347.05 T_max=347.388411729 u_max=6.47784401233e-05 vm_max=633554260.703 laser_center=[0.     0.0025 0.005 ] laser_switch=0 effective_power=0 vtk=
global_step=604 mode=layer_dwell layer=5/13 highest_printed_layer=5 hatch=4/4 scan=8/8 front_z=0.005 active_window_cells=55050/109200 printed_cells=55050/109200 cooling_only_cells=0/109200 mechanics_current=0 mechanics_source_step=592 T_min=347.05 T_max=347.3523863 u_max=6.47784401233e-05 vm_max=633554260.703 laser_center=[0.     0.0025 0.005 ] laser_switch=0 effective_power=0 vtk=
global_step=605 mode=layer_dwell layer=5/13 highest_printed_layer=5 hatch=4/4 scan=8/8 front_z=0.005 active_window_cells=55050/109200 printed_cells=55050/109200 cooling_only_cells=0/109200 mechanics_current=0 mechanics_source_step=592 T_min=347.05 T_max=347.320118342 u_max=6.47784401233e-05 vm_max=633554260.703 laser_center=[0.     0.0025 0.005 ] laser_switch=0 effective_power=0 vtk=
global_step=606 mode=layer_dwell layer=5/13 highest_printed_layer=5 hatch=4/4 scan=8/8 front_z=0.005 active_window_cells=55050/109200 printed_cells=55050/109200 cooling_only_cells=0/109200 mechanics_current=0 mechanics_source_step=592 T_min=347.05 T_max=347.291228648 u_max=6.47784401233e-05 vm_max=633554260.703 laser_center=[0.     0.0025 0.005 ] laser_switch=0 effective_power=0 vtk=
global_step=607 mode=layer_dwell layer=5/13 highest_printed_layer=5 hatch=4/4 scan=8/8 front_z=0.005 active_window_cells=55050/109200 printed_cells=55050/109200 cooling_only_cells=0/109200 mechanics_current=0 mechanics_source_step=592 T_min=347.05 T_max=347.265374113 u_max=6.47784401233e-05 vm_max=633554260.703 laser_center=[0.     0.0025 0.005 ] laser_switch=0 effective_power=0 vtk=
global_step=608 mode=layer_dwell layer=5/13 highest_printed_layer=5 hatch=4/4 scan=8/8 front_z=0.005 active_window_cells=55050/109200 printed_cells=55050/109200 cooling_only_cells=0/109200 mechanics_current=1 mechanics_source_step=608 T_min=347.05 T_max=347.242244689 u_max=6.47871509352e-05 vm_max=633891022.448 laser_center=[0.     0.0025 0.005 ] laser_switch=0 effective_power=0 vtk=/home/user/work/output/amb_l0_20260731T092534Z/step_000608_layer_dwell.vtu
global_step=609 mode=layer_dwell layer=5/13 highest_printed_layer=5 hatch=4/4 scan=8/8 front_z=0.005 active_window_cells=55050/109200 printed_cells=55050/109200 cooling_only_cells=0/109200 mechanics_current=0 mechanics_source_step=608 T_min=347.05 T_max=347.22156052 u_max=6.47871509352e-05 vm_max=633891022.448 laser_center=[0.     0.0025 0.005 ] laser_switch=0 effective_power=0 vtk=
global_step=610 mode=layer_dwell layer=5/13 highest_printed_layer=5 hatch=4/4 scan=8/8 front_z=0.005 active_window_cells=55050/109200 printed_cells=55050/109200 cooling_only_cells=0/109200 mechanics_current=0 mechanics_source_step=608 T_min=347.05 T_max=347.203069262 u_max=6.47871509352e-05 vm_max=633891022.448 laser_center=[0.     0.0025 0.005 ] laser_switch=0 effective_power=0 vtk=
global_step=611 mode=layer_dwell layer=5/13 highest_printed_layer=5 hatch=4/4 scan=8/8 front_z=0.005 active_window_cells=55050/109200 printed_cells=55050/109200 cooling_only_cells=0/109200 mechanics_current=0 mechanics_source_step=608 T_min=347.05 T_max=347.186543596 u_max=6.47871509352e-05 vm_max=633891022.448 laser_center=[0.     0.0025 0.005 ] laser_switch=0 effective_power=0 vtk=
global_step=612 mode=layer_dwell layer=5/13 highest_printed_layer=5 hatch=4/4 scan=8/8 front_z=0.005 active_window_cells=55050/109200 printed_cells=55050/109200 cooling_only_cells=0/109200 mechanics_current=0 mechanics_source_step=608 T_min=347.05 T_max=347.171778916 u_max=6.47871509352e-05 vm_max=633891022.448 laser_center=[0.     0.0025 0.005 ] laser_switch=0 effective_power=0 vtk=
global_step=613 mode=layer_dwell layer=5/13 highest_printed_layer=5 hatch=4/4 scan=8/8 front_z=0.005 active_window_cells=55050/109200 printed_cells=55050/109200 cooling_only_cells=0/109200 mechanics_current=0 mechanics_source_step=608 T_min=347.05 T_max=347.15859121 u_max=6.47871509352e-05 vm_max=633891022.448 laser_center=[0.     0.0025 0.005 ] laser_switch=0 effective_power=0 vtk=
global_step=614 mode=layer_dwell layer=5/13 highest_printed_layer=5 hatch=4/4 scan=8/8 front_z=0.005 active_window_cells=55050/109200 printed_cells=55050/109200 cooling_only_cells=0/109200 mechanics_current=0 mechanics_source_step=608 T_min=347.05 T_max=347.146815106 u_max=6.47871509352e-05 vm_max=633891022.448 laser_center=[0.     0.0025 0.005 ] laser_switch=0 effective_power=0 vtk=
global_step=615 mode=layer_dwell layer=5/13 highest_printed_layer=5 hatch=4/4 scan=8/8 front_z=0.005 active_window_cells=55050/109200 printed_cells=55050/109200 cooling_only_cells=0/109200 mechanics_current=0 mechanics_source_step=608 T_min=347.05 T_max=347.136302081 u_max=6.47871509352e-05 vm_max=633891022.448 laser_center=[0.     0.0025 0.005 ] laser_switch=0 effective_power=0 vtk=
global_step=616 mode=layer_dwell layer=5/13 highest_printed_layer=5 hatch=4/4 scan=8/8 front_z=0.005 active_window_cells=55050/109200 printed_cells=55050/109200 cooling_only_cells=0/109200 mechanics_current=0 mechanics_source_step=608 T_min=347.05 T_max=347.126918826 u_max=6.47871509352e-05 vm_max=633891022.448 laser_center=[0.     0.0025 0.005 ] laser_switch=0 effective_power=0 vtk=
global_step=617 mode=layer_dwell layer=5/13 highest_printed_layer=5 hatch=4/4 scan=8/8 front_z=0.005 active_window_cells=55050/109200 printed_cells=55050/109200 cooling_only_cells=0/109200 mechanics_current=0 mechanics_source_step=608 T_min=347.05 T_max=347.11854576 u_max=6.47871509352e-05 vm_max=633891022.448 laser_center=[0.     0.0025 0.005 ] laser_switch=0 effective_power=0 vtk=
global_step=618 mode=layer_dwell layer=5/13 highest_printed_layer=5 hatch=4/4 scan=8/8 front_z=0.005 active_window_cells=55050/109200 printed_cells=55050/109200 cooling_only_cells=0/109200 mechanics_current=0 mechanics_source_step=608 T_min=347.05 T_max=347.111075666 u_max=6.47871509352e-05 vm_max=633891022.448 laser_center=[0.     0.0025 0.005 ] laser_switch=0 effective_power=0 vtk=
global_step=619 mode=layer_dwell layer=5/13 highest_printed_layer=5 hatch=4/4 scan=8/8 front_z=0.005 active_window_cells=55050/109200 printed_cells=55050/109200 cooling_only_cells=0/109200 mechanics_current=0 mechanics_source_step=608 T_min=347.05 T_max=347.104412468 u_max=6.47871509352e-05 vm_max=633891022.448 laser_center=[0.     0.0025 0.005 ] laser_switch=0 effective_power=0 vtk=
global_step=620 mode=layer_dwell layer=5/13 highest_printed_layer=5 hatch=4/4 scan=8/8 front_z=0.005 active_window_cells=55050/109200 printed_cells=55050/109200 cooling_only_cells=0/109200 mechanics_current=0 mechanics_source_step=608 T_min=347.05 T_max=347.098470106 u_max=6.47871509352e-05 vm_max=633891022.448 laser_center=[0.     0.0025 0.005 ] laser_switch=0 effective_power=0 vtk=
global_step=621 mode=layer_dwell layer=5/13 highest_printed_layer=5 hatch=4/4 scan=8/8 front_z=0.005 active_window_cells=55050/109200 printed_cells=55050/109200 cooling_only_cells=0/109200 mechanics_current=0 mechanics_source_step=608 T_min=347.05 T_max=347.093171528 u_max=6.47871509352e-05 vm_max=633891022.448 laser_center=[0.     0.0025 0.005 ] laser_switch=0 effective_power=0 vtk=
global_step=622 mode=layer_dwell layer=5/13 highest_printed_layer=5 hatch=4/4 scan=8/8 front_z=0.005 active_window_cells=55050/109200 printed_cells=55050/109200 cooling_only_cells=0/109200 mechanics_current=0 mechanics_source_step=608 T_min=347.05 T_max=347.088447773 u_max=6.47871509352e-05 vm_max=633891022.448 laser_center=[0.     0.0025 0.005 ] laser_switch=0 effective_power=0 vtk=
global_step=623 mode=layer_dwell layer=5/13 highest_printed_layer=5 hatch=4/4 scan=8/8 front_z=0.005 active_window_cells=55050/109200 printed_cells=55050/109200 cooling_only_cells=0/109200 mechanics_current=0 mechanics_source_step=608 T_min=347.05 T_max=347.084237146 u_max=6.47871509352e-05 vm_max=633891022.448 laser_center=[0.     0.0025 0.005 ] laser_switch=0 effective_power=0 vtk=
global_step=624 mode=layer_dwell layer=5/13 highest_printed_layer=5 hatch=4/4 scan=8/8 front_z=0.005 active_window_cells=55050/109200 printed_cells=55050/109200 cooling_only_cells=0/109200 mechanics_current=1 mechanics_source_step=624 T_min=347.05 T_max=347.080484472 u_max=6.47882998705e-05 vm_max=633935068.775 laser_center=[0.     0.0025 0.005 ] laser_switch=0 effective_power=0 vtk=/home/user/work/output/amb_l0_20260731T092534Z/step_000624_layer_dwell.vtu
global_step=625 mode=layer_dwell layer=5/13 highest_printed_layer=5 hatch=4/4 scan=8/8 front_z=0.005 active_window_cells=55050/109200 printed_cells=55050/109200 cooling_only_cells=0/109200 mechanics_current=0 mechanics_source_step=624 T_min=347.05 T_max=347.077140421 u_max=6.47882998705e-05 vm_max=633935068.775 laser_center=[0.     0.0025 0.005 ] laser_switch=0 effective_power=0 vtk=
global_step=626 mode=layer_dwell layer=5/13 highest_printed_layer=5 hatch=4/4 scan=8/8 front_z=0.005 active_window_cells=55050/109200 printed_cells=55050/109200 cooling_only_cells=0/109200 mechanics_current=0 mechanics_source_step=624 T_min=347.05 T_max=347.074160903 u_max=6.47882998705e-05 vm_max=633935068.775 laser_center=[0.     0.0025 0.005 ] laser_switch=0 effective_power=0 vtk=
global_step=627 mode=layer_dwell layer=5/13 highest_printed_layer=5 hatch=4/4 scan=8/8 front_z=0.005 active_window_cells=55050/109200 printed_cells=55050/109200 cooling_only_cells=0/109200 mechanics_current=0 mechanics_source_step=624 T_min=347.05 T_max=347.071506525 u_max=6.47882998705e-05 vm_max=633935068.775 laser_center=[0.     0.0025 0.005 ] laser_switch=0 effective_power=0 vtk=
global_step=628 mode=layer_dwell layer=5/13 highest_printed_layer=5 hatch=4/4 scan=8/8 front_z=0.005 active_window_cells=55050/109200 printed_cells=55050/109200 cooling_only_cells=0/109200 mechanics_current=0 mechanics_source_step=624 T_min=347.05 T_max=347.069142098 u_max=6.47882998705e-05 vm_max=633935068.775 laser_center=[0.     0.0025 0.005 ] laser_switch=0 effective_power=0 vtk=
global_step=629 mode=layer_dwell layer=5/13 highest_printed_layer=5 hatch=4/4 scan=8/8 front_z=0.005 active_window_cells=55050/109200 printed_cells=55050/109200 cooling_only_cells=0/109200 mechanics_current=0 mechanics_source_step=624 T_min=347.05 T_max=347.067036196 u_max=6.47882998705e-05 vm_max=633935068.775 laser_center=[0.     0.0025 0.005 ] laser_switch=0 effective_power=0 vtk=
global_step=630 mode=layer_dwell layer=5/13 highest_printed_layer=5 hatch=4/4 scan=8/8 front_z=0.005 active_window_cells=55050/109200 printed_cells=55050/109200 cooling_only_cells=0/109200 mechanics_current=0 mechanics_source_step=624 T_min=347.05 T_max=347.065160764 u_max=6.47882998705e-05 vm_max=633935068.775 laser_center=[0.     0.0025 0.005 ] laser_switch=0 effective_power=0 vtk=
global_step=631 mode=layer_dwell layer=5/13 highest_printed_layer=5 hatch=4/4 scan=8/8 front_z=0.005 active_window_cells=55050/109200 printed_cells=55050/109200 cooling_only_cells=0/109200 mechanics_current=0 mechanics_source_step=624 T_min=347.05 T_max=347.063490758 u_max=6.47882998705e-05 vm_max=633935068.775 laser_center=[0.     0.0025 0.005 ] laser_switch=0 effective_power=0 vtk=
global_step=632 mode=layer_dwell layer=5/13 highest_printed_layer=5 hatch=4/4 scan=8/8 front_z=0.005 active_window_cells=55050/109200 printed_cells=55050/109200 cooling_only_cells=0/109200 mechanics_current=0 mechanics_source_step=624 T_min=347.05 T_max=347.062003829 u_max=6.47882998705e-05 vm_max=633935068.775 laser_center=[0.     0.0025 0.005 ] laser_switch=0 effective_power=0 vtk=
global_step=633 mode=layer_dwell layer=5/13 highest_printed_layer=5 hatch=4/4 scan=8/8 front_z=0.005 active_window_cells=55050/109200 printed_cells=55050/109200 cooling_only_cells=0/109200 mechanics_current=0 mechanics_source_step=624 T_min=347.05 T_max=347.060680037 u_max=6.47882998705e-05 vm_max=633935068.775 laser_center=[0.     0.0025 0.005 ] laser_switch=0 effective_power=0 vtk=
global_step=634 mode=layer_dwell layer=5/13 highest_printed_layer=5 hatch=4/4 scan=8/8 front_z=0.005 active_window_cells=55050/109200 printed_cells=55050/109200 cooling_only_cells=0/109200 mechanics_current=0 mechanics_source_step=624 T_min=347.05 T_max=347.059501593 u_max=6.47882998705e-05 vm_max=633935068.775 laser_center=[0.     0.0025 0.005 ] laser_switch=0 effective_power=0 vtk=
global_step=635 mode=layer_dwell layer=5/13 highest_printed_layer=5 hatch=4/4 scan=8/8 front_z=0.005 active_window_cells=55050/109200 printed_cells=55050/109200 cooling_only_cells=0/109200 mechanics_current=0 mechanics_source_step=624 T_min=347.05 T_max=347.058452633 u_max=6.47882998705e-05 vm_max=633935068.775 laser_center=[0.     0.0025 0.005 ] laser_switch=0 effective_power=0 vtk=
global_step=636 mode=layer_dwell layer=5/13 highest_printed_layer=5 hatch=4/4 scan=8/8 front_z=0.005 active_window_cells=55050/109200 printed_cells=55050/109200 cooling_only_cells=0/109200 mechanics_current=0 mechanics_source_step=624 T_min=347.05 T_max=347.057519009 u_max=6.47882998705e-05 vm_max=633935068.775 laser_center=[0.     0.0025 0.005 ] laser_switch=0 effective_power=0 vtk=
global_step=637 mode=layer_dwell layer=5/13 highest_printed_layer=5 hatch=4/4 scan=8/8 front_z=0.005 active_window_cells=55050/109200 printed_cells=55050/109200 cooling_only_cells=0/109200 mechanics_current=0 mechanics_source_step=624 T_min=347.05 T_max=347.056688109 u_max=6.47882998705e-05 vm_max=633935068.775 laser_center=[0.     0.0025 0.005 ] laser_switch=0 effective_power=0 vtk=
global_step=638 mode=layer_dwell layer=5/13 highest_printed_layer=5 hatch=4/4 scan=8/8 front_z=0.005 active_window_cells=55050/109200 printed_cells=55050/109200 cooling_only_cells=0/109200 mechanics_current=0 mechanics_source_step=624 T_min=347.05 T_max=347.055948688 u_max=6.47882998705e-05 vm_max=633935068.775 laser_center=[0.     0.0025 0.005 ] laser_switch=0 effective_power=0 vtk=
global_step=639 mode=layer_dwell layer=5/13 highest_printed_layer=5 hatch=4/4 scan=8/8 front_z=0.005 active_window_cells=55050/109200 printed_cells=55050/109200 cooling_only_cells=0/109200 mechanics_current=0 mechanics_source_step=624 T_min=347.05 T_max=347.055290724 u_max=6.47882998705e-05 vm_max=633935068.775 laser_center=[0.     0.0025 0.005 ] laser_switch=0 effective_power=0 vtk=
global_step=640 mode=layer_dwell layer=5/13 highest_printed_layer=5 hatch=4/4 scan=8/8 front_z=0.005 active_window_cells=55050/109200 printed_cells=55050/109200 cooling_only_cells=0/109200 mechanics_current=1 mechanics_source_step=640 T_min=347.05 T_max=347.054705286 u_max=6.4788462487e-05 vm_max=633941182.186 laser_center=[0.     0.0025 0.005 ] laser_switch=0 effective_power=0 vtk=/home/user/work/output/amb_l0_20260731T092534Z/step_000640_layer_dwell.vtu
global_step=641 mode=layer_dwell layer=5/13 highest_printed_layer=5 hatch=4/4 scan=8/8 front_z=0.005 active_window_cells=55050/109200 printed_cells=55050/109200 cooling_only_cells=0/109200 mechanics_current=0 mechanics_source_step=640 T_min=347.05 T_max=347.054184416 u_max=6.4788462487e-05 vm_max=633941182.186 laser_center=[0.     0.0025 0.005 ] laser_switch=0 effective_power=0 vtk=
global_step=642 mode=layer_dwell layer=5/13 highest_printed_layer=5 hatch=4/4 scan=8/8 front_z=0.005 active_window_cells=55050/109200 printed_cells=55050/109200 cooling_only_cells=0/109200 mechanics_current=0 mechanics_source_step=640 T_min=347.05 T_max=347.053721023 u_max=6.4788462487e-05 vm_max=633941182.186 laser_center=[0.     0.0025 0.005 ] laser_switch=0 effective_power=0 vtk=
global_step=643 mode=layer_dwell layer=5/13 highest_printed_layer=5 hatch=4/4 scan=8/8 front_z=0.005 active_window_cells=55050/109200 printed_cells=55050/109200 cooling_only_cells=0/109200 mechanics_current=0 mechanics_source_step=640 T_min=347.05 T_max=347.053308792 u_max=6.4788462487e-05 vm_max=633941182.186 laser_center=[0.     0.0025 0.005 ] laser_switch=0 effective_power=0 vtk=
global_step=644 mode=layer_dwell layer=5/13 highest_printed_layer=5 hatch=4/4 scan=8/8 front_z=0.005 active_window_cells=55050/109200 printed_cells=55050/109200 cooling_only_cells=0/109200 mechanics_current=0 mechanics_source_step=640 T_min=347.05 T_max=347.052942096 u_max=6.4788462487e-05 vm_max=633941182.186 laser_center=[0.     0.0025 0.005 ] laser_switch=0 effective_power=0 vtk=
global_step=645 mode=layer_dwell layer=5/13 highest_printed_layer=5 hatch=4/4 scan=8/8 front_z=0.005 active_window_cells=55050/109200 printed_cells=55050/109200 cooling_only_cells=0/109200 mechanics_current=0 mechanics_source_step=640 T_min=347.05 T_max=347.052615924 u_max=6.4788462487e-05 vm_max=633941182.186 laser_center=[0.     0.0025 0.005 ] laser_switch=0 effective_power=0 vtk=
global_step=646 mode=layer_dwell layer=5/13 highest_printed_layer=5 hatch=4/4 scan=8/8 front_z=0.005 active_window_cells=55050/109200 printed_cells=55050/109200 cooling_only_cells=0/109200 mechanics_current=0 mechanics_source_step=640 T_min=347.05 T_max=347.052325816 u_max=6.4788462487e-05 vm_max=633941182.186 laser_center=[0.     0.0025 0.005 ] laser_switch=0 effective_power=0 vtk=
global_step=647 mode=layer_dwell layer=5/13 highest_printed_layer=5 hatch=4/4 scan=8/8 front_z=0.005 active_window_cells=55050/109200 printed_cells=55050/109200 cooling_only_cells=0/109200 mechanics_current=0 mechanics_source_step=640 T_min=347.05 T_max=347.052067796 u_max=6.4788462487e-05 vm_max=633941182.186 laser_center=[0.     0.0025 0.005 ] laser_switch=0 effective_power=0 vtk=
global_step=648 mode=layer_dwell layer=5/13 highest_printed_layer=5 hatch=4/4 scan=8/8 front_z=0.005 active_window_cells=55050/109200 printed_cells=55050/109200 cooling_only_cells=0/109200 mechanics_current=0 mechanics_source_step=640 T_min=347.05 T_max=347.051838329 u_max=6.4788462487e-05 vm_max=633941182.186 laser_center=[0.     0.0025 0.005 ] laser_switch=0 effective_power=0 vtk=
global_step=649 mode=layer_dwell layer=5/13 highest_printed_layer=5 hatch=4/4 scan=8/8 front_z=0.005 active_window_cells=55050/109200 printed_cells=55050/109200 cooling_only_cells=0/109200 mechanics_current=0 mechanics_source_step=640 T_min=347.05 T_max=347.051634264 u_max=6.4788462487e-05 vm_max=633941182.186 laser_center=[0.     0.0025 0.005 ] laser_switch=0 effective_power=0 vtk=
global_step=650 mode=layer_dwell layer=5/13 highest_printed_layer=5 hatch=4/4 scan=8/8 front_z=0.005 active_window_cells=55050/109200 printed_cells=55050/109200 cooling_only_cells=0/109200 mechanics_current=0 mechanics_source_step=640 T_min=347.05 T_max=347.051452799 u_max=6.4788462487e-05 vm_max=633941182.186 laser_center=[0.     0.0025 0.005 ] laser_switch=0 effective_power=0 vtk=
global_step=651 mode=layer_dwell layer=5/13 highest_printed_layer=5 hatch=4/4 scan=8/8 front_z=0.005 active_window_cells=55050/109200 printed_cells=55050/109200 cooling_only_cells=0/109200 mechanics_current=0 mechanics_source_step=640 T_min=347.05 T_max=347.051452799 u_max=6.4788462487e-05 vm_max=633941182.186 laser_center=[0.     0.0025 0.005 ] laser_switch=0 effective_power=0 vtk=
global_step=652 mode=layer_dwell layer=5/13 highest_printed_layer=5 hatch=4/4 scan=8/8 front_z=0.005 active_window_cells=55050/109200 printed_cells=55050/109200 cooling_only_cells=0/109200 mechanics_current=0 mechanics_source_step=640 T_min=347.05 T_max=347.051452799 u_max=6.4788462487e-05 vm_max=633941182.186 laser_center=[0.     0.0025 0.005 ] laser_switch=0 effective_power=0 vtk=
global_step=653 mode=layer_dwell layer=5/13 highest_printed_layer=5 hatch=4/4 scan=8/8 front_z=0.005 active_window_cells=55050/109200 printed_cells=55050/109200 cooling_only_cells=0/109200 mechanics_current=0 mechanics_source_step=640 T_min=347.05 T_max=347.051452799 u_max=6.4788462487e-05 vm_max=633941182.186 laser_center=[0.     0.0025 0.005 ] laser_switch=0 effective_power=0 vtk=
global_step=654 mode=layer_dwell layer=5/13 highest_printed_layer=5 hatch=4/4 scan=8/8 front_z=0.005 active_window_cells=55050/109200 printed_cells=55050/109200 cooling_only_cells=0/109200 mechanics_current=0 mechanics_source_step=640 T_min=347.05 T_max=347.051452799 u_max=6.4788462487e-05 vm_max=633941182.186 laser_center=[0.     0.0025 0.005 ] laser_switch=0 effective_power=0 vtk=
global_step=655 mode=layer_dwell layer=5/13 highest_printed_layer=5 hatch=4/4 scan=8/8 front_z=0.005 active_window_cells=55050/109200 printed_cells=55050/109200 cooling_only_cells=0/109200 mechanics_current=0 mechanics_source_step=640 T_min=347.05 T_max=347.051452799 u_max=6.4788462487e-05 vm_max=633941182.186 laser_center=[0.     0.0025 0.005 ] laser_switch=0 effective_power=0 vtk=
global_step=656 mode=layer_dwell layer=5/13 highest_printed_layer=5 hatch=4/4 scan=8/8 front_z=0.005 active_window_cells=55050/109200 printed_cells=55050/109200 cooling_only_cells=0/109200 mechanics_current=1 mechanics_source_step=656 T_min=347.05 T_max=347.051452799 u_max=6.47884819024e-05 vm_max=633941899.431 laser_center=[0.     0.0025 0.005 ] laser_switch=0 effective_power=0 vtk=/home/user/work/output/amb_l0_20260731T092534Z/step_000656_layer_dwell.vtu
global_step=657 mode=layer_dwell layer=5/13 highest_printed_layer=5 hatch=4/4 scan=8/8 front_z=0.005 active_window_cells=55050/109200 printed_cells=55050/109200 cooling_only_cells=0/109200 mechanics_current=0 mechanics_source_step=656 T_min=347.05 T_max=347.051452799 u_max=6.47884819024e-05 vm_max=633941899.431 laser_center=[0.     0.0025 0.005 ] laser_switch=0 effective_power=0 vtk=
global_step=658 mode=layer_dwell layer=5/13 highest_printed_layer=5 hatch=4/4 scan=8/8 front_z=0.005 active_window_cells=55050/109200 printed_cells=55050/109200 cooling_only_cells=0/109200 mechanics_current=0 mechanics_source_step=656 T_min=347.05 T_max=347.051452799 u_max=6.47884819024e-05 vm_max=633941899.431 laser_center=[0.     0.0025 0.005 ] laser_switch=0 effective_power=0 vtk=
global_step=659 mode=layer_dwell layer=5/13 highest_printed_layer=5 hatch=4/4 scan=8/8 front_z=0.005 active_window_cells=55050/109200 printed_cells=55050/109200 cooling_only_cells=0/109200 mechanics_current=0 mechanics_source_step=656 T_min=347.05 T_max=347.051452799 u_max=6.47884819024e-05 vm_max=633941899.431 laser_center=[0.     0.0025 0.005 ] laser_switch=0 effective_power=0 vtk=
global_step=660 mode=layer_dwell layer=5/13 highest_printed_layer=5 hatch=4/4 scan=8/8 front_z=0.005 active_window_cells=55050/109200 printed_cells=55050/109200 cooling_only_cells=0/109200 mechanics_current=0 mechanics_source_step=656 T_min=347.05 T_max=347.051452799 u_max=6.47884819024e-05 vm_max=633941899.431 laser_center=[0.     0.0025 0.005 ] laser_switch=0 effective_power=0 vtk=
global_step=661 mode=layer_dwell layer=5/13 highest_printed_layer=5 hatch=4/4 scan=8/8 front_z=0.005 active_window_cells=55050/109200 printed_cells=55050/109200 cooling_only_cells=0/109200 mechanics_current=0 mechanics_source_step=656 T_min=347.05 T_max=347.051452799 u_max=6.47884819024e-05 vm_max=633941899.431 laser_center=[0.     0.0025 0.005 ] laser_switch=0 effective_power=0 vtk=
global_step=662 mode=layer_dwell layer=5/13 highest_printed_layer=5 hatch=4/4 scan=8/8 front_z=0.005 active_window_cells=55050/109200 printed_cells=55050/109200 cooling_only_cells=0/109200 mechanics_current=0 mechanics_source_step=656 T_min=347.05 T_max=347.051452799 u_max=6.47884819024e-05 vm_max=633941899.431 laser_center=[0.     0.0025 0.005 ] laser_switch=0 effective_power=0 vtk=
global_step=663 mode=layer_dwell layer=5/13 highest_printed_layer=5 hatch=4/4 scan=8/8 front_z=0.005 active_window_cells=55050/109200 printed_cells=55050/109200 cooling_only_cells=0/109200 mechanics_current=0 mechanics_source_step=656 T_min=347.05 T_max=347.051452799 u_max=6.47884819024e-05 vm_max=633941899.431 laser_center=[0.     0.0025 0.005 ] laser_switch=0 effective_power=0 vtk=
global_step=664 mode=layer_dwell layer=5/13 highest_printed_layer=5 hatch=4/4 scan=8/8 front_z=0.005 active_window_cells=55050/109200 printed_cells=55050/109200 cooling_only_cells=0/109200 mechanics_current=0 mechanics_source_step=656 T_min=347.05 T_max=347.051452799 u_max=6.47884819024e-05 vm_max=633941899.431 laser_center=[0.     0.0025 0.005 ] laser_switch=0 effective_power=0 vtk=
global_step=665 mode=scan layer=6/13 highest_printed_layer=6 hatch=1/4 scan=1/8 front_z=0.006 active_window_cells=56290/109200 printed_cells=56290/109200 cooling_only_cells=0/109200 mechanics_current=1 mechanics_source_step=665 T_min=347.05 T_max=2101.41774098 u_max=6.01723838834e-05 vm_max=581574244.175 laser_center=[ 0.     -0.0025  0.006 ] laser_switch=1 effective_power=30.225 vtk=/home/user/work/output/amb_l0_20260731T092534Z/step_000665_scan.vtu
global_step=666 mode=scan layer=6/13 highest_printed_layer=6 hatch=1/4 scan=2/8 front_z=0.006 active_window_cells=56290/109200 printed_cells=56290/109200 cooling_only_cells=0/109200 mechanics_current=0 mechanics_source_step=665 T_min=347.05 T_max=1473.01200388 u_max=6.01723838834e-05 vm_max=581574244.175 laser_center=[ 0.01071429 -0.0025      0.006     ] laser_switch=1 effective_power=30.225 vtk=
global_step=667 mode=scan layer=6/13 highest_printed_layer=6 hatch=1/4 scan=3/8 front_z=0.006 active_window_cells=56290/109200 printed_cells=56290/109200 cooling_only_cells=0/109200 mechanics_current=1 mechanics_source_step=667 T_min=347.05 T_max=1674.41758866 u_max=9.93266188926e-05 vm_max=623920133.137 laser_center=[ 0.02142857 -0.0025      0.006     ] laser_switch=1 effective_power=30.225 vtk=/home/user/work/output/amb_l0_20260731T092534Z/step_000667_scan.vtu
global_step=668 mode=scan layer=6/13 highest_printed_layer=6 hatch=1/4 scan=4/8 front_z=0.006 active_window_cells=56290/109200 printed_cells=56290/109200 cooling_only_cells=0/109200 mechanics_current=0 mechanics_source_step=667 T_min=347.05 T_max=1422.51265769 u_max=9.93266188926e-05 vm_max=623920133.137 laser_center=[ 0.03214286 -0.0025      0.006     ] laser_switch=1 effective_power=30.225 vtk=
global_step=669 mode=scan layer=6/13 highest_printed_layer=6 hatch=1/4 scan=5/8 front_z=0.006 active_window_cells=56290/109200 printed_cells=56290/109200 cooling_only_cells=0/109200 mechanics_current=0 mechanics_source_step=667 T_min=347.05 T_max=1416.82346054 u_max=9.93266188926e-05 vm_max=623920133.137 laser_center=[ 0.04285714 -0.0025      0.006     ] laser_switch=1 effective_power=30.225 vtk=
global_step=670 mode=scan layer=6/13 highest_printed_layer=6 hatch=1/4 scan=6/8 front_z=0.006 active_window_cells=56290/109200 printed_cells=56290/109200 cooling_only_cells=0/109200 mechanics_current=0 mechanics_source_step=667 T_min=347.05 T_max=1491.50677857 u_max=9.93266188926e-05 vm_max=623920133.137 laser_center=[ 0.05357143 -0.0025      0.006     ] laser_switch=1 effective_power=30.225 vtk=
global_step=671 mode=scan layer=6/13 highest_printed_layer=6 hatch=1/4 scan=7/8 front_z=0.006 active_window_cells=56290/109200 printed_cells=56290/109200 cooling_only_cells=0/109200 mechanics_current=0 mechanics_source_step=667 T_min=347.05 T_max=1328.36416339 u_max=9.93266188926e-05 vm_max=623920133.137 laser_center=[ 0.06428571 -0.0025      0.006     ] laser_switch=1 effective_power=30.225 vtk=
global_step=672 mode=scan layer=6/13 highest_printed_layer=6 hatch=1/4 scan=8/8 front_z=0.006 active_window_cells=56290/109200 printed_cells=56290/109200 cooling_only_cells=0/109200 mechanics_current=1 mechanics_source_step=672 T_min=347.05 T_max=2123.73089162 u_max=7.09118476618e-05 vm_max=633642589.676 laser_center=[ 0.075  -0.0025  0.006 ] laser_switch=1 effective_power=30.225 vtk=/home/user/work/output/amb_l0_20260731T092534Z/step_000672_scan.vtu
global_step=673 mode=scan layer=6/13 highest_printed_layer=6 hatch=2/4 scan=1/8 front_z=0.006 active_window_cells=56290/109200 printed_cells=56290/109200 cooling_only_cells=0/109200 mechanics_current=0 mechanics_source_step=672 T_min=347.05 T_max=1444.41096208 u_max=7.09118476618e-05 vm_max=633642589.676 laser_center=[ 0.075      -0.00083333  0.006     ] laser_switch=1 effective_power=30.225 vtk=
global_step=674 mode=scan layer=6/13 highest_printed_layer=6 hatch=2/4 scan=2/8 front_z=0.006 active_window_cells=56290/109200 printed_cells=56290/109200 cooling_only_cells=0/109200 mechanics_current=0 mechanics_source_step=672 T_min=347.05 T_max=731.08933324 u_max=7.09118476618e-05 vm_max=633642589.676 laser_center=[ 0.06428571 -0.00083333  0.006     ] laser_switch=1 effective_power=30.225 vtk=
global_step=675 mode=scan layer=6/13 highest_printed_layer=6 hatch=2/4 scan=3/8 front_z=0.006 active_window_cells=56290/109200 printed_cells=56290/109200 cooling_only_cells=0/109200 mechanics_current=0 mechanics_source_step=672 T_min=347.05 T_max=1007.4203486 u_max=7.09118476618e-05 vm_max=633642589.676 laser_center=[ 0.05357143 -0.00083333  0.006     ] laser_switch=1 effective_power=30.225 vtk=
global_step=676 mode=scan layer=6/13 highest_printed_layer=6 hatch=2/4 scan=4/8 front_z=0.006 active_window_cells=56290/109200 printed_cells=56290/109200 cooling_only_cells=0/109200 mechanics_current=0 mechanics_source_step=672 T_min=347.05 T_max=882.414442505 u_max=7.09118476618e-05 vm_max=633642589.676 laser_center=[ 0.04285714 -0.00083333  0.006     ] laser_switch=1 effective_power=30.225 vtk=
global_step=677 mode=scan layer=6/13 highest_printed_layer=6 hatch=2/4 scan=5/8 front_z=0.006 active_window_cells=56290/109200 printed_cells=56290/109200 cooling_only_cells=0/109200 mechanics_current=0 mechanics_source_step=672 T_min=347.05 T_max=883.91220821 u_max=7.09118476618e-05 vm_max=633642589.676 laser_center=[ 0.03214286 -0.00083333  0.006     ] laser_switch=1 effective_power=30.225 vtk=
global_step=678 mode=scan layer=6/13 highest_printed_layer=6 hatch=2/4 scan=6/8 front_z=0.006 active_window_cells=56290/109200 printed_cells=56290/109200 cooling_only_cells=0/109200 mechanics_current=1 mechanics_source_step=678 T_min=347.05 T_max=1335.25661203 u_max=0.000114853444064 vm_max=630881819.344 laser_center=[ 0.02142857 -0.00083333  0.006     ] laser_switch=1 effective_power=30.225 vtk=/home/user/work/output/amb_l0_20260731T092534Z/step_000678_scan.vtu
global_step=679 mode=scan layer=6/13 highest_printed_layer=6 hatch=2/4 scan=7/8 front_z=0.006 active_window_cells=56290/109200 printed_cells=56290/109200 cooling_only_cells=0/109200 mechanics_current=0 mechanics_source_step=678 T_min=347.05 T_max=974.606731784 u_max=0.000114853444064 vm_max=630881819.344 laser_center=[ 0.01071429 -0.00083333  0.006     ] laser_switch=1 effective_power=30.225 vtk=
global_step=680 mode=scan layer=6/13 highest_printed_layer=6 hatch=2/4 scan=8/8 front_z=0.006 active_window_cells=56290/109200 printed_cells=56290/109200 cooling_only_cells=0/109200 mechanics_current=0 mechanics_source_step=678 T_min=347.05 T_max=1522.9299532 u_max=0.000114853444064 vm_max=630881819.344 laser_center=[ 0.         -0.00083333  0.006     ] laser_switch=1 effective_power=30.225 vtk=
global_step=681 mode=scan layer=6/13 highest_printed_layer=6 hatch=3/4 scan=1/8 front_z=0.006 active_window_cells=56290/109200 printed_cells=56290/109200 cooling_only_cells=0/109200 mechanics_current=0 mechanics_source_step=678 T_min=347.05 T_max=1337.02729103 u_max=0.000114853444064 vm_max=630881819.344 laser_center=[0.         0.00083333 0.006     ] laser_switch=1 effective_power=30.225 vtk=
global_step=682 mode=scan layer=6/13 highest_printed_layer=6 hatch=3/4 scan=2/8 front_z=0.006 active_window_cells=56290/109200 printed_cells=56290/109200 cooling_only_cells=0/109200 mechanics_current=0 mechanics_source_step=678 T_min=347.05 T_max=973.356302348 u_max=0.000114853444064 vm_max=630881819.344 laser_center=[0.01071429 0.00083333 0.006     ] laser_switch=1 effective_power=30.225 vtk=
global_step=683 mode=scan layer=6/13 highest_printed_layer=6 hatch=3/4 scan=3/8 front_z=0.006 active_window_cells=56290/109200 printed_cells=56290/109200 cooling_only_cells=0/109200 mechanics_current=1 mechanics_source_step=683 T_min=347.05 T_max=1333.15627906 u_max=0.000117652506616 vm_max=625094372.05 laser_center=[0.02142857 0.00083333 0.006     ] laser_switch=1 effective_power=30.225 vtk=/home/user/work/output/amb_l0_20260731T092534Z/step_000683_scan.vtu
global_step=684 mode=scan layer=6/13 highest_printed_layer=6 hatch=3/4 scan=4/8 front_z=0.006 active_window_cells=56290/109200 printed_cells=56290/109200 cooling_only_cells=0/109200 mechanics_current=0 mechanics_source_step=683 T_min=347.05 T_max=887.153451006 u_max=0.000117652506616 vm_max=625094372.05 laser_center=[0.03214286 0.00083333 0.006     ] laser_switch=1 effective_power=30.225 vtk=
global_step=685 mode=scan layer=6/13 highest_printed_layer=6 hatch=3/4 scan=5/8 front_z=0.006 active_window_cells=56290/109200 printed_cells=56290/109200 cooling_only_cells=0/109200 mechanics_current=0 mechanics_source_step=683 T_min=347.05 T_max=879.589040169 u_max=0.000117652506616 vm_max=625094372.05 laser_center=[0.04285714 0.00083333 0.006     ] laser_switch=1 effective_power=30.225 vtk=
global_step=686 mode=scan layer=6/13 highest_printed_layer=6 hatch=3/4 scan=6/8 front_z=0.006 active_window_cells=56290/109200 printed_cells=56290/109200 cooling_only_cells=0/109200 mechanics_current=0 mechanics_source_step=683 T_min=347.05 T_max=1007.41696862 u_max=0.000117652506616 vm_max=625094372.05 laser_center=[0.05357143 0.00083333 0.006     ] laser_switch=1 effective_power=30.225 vtk=
global_step=687 mode=scan layer=6/13 highest_printed_layer=6 hatch=3/4 scan=7/8 front_z=0.006 active_window_cells=56290/109200 printed_cells=56290/109200 cooling_only_cells=0/109200 mechanics_current=0 mechanics_source_step=683 T_min=347.05 T_max=720.239999022 u_max=0.000117652506616 vm_max=625094372.05 laser_center=[0.06428571 0.00083333 0.006     ] laser_switch=1 effective_power=30.225 vtk=
global_step=688 mode=scan layer=6/13 highest_printed_layer=6 hatch=3/4 scan=8/8 front_z=0.006 active_window_cells=56290/109200 printed_cells=56290/109200 cooling_only_cells=0/109200 mechanics_current=1 mechanics_source_step=688 T_min=347.05 T_max=1605.10640029 u_max=7.0803632149e-05 vm_max=637100677.278 laser_center=[0.075      0.00083333 0.006     ] laser_switch=1 effective_power=30.225 vtk=/home/user/work/output/amb_l0_20260731T092534Z/step_000688_scan.vtu
global_step=689 mode=scan layer=6/13 highest_printed_layer=6 hatch=4/4 scan=1/8 front_z=0.006 active_window_cells=56290/109200 printed_cells=56290/109200 cooling_only_cells=0/109200 mechanics_current=0 mechanics_source_step=688 T_min=347.05 T_max=1787.67171604 u_max=7.0803632149e-05 vm_max=637100677.278 laser_center=[0.075  0.0025 0.006 ] laser_switch=1 effective_power=30.225 vtk=
global_step=690 mode=scan layer=6/13 highest_printed_layer=6 hatch=4/4 scan=2/8 front_z=0.006 active_window_cells=56290/109200 printed_cells=56290/109200 cooling_only_cells=0/109200 mechanics_current=0 mechanics_source_step=688 T_min=347.05 T_max=1320.56110272 u_max=7.0803632149e-05 vm_max=637100677.278 laser_center=[0.06428571 0.0025     0.006     ] laser_switch=1 effective_power=30.225 vtk=
global_step=691 mode=scan layer=6/13 highest_printed_layer=6 hatch=4/4 scan=3/8 front_z=0.006 active_window_cells=56290/109200 printed_cells=56290/109200 cooling_only_cells=0/109200 mechanics_current=0 mechanics_source_step=688 T_min=347.05 T_max=1494.90969175 u_max=7.0803632149e-05 vm_max=637100677.278 laser_center=[0.05357143 0.0025     0.006     ] laser_switch=1 effective_power=30.225 vtk=
global_step=692 mode=scan layer=6/13 highest_printed_layer=6 hatch=4/4 scan=4/8 front_z=0.006 active_window_cells=56290/109200 printed_cells=56290/109200 cooling_only_cells=0/109200 mechanics_current=0 mechanics_source_step=688 T_min=347.05 T_max=1427.75853838 u_max=7.0803632149e-05 vm_max=637100677.278 laser_center=[0.04285714 0.0025     0.006     ] laser_switch=1 effective_power=30.225 vtk=
global_step=693 mode=scan layer=6/13 highest_printed_layer=6 hatch=4/4 scan=5/8 front_z=0.006 active_window_cells=56290/109200 printed_cells=56290/109200 cooling_only_cells=0/109200 mechanics_current=0 mechanics_source_step=688 T_min=347.05 T_max=1426.51052943 u_max=7.0803632149e-05 vm_max=637100677.278 laser_center=[0.03214286 0.0025     0.006     ] laser_switch=1 effective_power=30.225 vtk=
global_step=694 mode=scan layer=6/13 highest_printed_layer=6 hatch=4/4 scan=6/8 front_z=0.006 active_window_cells=56290/109200 printed_cells=56290/109200 cooling_only_cells=0/109200 mechanics_current=1 mechanics_source_step=694 T_min=347.05 T_max=1680.33286518 u_max=9.70683267352e-05 vm_max=630646509.349 laser_center=[0.02142857 0.0025     0.006     ] laser_switch=1 effective_power=30.225 vtk=/home/user/work/output/amb_l0_20260731T092534Z/step_000694_scan.vtu
global_step=695 mode=scan layer=6/13 highest_printed_layer=6 hatch=4/4 scan=7/8 front_z=0.006 active_window_cells=56290/109200 printed_cells=56290/109200 cooling_only_cells=0/109200 mechanics_current=0 mechanics_source_step=694 T_min=347.05 T_max=1477.51267171 u_max=9.70683267352e-05 vm_max=630646509.349 laser_center=[0.01071429 0.0025     0.006     ] laser_switch=1 effective_power=30.225 vtk=
global_step=696 mode=scan layer=6/13 highest_printed_layer=6 hatch=4/4 scan=8/8 front_z=0.006 active_window_cells=56290/109200 printed_cells=56290/109200 cooling_only_cells=0/109200 mechanics_current=0 mechanics_source_step=694 T_min=347.05 T_max=1583.8332727 u_max=9.70683267352e-05 vm_max=630646509.349 laser_center=[0.     0.0025 0.006 ] laser_switch=1 effective_power=30.225 vtk=
global_step=697 mode=layer_dwell layer=6/13 highest_printed_layer=6 hatch=4/4 scan=8/8 front_z=0.006 active_window_cells=56290/109200 printed_cells=56290/109200 cooling_only_cells=0/109200 mechanics_current=0 mechanics_source_step=694 T_min=347.05 T_max=533.476536026 u_max=9.70683267352e-05 vm_max=630646509.349 laser_center=[0.     0.0025 0.006 ] laser_switch=0 effective_power=0 vtk=
global_step=698 mode=layer_dwell layer=6/13 highest_printed_layer=6 hatch=4/4 scan=8/8 front_z=0.006 active_window_cells=56290/109200 printed_cells=56290/109200 cooling_only_cells=0/109200 mechanics_current=0 mechanics_source_step=694 T_min=347.05 T_max=428.47080994 u_max=9.70683267352e-05 vm_max=630646509.349 laser_center=[0.     0.0025 0.006 ] laser_switch=0 effective_power=0 vtk=
global_step=699 mode=layer_dwell layer=6/13 highest_printed_layer=6 hatch=4/4 scan=8/8 front_z=0.006 active_window_cells=56290/109200 printed_cells=56290/109200 cooling_only_cells=0/109200 mechanics_current=0 mechanics_source_step=694 T_min=347.05 T_max=403.32347185 u_max=9.70683267352e-05 vm_max=630646509.349 laser_center=[0.     0.0025 0.006 ] laser_switch=0 effective_power=0 vtk=
global_step=700 mode=layer_dwell layer=6/13 highest_printed_layer=6 hatch=4/4 scan=8/8 front_z=0.006 active_window_cells=56290/109200 printed_cells=56290/109200 cooling_only_cells=0/109200 mechanics_current=0 mechanics_source_step=694 T_min=347.05 T_max=395.339040296 u_max=9.70683267352e-05 vm_max=630646509.349 laser_center=[0.     0.0025 0.006 ] laser_switch=0 effective_power=0 vtk=
global_step=701 mode=layer_dwell layer=6/13 highest_printed_layer=6 hatch=4/4 scan=8/8 front_z=0.006 active_window_cells=56290/109200 printed_cells=56290/109200 cooling_only_cells=0/109200 mechanics_current=0 mechanics_source_step=694 T_min=347.05 T_max=389.55905412 u_max=9.70683267352e-05 vm_max=630646509.349 laser_center=[0.     0.0025 0.006 ] laser_switch=0 effective_power=0 vtk=
global_step=702 mode=layer_dwell layer=6/13 highest_printed_layer=6 hatch=4/4 scan=8/8 front_z=0.006 active_window_cells=56290/109200 printed_cells=56290/109200 cooling_only_cells=0/109200 mechanics_current=0 mechanics_source_step=694 T_min=347.05 T_max=383.878828383 u_max=9.70683267352e-05 vm_max=630646509.349 laser_center=[0.     0.0025 0.006 ] laser_switch=0 effective_power=0 vtk=
global_step=703 mode=layer_dwell layer=6/13 highest_printed_layer=6 hatch=4/4 scan=8/8 front_z=0.006 active_window_cells=56290/109200 printed_cells=56290/109200 cooling_only_cells=0/109200 mechanics_current=0 mechanics_source_step=694 T_min=347.05 T_max=378.735702446 u_max=9.70683267352e-05 vm_max=630646509.349 laser_center=[0.     0.0025 0.006 ] laser_switch=0 effective_power=0 vtk=
global_step=704 mode=layer_dwell layer=6/13 highest_printed_layer=6 hatch=4/4 scan=8/8 front_z=0.006 active_window_cells=56290/109200 printed_cells=56290/109200 cooling_only_cells=0/109200 mechanics_current=1 mechanics_source_step=704 T_min=347.05 T_max=374.196073041 u_max=7.09753737897e-05 vm_max=640844531.441 laser_center=[0.     0.0025 0.006 ] laser_switch=0 effective_power=0 vtk=/home/user/work/output/amb_l0_20260731T092534Z/step_000704_layer_dwell.vtu
global_step=705 mode=layer_dwell layer=6/13 highest_printed_layer=6 hatch=4/4 scan=8/8 front_z=0.006 active_window_cells=56290/109200 printed_cells=56290/109200 cooling_only_cells=0/109200 mechanics_current=0 mechanics_source_step=704 T_min=347.05 T_max=370.2322482 u_max=7.09753737897e-05 vm_max=640844531.441 laser_center=[0.     0.0025 0.006 ] laser_switch=0 effective_power=0 vtk=
global_step=706 mode=layer_dwell layer=6/13 highest_printed_layer=6 hatch=4/4 scan=8/8 front_z=0.006 active_window_cells=56290/109200 printed_cells=56290/109200 cooling_only_cells=0/109200 mechanics_current=0 mechanics_source_step=704 T_min=347.05 T_max=366.805928594 u_max=7.09753737897e-05 vm_max=640844531.441 laser_center=[0.     0.0025 0.006 ] laser_switch=0 effective_power=0 vtk=
global_step=707 mode=layer_dwell layer=6/13 highest_printed_layer=6 hatch=4/4 scan=8/8 front_z=0.006 active_window_cells=56290/109200 printed_cells=56290/109200 cooling_only_cells=0/109200 mechanics_current=0 mechanics_source_step=704 T_min=347.05 T_max=363.867845132 u_max=7.09753737897e-05 vm_max=640844531.441 laser_center=[0.     0.0025 0.006 ] laser_switch=0 effective_power=0 vtk=
global_step=708 mode=layer_dwell layer=6/13 highest_printed_layer=6 hatch=4/4 scan=8/8 front_z=0.006 active_window_cells=56290/109200 printed_cells=56290/109200 cooling_only_cells=0/109200 mechanics_current=0 mechanics_source_step=704 T_min=347.05 T_max=361.36027503 u_max=7.09753737897e-05 vm_max=640844531.441 laser_center=[0.     0.0025 0.006 ] laser_switch=0 effective_power=0 vtk=
global_step=709 mode=layer_dwell layer=6/13 highest_printed_layer=6 hatch=4/4 scan=8/8 front_z=0.006 active_window_cells=56290/109200 printed_cells=56290/109200 cooling_only_cells=0/109200 mechanics_current=0 mechanics_source_step=704 T_min=347.05 T_max=359.227681247 u_max=7.09753737897e-05 vm_max=640844531.441 laser_center=[0.     0.0025 0.006 ] laser_switch=0 effective_power=0 vtk=
global_step=710 mode=layer_dwell layer=6/13 highest_printed_layer=6 hatch=4/4 scan=8/8 front_z=0.006 active_window_cells=56290/109200 printed_cells=56290/109200 cooling_only_cells=0/109200 mechanics_current=0 mechanics_source_step=704 T_min=347.05 T_max=357.41522882 u_max=7.09753737897e-05 vm_max=640844531.441 laser_center=[0.     0.0025 0.006 ] laser_switch=0 effective_power=0 vtk=
global_step=711 mode=layer_dwell layer=6/13 highest_printed_layer=6 hatch=4/4 scan=8/8 front_z=0.006 active_window_cells=56290/109200 printed_cells=56290/109200 cooling_only_cells=0/109200 mechanics_current=0 mechanics_source_step=704 T_min=347.05 T_max=355.876580733 u_max=7.09753737897e-05 vm_max=640844531.441 laser_center=[0.     0.0025 0.006 ] laser_switch=0 effective_power=0 vtk=
global_step=712 mode=layer_dwell layer=6/13 highest_printed_layer=6 hatch=4/4 scan=8/8 front_z=0.006 active_window_cells=56290/109200 printed_cells=56290/109200 cooling_only_cells=0/109200 mechanics_current=0 mechanics_source_step=704 T_min=347.05 T_max=354.570911334 u_max=7.09753737897e-05 vm_max=640844531.441 laser_center=[0.     0.0025 0.006 ] laser_switch=0 effective_power=0 vtk=
global_step=713 mode=layer_dwell layer=6/13 highest_printed_layer=6 hatch=4/4 scan=8/8 front_z=0.006 active_window_cells=56290/109200 printed_cells=56290/109200 cooling_only_cells=0/109200 mechanics_current=0 mechanics_source_step=704 T_min=347.05 T_max=353.462962742 u_max=7.09753737897e-05 vm_max=640844531.441 laser_center=[0.     0.0025 0.006 ] laser_switch=0 effective_power=0 vtk=
global_step=714 mode=layer_dwell layer=6/13 highest_printed_layer=6 hatch=4/4 scan=8/8 front_z=0.006 active_window_cells=56290/109200 printed_cells=56290/109200 cooling_only_cells=0/109200 mechanics_current=0 mechanics_source_step=704 T_min=347.05 T_max=352.522704585 u_max=7.09753737897e-05 vm_max=640844531.441 laser_center=[0.     0.0025 0.006 ] laser_switch=0 effective_power=0 vtk=
global_step=715 mode=layer_dwell layer=6/13 highest_printed_layer=6 hatch=4/4 scan=8/8 front_z=0.006 active_window_cells=56290/109200 printed_cells=56290/109200 cooling_only_cells=0/109200 mechanics_current=0 mechanics_source_step=704 T_min=347.05 T_max=351.724767644 u_max=7.09753737897e-05 vm_max=640844531.441 laser_center=[0.     0.0025 0.006 ] laser_switch=0 effective_power=0 vtk=
global_step=716 mode=layer_dwell layer=6/13 highest_printed_layer=6 hatch=4/4 scan=8/8 front_z=0.006 active_window_cells=56290/109200 printed_cells=56290/109200 cooling_only_cells=0/109200 mechanics_current=0 mechanics_source_step=704 T_min=347.05 T_max=351.047874317 u_max=7.09753737897e-05 vm_max=640844531.441 laser_center=[0.     0.0025 0.006 ] laser_switch=0 effective_power=0 vtk=
global_step=717 mode=layer_dwell layer=6/13 highest_printed_layer=6 hatch=4/4 scan=8/8 front_z=0.006 active_window_cells=56290/109200 printed_cells=56290/109200 cooling_only_cells=0/109200 mechanics_current=0 mechanics_source_step=704 T_min=347.05 T_max=350.474842774 u_max=7.09753737897e-05 vm_max=640844531.441 laser_center=[0.     0.0025 0.006 ] laser_switch=0 effective_power=0 vtk=
global_step=718 mode=layer_dwell layer=6/13 highest_printed_layer=6 hatch=4/4 scan=8/8 front_z=0.006 active_window_cells=56290/109200 printed_cells=56290/109200 cooling_only_cells=0/109200 mechanics_current=0 mechanics_source_step=704 T_min=347.05 T_max=350.002693367 u_max=7.09753737897e-05 vm_max=640844531.441 laser_center=[0.     0.0025 0.006 ] laser_switch=0 effective_power=0 vtk=
global_step=719 mode=layer_dwell layer=6/13 highest_printed_layer=6 hatch=4/4 scan=8/8 front_z=0.006 active_window_cells=56290/109200 printed_cells=56290/109200 cooling_only_cells=0/109200 mechanics_current=0 mechanics_source_step=704 T_min=347.05 T_max=349.628968298 u_max=7.09753737897e-05 vm_max=640844531.441 laser_center=[0.     0.0025 0.006 ] laser_switch=0 effective_power=0 vtk=
global_step=720 mode=layer_dwell layer=6/13 highest_printed_layer=6 hatch=4/4 scan=8/8 front_z=0.006 active_window_cells=56290/109200 printed_cells=56290/109200 cooling_only_cells=0/109200 mechanics_current=1 mechanics_source_step=720 T_min=347.05 T_max=349.316374985 u_max=7.12025232769e-05 vm_max=644757611.904 laser_center=[0.     0.0025 0.006 ] laser_switch=0 effective_power=0 vtk=/home/user/work/output/amb_l0_20260731T092534Z/step_000720_layer_dwell.vtu
global_step=721 mode=layer_dwell layer=6/13 highest_printed_layer=6 hatch=4/4 scan=8/8 front_z=0.006 active_window_cells=56290/109200 printed_cells=56290/109200 cooling_only_cells=0/109200 mechanics_current=0 mechanics_source_step=720 T_min=347.05 T_max=349.051228759 u_max=7.12025232769e-05 vm_max=644757611.904 laser_center=[0.     0.0025 0.006 ] laser_switch=0 effective_power=0 vtk=
global_step=722 mode=layer_dwell layer=6/13 highest_printed_layer=6 hatch=4/4 scan=8/8 front_z=0.006 active_window_cells=56290/109200 printed_cells=56290/109200 cooling_only_cells=0/109200 mechanics_current=0 mechanics_source_step=720 T_min=347.05 T_max=348.824243183 u_max=7.12025232769e-05 vm_max=644757611.904 laser_center=[0.     0.0025 0.006 ] laser_switch=0 effective_power=0 vtk=
global_step=723 mode=layer_dwell layer=6/13 highest_printed_layer=6 hatch=4/4 scan=8/8 front_z=0.006 active_window_cells=56290/109200 printed_cells=56290/109200 cooling_only_cells=0/109200 mechanics_current=0 mechanics_source_step=720 T_min=347.05 T_max=348.628547367 u_max=7.12025232769e-05 vm_max=644757611.904 laser_center=[0.     0.0025 0.006 ] laser_switch=0 effective_power=0 vtk=
global_step=724 mode=layer_dwell layer=6/13 highest_printed_layer=6 hatch=4/4 scan=8/8 front_z=0.006 active_window_cells=56290/109200 printed_cells=56290/109200 cooling_only_cells=0/109200 mechanics_current=0 mechanics_source_step=720 T_min=347.05 T_max=348.458809532 u_max=7.12025232769e-05 vm_max=644757611.904 laser_center=[0.     0.0025 0.006 ] laser_switch=0 effective_power=0 vtk=
global_step=725 mode=layer_dwell layer=6/13 highest_printed_layer=6 hatch=4/4 scan=8/8 front_z=0.006 active_window_cells=56290/109200 printed_cells=56290/109200 cooling_only_cells=0/109200 mechanics_current=0 mechanics_source_step=720 T_min=347.05 T_max=348.310857951 u_max=7.12025232769e-05 vm_max=644757611.904 laser_center=[0.     0.0025 0.006 ] laser_switch=0 effective_power=0 vtk=
global_step=726 mode=layer_dwell layer=6/13 highest_printed_layer=6 hatch=4/4 scan=8/8 front_z=0.006 active_window_cells=56290/109200 printed_cells=56290/109200 cooling_only_cells=0/109200 mechanics_current=0 mechanics_source_step=720 T_min=347.05 T_max=348.18014448 u_max=7.12025232769e-05 vm_max=644757611.904 laser_center=[0.     0.0025 0.006 ] laser_switch=0 effective_power=0 vtk=
global_step=727 mode=layer_dwell layer=6/13 highest_printed_layer=6 hatch=4/4 scan=8/8 front_z=0.006 active_window_cells=56290/109200 printed_cells=56290/109200 cooling_only_cells=0/109200 mechanics_current=0 mechanics_source_step=720 T_min=347.05 T_max=348.062360738 u_max=7.12025232769e-05 vm_max=644757611.904 laser_center=[0.     0.0025 0.006 ] laser_switch=0 effective_power=0 vtk=
global_step=728 mode=layer_dwell layer=6/13 highest_printed_layer=6 hatch=4/4 scan=8/8 front_z=0.006 active_window_cells=56290/109200 printed_cells=56290/109200 cooling_only_cells=0/109200 mechanics_current=0 mechanics_source_step=720 T_min=347.05 T_max=347.956292678 u_max=7.12025232769e-05 vm_max=644757611.904 laser_center=[0.     0.0025 0.006 ] laser_switch=0 effective_power=0 vtk=
global_step=729 mode=layer_dwell layer=6/13 highest_printed_layer=6 hatch=4/4 scan=8/8 front_z=0.006 active_window_cells=56290/109200 printed_cells=56290/109200 cooling_only_cells=0/109200 mechanics_current=0 mechanics_source_step=720 T_min=347.05 T_max=347.860877941 u_max=7.12025232769e-05 vm_max=644757611.904 laser_center=[0.     0.0025 0.006 ] laser_switch=0 effective_power=0 vtk=
global_step=730 mode=layer_dwell layer=6/13 highest_printed_layer=6 hatch=4/4 scan=8/8 front_z=0.006 active_window_cells=56290/109200 printed_cells=56290/109200 cooling_only_cells=0/109200 mechanics_current=0 mechanics_source_step=720 T_min=347.05 T_max=347.775130058 u_max=7.12025232769e-05 vm_max=644757611.904 laser_center=[0.     0.0025 0.006 ] laser_switch=0 effective_power=0 vtk=
global_step=731 mode=layer_dwell layer=6/13 highest_printed_layer=6 hatch=4/4 scan=8/8 front_z=0.006 active_window_cells=56290/109200 printed_cells=56290/109200 cooling_only_cells=0/109200 mechanics_current=0 mechanics_source_step=720 T_min=347.05 T_max=347.698137619 u_max=7.12025232769e-05 vm_max=644757611.904 laser_center=[0.     0.0025 0.006 ] laser_switch=0 effective_power=0 vtk=
global_step=732 mode=layer_dwell layer=6/13 highest_printed_layer=6 hatch=4/4 scan=8/8 front_z=0.006 active_window_cells=56290/109200 printed_cells=56290/109200 cooling_only_cells=0/109200 mechanics_current=0 mechanics_source_step=720 T_min=347.05 T_max=347.629062109 u_max=7.12025232769e-05 vm_max=644757611.904 laser_center=[0.     0.0025 0.006 ] laser_switch=0 effective_power=0 vtk=
global_step=733 mode=layer_dwell layer=6/13 highest_printed_layer=6 hatch=4/4 scan=8/8 front_z=0.006 active_window_cells=56290/109200 printed_cells=56290/109200 cooling_only_cells=0/109200 mechanics_current=0 mechanics_source_step=720 T_min=347.05 T_max=347.567134838 u_max=7.12025232769e-05 vm_max=644757611.904 laser_center=[0.     0.0025 0.006 ] laser_switch=0 effective_power=0 vtk=
global_step=734 mode=layer_dwell layer=6/13 highest_printed_layer=6 hatch=4/4 scan=8/8 front_z=0.006 active_window_cells=56290/109200 printed_cells=56290/109200 cooling_only_cells=0/109200 mechanics_current=0 mechanics_source_step=720 T_min=347.05 T_max=347.511653303 u_max=7.12025232769e-05 vm_max=644757611.904 laser_center=[0.     0.0025 0.006 ] laser_switch=0 effective_power=0 vtk=
global_step=735 mode=layer_dwell layer=6/13 highest_printed_layer=6 hatch=4/4 scan=8/8 front_z=0.006 active_window_cells=56290/109200 printed_cells=56290/109200 cooling_only_cells=0/109200 mechanics_current=0 mechanics_source_step=720 T_min=347.05 T_max=347.461977195 u_max=7.12025232769e-05 vm_max=644757611.904 laser_center=[0.     0.0025 0.006 ] laser_switch=0 effective_power=0 vtk=
global_step=736 mode=layer_dwell layer=6/13 highest_printed_layer=6 hatch=4/4 scan=8/8 front_z=0.006 active_window_cells=56290/109200 printed_cells=56290/109200 cooling_only_cells=0/109200 mechanics_current=1 mechanics_source_step=736 T_min=347.05 T_max=347.417524257 u_max=7.12214388124e-05 vm_max=644913712.226 laser_center=[0.     0.0025 0.006 ] laser_switch=0 effective_power=0 vtk=/home/user/work/output/amb_l0_20260731T092534Z/step_000736_layer_dwell.vtu
global_step=737 mode=layer_dwell layer=6/13 highest_printed_layer=6 hatch=4/4 scan=8/8 front_z=0.006 active_window_cells=56290/109200 printed_cells=56290/109200 cooling_only_cells=0/109200 mechanics_current=0 mechanics_source_step=736 T_min=347.05 T_max=347.377766101 u_max=7.12214388124e-05 vm_max=644913712.226 laser_center=[0.     0.0025 0.006 ] laser_switch=0 effective_power=0 vtk=
global_step=738 mode=layer_dwell layer=6/13 highest_printed_layer=6 hatch=4/4 scan=8/8 front_z=0.006 active_window_cells=56290/109200 printed_cells=56290/109200 cooling_only_cells=0/109200 mechanics_current=0 mechanics_source_step=736 T_min=347.05 T_max=347.342224097 u_max=7.12214388124e-05 vm_max=644913712.226 laser_center=[0.     0.0025 0.006 ] laser_switch=0 effective_power=0 vtk=
global_step=739 mode=layer_dwell layer=6/13 highest_printed_layer=6 hatch=4/4 scan=8/8 front_z=0.006 active_window_cells=56290/109200 printed_cells=56290/109200 cooling_only_cells=0/109200 mechanics_current=0 mechanics_source_step=736 T_min=347.05 T_max=347.310465384 u_max=7.12214388124e-05 vm_max=644913712.226 laser_center=[0.     0.0025 0.006 ] laser_switch=0 effective_power=0 vtk=
global_step=740 mode=layer_dwell layer=6/13 highest_printed_layer=6 hatch=4/4 scan=8/8 front_z=0.006 active_window_cells=56290/109200 printed_cells=56290/109200 cooling_only_cells=0/109200 mechanics_current=0 mechanics_source_step=736 T_min=347.05 T_max=347.282099057 u_max=7.12214388124e-05 vm_max=644913712.226 laser_center=[0.     0.0025 0.006 ] laser_switch=0 effective_power=0 vtk=
global_step=741 mode=layer_dwell layer=6/13 highest_printed_layer=6 hatch=4/4 scan=8/8 front_z=0.006 active_window_cells=56290/109200 printed_cells=56290/109200 cooling_only_cells=0/109200 mechanics_current=0 mechanics_source_step=736 T_min=347.05 T_max=347.256772559 u_max=7.12214388124e-05 vm_max=644913712.226 laser_center=[0.     0.0025 0.006 ] laser_switch=0 effective_power=0 vtk=
global_step=742 mode=layer_dwell layer=6/13 highest_printed_layer=6 hatch=4/4 scan=8/8 front_z=0.006 active_window_cells=56290/109200 printed_cells=56290/109200 cooling_only_cells=0/109200 mechanics_current=0 mechanics_source_step=736 T_min=347.05 T_max=347.23416829 u_max=7.12214388124e-05 vm_max=644913712.226 laser_center=[0.     0.0025 0.006 ] laser_switch=0 effective_power=0 vtk=
global_step=743 mode=layer_dwell layer=6/13 highest_printed_layer=6 hatch=4/4 scan=8/8 front_z=0.006 active_window_cells=56290/109200 printed_cells=56290/109200 cooling_only_cells=0/109200 mechanics_current=0 mechanics_source_step=736 T_min=347.05 T_max=347.214000441 u_max=7.12214388124e-05 vm_max=644913712.226 laser_center=[0.     0.0025 0.006 ] laser_switch=0 effective_power=0 vtk=
global_step=744 mode=layer_dwell layer=6/13 highest_printed_layer=6 hatch=4/4 scan=8/8 front_z=0.006 active_window_cells=56290/109200 printed_cells=56290/109200 cooling_only_cells=0/109200 mechanics_current=0 mechanics_source_step=736 T_min=347.05 T_max=347.196012063 u_max=7.12214388124e-05 vm_max=644913712.226 laser_center=[0.     0.0025 0.006 ] laser_switch=0 effective_power=0 vtk=
global_step=745 mode=layer_dwell layer=6/13 highest_printed_layer=6 hatch=4/4 scan=8/8 front_z=0.006 active_window_cells=56290/109200 printed_cells=56290/109200 cooling_only_cells=0/109200 mechanics_current=0 mechanics_source_step=736 T_min=347.05 T_max=347.179972354 u_max=7.12214388124e-05 vm_max=644913712.226 laser_center=[0.     0.0025 0.006 ] laser_switch=0 effective_power=0 vtk=
global_step=746 mode=layer_dwell layer=6/13 highest_printed_layer=6 hatch=4/4 scan=8/8 front_z=0.006 active_window_cells=56290/109200 printed_cells=56290/109200 cooling_only_cells=0/109200 mechanics_current=0 mechanics_source_step=736 T_min=347.05 T_max=347.165674163 u_max=7.12214388124e-05 vm_max=644913712.226 laser_center=[0.     0.0025 0.006 ] laser_switch=0 effective_power=0 vtk=
global_step=747 mode=layer_dwell layer=6/13 highest_printed_layer=6 hatch=4/4 scan=8/8 front_z=0.006 active_window_cells=56290/109200 printed_cells=56290/109200 cooling_only_cells=0/109200 mechanics_current=0 mechanics_source_step=736 T_min=347.05 T_max=347.152931705 u_max=7.12214388124e-05 vm_max=644913712.226 laser_center=[0.     0.0025 0.006 ] laser_switch=0 effective_power=0 vtk=
global_step=748 mode=layer_dwell layer=6/13 highest_printed_layer=6 hatch=4/4 scan=8/8 front_z=0.006 active_window_cells=56290/109200 printed_cells=56290/109200 cooling_only_cells=0/109200 mechanics_current=0 mechanics_source_step=736 T_min=347.05 T_max=347.141578469 u_max=7.12214388124e-05 vm_max=644913712.226 laser_center=[0.     0.0025 0.006 ] laser_switch=0 effective_power=0 vtk=
global_step=749 mode=layer_dwell layer=6/13 highest_printed_layer=6 hatch=4/4 scan=8/8 front_z=0.006 active_window_cells=56290/109200 printed_cells=56290/109200 cooling_only_cells=0/109200 mechanics_current=0 mechanics_source_step=736 T_min=347.05 T_max=347.131465312 u_max=7.12214388124e-05 vm_max=644913712.226 laser_center=[0.     0.0025 0.006 ] laser_switch=0 effective_power=0 vtk=
global_step=750 mode=layer_dwell layer=6/13 highest_printed_layer=6 hatch=4/4 scan=8/8 front_z=0.006 active_window_cells=56290/109200 printed_cells=56290/109200 cooling_only_cells=0/109200 mechanics_current=0 mechanics_source_step=736 T_min=347.05 T_max=347.122458724 u_max=7.12214388124e-05 vm_max=644913712.226 laser_center=[0.     0.0025 0.006 ] laser_switch=0 effective_power=0 vtk=
global_step=751 mode=layer_dwell layer=6/13 highest_printed_layer=6 hatch=4/4 scan=8/8 front_z=0.006 active_window_cells=56290/109200 printed_cells=56290/109200 cooling_only_cells=0/109200 mechanics_current=0 mechanics_source_step=736 T_min=347.05 T_max=347.114439253 u_max=7.12214388124e-05 vm_max=644913712.226 laser_center=[0.     0.0025 0.006 ] laser_switch=0 effective_power=0 vtk=
global_step=752 mode=layer_dwell layer=6/13 highest_printed_layer=6 hatch=4/4 scan=8/8 front_z=0.006 active_window_cells=56290/109200 printed_cells=56290/109200 cooling_only_cells=0/109200 mechanics_current=1 mechanics_source_step=752 T_min=347.05 T_max=347.107300077 u_max=7.12237163285e-05 vm_max=644933256.171 laser_center=[0.     0.0025 0.006 ] laser_switch=0 effective_power=0 vtk=/home/user/work/output/amb_l0_20260731T092534Z/step_000752_layer_dwell.vtu
global_step=753 mode=layer_dwell layer=6/13 highest_printed_layer=6 hatch=4/4 scan=8/8 front_z=0.006 active_window_cells=56290/109200 printed_cells=56290/109200 cooling_only_cells=0/109200 mechanics_current=0 mechanics_source_step=752 T_min=347.05 T_max=347.100945716 u_max=7.12237163285e-05 vm_max=644933256.171 laser_center=[0.     0.0025 0.006 ] laser_switch=0 effective_power=0 vtk=
global_step=754 mode=layer_dwell layer=6/13 highest_printed_layer=6 hatch=4/4 scan=8/8 front_z=0.006 active_window_cells=56290/109200 printed_cells=56290/109200 cooling_only_cells=0/109200 mechanics_current=0 mechanics_source_step=752 T_min=347.05 T_max=347.095290858 u_max=7.12237163285e-05 vm_max=644933256.171 laser_center=[0.     0.0025 0.006 ] laser_switch=0 effective_power=0 vtk=
global_step=755 mode=layer_dwell layer=6/13 highest_printed_layer=6 hatch=4/4 scan=8/8 front_z=0.006 active_window_cells=56290/109200 printed_cells=56290/109200 cooling_only_cells=0/109200 mechanics_current=0 mechanics_source_step=752 T_min=347.05 T_max=347.090259313 u_max=7.12237163285e-05 vm_max=644933256.171 laser_center=[0.     0.0025 0.006 ] laser_switch=0 effective_power=0 vtk=
global_step=756 mode=layer_dwell layer=6/13 highest_printed_layer=6 hatch=4/4 scan=8/8 front_z=0.006 active_window_cells=56290/109200 printed_cells=56290/109200 cooling_only_cells=0/109200 mechanics_current=0 mechanics_source_step=752 T_min=347.05 T_max=347.085783058 u_max=7.12237163285e-05 vm_max=644933256.171 laser_center=[0.     0.0025 0.006 ] laser_switch=0 effective_power=0 vtk=
global_step=757 mode=layer_dwell layer=6/13 highest_printed_layer=6 hatch=4/4 scan=8/8 front_z=0.006 active_window_cells=56290/109200 printed_cells=56290/109200 cooling_only_cells=0/109200 mechanics_current=0 mechanics_source_step=752 T_min=347.05 T_max=347.081801386 u_max=7.12237163285e-05 vm_max=644933256.171 laser_center=[0.     0.0025 0.006 ] laser_switch=0 effective_power=0 vtk=
global_step=758 mode=layer_dwell layer=6/13 highest_printed_layer=6 hatch=4/4 scan=8/8 front_z=0.006 active_window_cells=56290/109200 printed_cells=56290/109200 cooling_only_cells=0/109200 mechanics_current=0 mechanics_source_step=752 T_min=347.05 T_max=347.078260135 u_max=7.12237163285e-05 vm_max=644933256.171 laser_center=[0.     0.0025 0.006 ] laser_switch=0 effective_power=0 vtk=
global_step=759 mode=layer_dwell layer=6/13 highest_printed_layer=6 hatch=4/4 scan=8/8 front_z=0.006 active_window_cells=56290/109200 printed_cells=56290/109200 cooling_only_cells=0/109200 mechanics_current=0 mechanics_source_step=752 T_min=347.05 T_max=347.075110997 u_max=7.12237163285e-05 vm_max=644933256.171 laser_center=[0.     0.0025 0.006 ] laser_switch=0 effective_power=0 vtk=
global_step=760 mode=layer_dwell layer=6/13 highest_printed_layer=6 hatch=4/4 scan=8/8 front_z=0.006 active_window_cells=56290/109200 printed_cells=56290/109200 cooling_only_cells=0/109200 mechanics_current=0 mechanics_source_step=752 T_min=347.05 T_max=347.072310901 u_max=7.12237163285e-05 vm_max=644933256.171 laser_center=[0.     0.0025 0.006 ] laser_switch=0 effective_power=0 vtk=
global_step=761 mode=layer_dwell layer=6/13 highest_printed_layer=6 hatch=4/4 scan=8/8 front_z=0.006 active_window_cells=56290/109200 printed_cells=56290/109200 cooling_only_cells=0/109200 mechanics_current=0 mechanics_source_step=752 T_min=347.05 T_max=347.069821449 u_max=7.12237163285e-05 vm_max=644933256.171 laser_center=[0.     0.0025 0.006 ] laser_switch=0 effective_power=0 vtk=
global_step=762 mode=layer_dwell layer=6/13 highest_printed_layer=6 hatch=4/4 scan=8/8 front_z=0.006 active_window_cells=56290/109200 printed_cells=56290/109200 cooling_only_cells=0/109200 mechanics_current=0 mechanics_source_step=752 T_min=347.05 T_max=347.067608424 u_max=7.12237163285e-05 vm_max=644933256.171 laser_center=[0.     0.0025 0.006 ] laser_switch=0 effective_power=0 vtk=
global_step=763 mode=layer_dwell layer=6/13 highest_printed_layer=6 hatch=4/4 scan=8/8 front_z=0.006 active_window_cells=56290/109200 printed_cells=56290/109200 cooling_only_cells=0/109200 mechanics_current=0 mechanics_source_step=752 T_min=347.05 T_max=347.065641339 u_max=7.12237163285e-05 vm_max=644933256.171 laser_center=[0.     0.0025 0.006 ] laser_switch=0 effective_power=0 vtk=
global_step=764 mode=layer_dwell layer=6/13 highest_printed_layer=6 hatch=4/4 scan=8/8 front_z=0.006 active_window_cells=56290/109200 printed_cells=56290/109200 cooling_only_cells=0/109200 mechanics_current=0 mechanics_source_step=752 T_min=347.05 T_max=347.063893038 u_max=7.12237163285e-05 vm_max=644933256.171 laser_center=[0.     0.0025 0.006 ] laser_switch=0 effective_power=0 vtk=
global_step=765 mode=layer_dwell layer=6/13 highest_printed_layer=6 hatch=4/4 scan=8/8 front_z=0.006 active_window_cells=56290/109200 printed_cells=56290/109200 cooling_only_cells=0/109200 mechanics_current=0 mechanics_source_step=752 T_min=347.05 T_max=347.062339334 u_max=7.12237163285e-05 vm_max=644933256.171 laser_center=[0.     0.0025 0.006 ] laser_switch=0 effective_power=0 vtk=
global_step=766 mode=layer_dwell layer=6/13 highest_printed_layer=6 hatch=4/4 scan=8/8 front_z=0.006 active_window_cells=56290/109200 printed_cells=56290/109200 cooling_only_cells=0/109200 mechanics_current=0 mechanics_source_step=752 T_min=347.05 T_max=347.060958694 u_max=7.12237163285e-05 vm_max=644933256.171 laser_center=[0.     0.0025 0.006 ] laser_switch=0 effective_power=0 vtk=
global_step=767 mode=layer_dwell layer=6/13 highest_printed_layer=6 hatch=4/4 scan=8/8 front_z=0.006 active_window_cells=56290/109200 printed_cells=56290/109200 cooling_only_cells=0/109200 mechanics_current=0 mechanics_source_step=752 T_min=347.05 T_max=347.059731945 u_max=7.12237163285e-05 vm_max=644933256.171 laser_center=[0.     0.0025 0.006 ] laser_switch=0 effective_power=0 vtk=
global_step=768 mode=layer_dwell layer=6/13 highest_printed_layer=6 hatch=4/4 scan=8/8 front_z=0.006 active_window_cells=56290/109200 printed_cells=56290/109200 cooling_only_cells=0/109200 mechanics_current=1 mechanics_source_step=768 T_min=347.05 T_max=347.058642024 u_max=7.12240240147e-05 vm_max=644935913.279 laser_center=[0.     0.0025 0.006 ] laser_switch=0 effective_power=0 vtk=/home/user/work/output/amb_l0_20260731T092534Z/step_000768_layer_dwell.vtu
global_step=769 mode=layer_dwell layer=6/13 highest_printed_layer=6 hatch=4/4 scan=8/8 front_z=0.006 active_window_cells=56290/109200 printed_cells=56290/109200 cooling_only_cells=0/109200 mechanics_current=0 mechanics_source_step=768 T_min=347.05 T_max=347.057673746 u_max=7.12240240147e-05 vm_max=644935913.279 laser_center=[0.     0.0025 0.006 ] laser_switch=0 effective_power=0 vtk=
global_step=770 mode=layer_dwell layer=6/13 highest_printed_layer=6 hatch=4/4 scan=8/8 front_z=0.006 active_window_cells=56290/109200 printed_cells=56290/109200 cooling_only_cells=0/109200 mechanics_current=0 mechanics_source_step=768 T_min=347.05 T_max=347.056813598 u_max=7.12240240147e-05 vm_max=644935913.279 laser_center=[0.     0.0025 0.006 ] laser_switch=0 effective_power=0 vtk=
global_step=771 mode=layer_dwell layer=6/13 highest_printed_layer=6 hatch=4/4 scan=8/8 front_z=0.006 active_window_cells=56290/109200 printed_cells=56290/109200 cooling_only_cells=0/109200 mechanics_current=0 mechanics_source_step=768 T_min=347.05 T_max=347.05604956 u_max=7.12240240147e-05 vm_max=644935913.279 laser_center=[0.     0.0025 0.006 ] laser_switch=0 effective_power=0 vtk=
global_step=772 mode=layer_dwell layer=6/13 highest_printed_layer=6 hatch=4/4 scan=8/8 front_z=0.006 active_window_cells=56290/109200 printed_cells=56290/109200 cooling_only_cells=0/109200 mechanics_current=0 mechanics_source_step=768 T_min=347.05 T_max=347.055370938 u_max=7.12240240147e-05 vm_max=644935913.279 laser_center=[0.     0.0025 0.006 ] laser_switch=0 effective_power=0 vtk=
global_step=773 mode=layer_dwell layer=6/13 highest_printed_layer=6 hatch=4/4 scan=8/8 front_z=0.006 active_window_cells=56290/109200 printed_cells=56290/109200 cooling_only_cells=0/109200 mechanics_current=0 mechanics_source_step=768 T_min=347.05 T_max=347.054768223 u_max=7.12240240147e-05 vm_max=644935913.279 laser_center=[0.     0.0025 0.006 ] laser_switch=0 effective_power=0 vtk=
global_step=774 mode=layer_dwell layer=6/13 highest_printed_layer=6 hatch=4/4 scan=8/8 front_z=0.006 active_window_cells=56290/109200 printed_cells=56290/109200 cooling_only_cells=0/109200 mechanics_current=0 mechanics_source_step=768 T_min=347.05 T_max=347.054232958 u_max=7.12240240147e-05 vm_max=644935913.279 laser_center=[0.     0.0025 0.006 ] laser_switch=0 effective_power=0 vtk=
global_step=775 mode=layer_dwell layer=6/13 highest_printed_layer=6 hatch=4/4 scan=8/8 front_z=0.006 active_window_cells=56290/109200 printed_cells=56290/109200 cooling_only_cells=0/109200 mechanics_current=0 mechanics_source_step=768 T_min=347.05 T_max=347.053757621 u_max=7.12240240147e-05 vm_max=644935913.279 laser_center=[0.     0.0025 0.006 ] laser_switch=0 effective_power=0 vtk=
global_step=776 mode=layer_dwell layer=6/13 highest_printed_layer=6 hatch=4/4 scan=8/8 front_z=0.006 active_window_cells=56290/109200 printed_cells=56290/109200 cooling_only_cells=0/109200 mechanics_current=0 mechanics_source_step=768 T_min=347.05 T_max=347.053335528 u_max=7.12240240147e-05 vm_max=644935913.279 laser_center=[0.     0.0025 0.006 ] laser_switch=0 effective_power=0 vtk=
global_step=777 mode=layer_dwell layer=6/13 highest_printed_layer=6 hatch=4/4 scan=8/8 front_z=0.006 active_window_cells=56290/109200 printed_cells=56290/109200 cooling_only_cells=0/109200 mechanics_current=0 mechanics_source_step=768 T_min=347.05 T_max=347.052960734 u_max=7.12240240147e-05 vm_max=644935913.279 laser_center=[0.     0.0025 0.006 ] laser_switch=0 effective_power=0 vtk=
global_step=778 mode=layer_dwell layer=6/13 highest_printed_layer=6 hatch=4/4 scan=8/8 front_z=0.006 active_window_cells=56290/109200 printed_cells=56290/109200 cooling_only_cells=0/109200 mechanics_current=0 mechanics_source_step=768 T_min=347.05 T_max=347.052627957 u_max=7.12240240147e-05 vm_max=644935913.279 laser_center=[0.     0.0025 0.006 ] laser_switch=0 effective_power=0 vtk=
global_step=779 mode=layer_dwell layer=6/13 highest_printed_layer=6 hatch=4/4 scan=8/8 front_z=0.006 active_window_cells=56290/109200 printed_cells=56290/109200 cooling_only_cells=0/109200 mechanics_current=0 mechanics_source_step=768 T_min=347.05 T_max=347.0523325 u_max=7.12240240147e-05 vm_max=644935913.279 laser_center=[0.     0.0025 0.006 ] laser_switch=0 effective_power=0 vtk=
global_step=780 mode=layer_dwell layer=6/13 highest_printed_layer=6 hatch=4/4 scan=8/8 front_z=0.006 active_window_cells=56290/109200 printed_cells=56290/109200 cooling_only_cells=0/109200 mechanics_current=0 mechanics_source_step=768 T_min=347.05 T_max=347.05207019 u_max=7.12240240147e-05 vm_max=644935913.279 laser_center=[0.     0.0025 0.006 ] laser_switch=0 effective_power=0 vtk=
global_step=781 mode=layer_dwell layer=6/13 highest_printed_layer=6 hatch=4/4 scan=8/8 front_z=0.006 active_window_cells=56290/109200 printed_cells=56290/109200 cooling_only_cells=0/109200 mechanics_current=0 mechanics_source_step=768 T_min=347.05 T_max=347.05183732 u_max=7.12240240147e-05 vm_max=644935913.279 laser_center=[0.     0.0025 0.006 ] laser_switch=0 effective_power=0 vtk=
global_step=782 mode=layer_dwell layer=6/13 highest_printed_layer=6 hatch=4/4 scan=8/8 front_z=0.006 active_window_cells=56290/109200 printed_cells=56290/109200 cooling_only_cells=0/109200 mechanics_current=0 mechanics_source_step=768 T_min=347.05 T_max=347.051630594 u_max=7.12240240147e-05 vm_max=644935913.279 laser_center=[0.     0.0025 0.006 ] laser_switch=0 effective_power=0 vtk=
global_step=783 mode=layer_dwell layer=6/13 highest_printed_layer=6 hatch=4/4 scan=8/8 front_z=0.006 active_window_cells=56290/109200 printed_cells=56290/109200 cooling_only_cells=0/109200 mechanics_current=0 mechanics_source_step=768 T_min=347.05 T_max=347.051447085 u_max=7.12240240147e-05 vm_max=644935913.279 laser_center=[0.     0.0025 0.006 ] laser_switch=0 effective_power=0 vtk=
global_step=784 mode=layer_dwell layer=6/13 highest_printed_layer=6 hatch=4/4 scan=8/8 front_z=0.006 active_window_cells=56290/109200 printed_cells=56290/109200 cooling_only_cells=0/109200 mechanics_current=1 mechanics_source_step=784 T_min=347.05 T_max=347.051447085 u_max=7.12240665728e-05 vm_max=644936280.022 laser_center=[0.     0.0025 0.006 ] laser_switch=0 effective_power=0 vtk=/home/user/work/output/amb_l0_20260731T092534Z/step_000784_layer_dwell.vtu
global_step=785 mode=layer_dwell layer=6/13 highest_printed_layer=6 hatch=4/4 scan=8/8 front_z=0.006 active_window_cells=56290/109200 printed_cells=56290/109200 cooling_only_cells=0/109200 mechanics_current=0 mechanics_source_step=784 T_min=347.05 T_max=347.051447085 u_max=7.12240665728e-05 vm_max=644936280.022 laser_center=[0.     0.0025 0.006 ] laser_switch=0 effective_power=0 vtk=
global_step=786 mode=layer_dwell layer=6/13 highest_printed_layer=6 hatch=4/4 scan=8/8 front_z=0.006 active_window_cells=56290/109200 printed_cells=56290/109200 cooling_only_cells=0/109200 mechanics_current=0 mechanics_source_step=784 T_min=347.05 T_max=347.051447085 u_max=7.12240665728e-05 vm_max=644936280.022 laser_center=[0.     0.0025 0.006 ] laser_switch=0 effective_power=0 vtk=
global_step=787 mode=layer_dwell layer=6/13 highest_printed_layer=6 hatch=4/4 scan=8/8 front_z=0.006 active_window_cells=56290/109200 printed_cells=56290/109200 cooling_only_cells=0/109200 mechanics_current=0 mechanics_source_step=784 T_min=347.05 T_max=347.051447085 u_max=7.12240665728e-05 vm_max=644936280.022 laser_center=[0.     0.0025 0.006 ] laser_switch=0 effective_power=0 vtk=
global_step=788 mode=layer_dwell layer=6/13 highest_printed_layer=6 hatch=4/4 scan=8/8 front_z=0.006 active_window_cells=56290/109200 printed_cells=56290/109200 cooling_only_cells=0/109200 mechanics_current=0 mechanics_source_step=784 T_min=347.05 T_max=347.051447085 u_max=7.12240665728e-05 vm_max=644936280.022 laser_center=[0.     0.0025 0.006 ] laser_switch=0 effective_power=0 vtk=
global_step=789 mode=layer_dwell layer=6/13 highest_printed_layer=6 hatch=4/4 scan=8/8 front_z=0.006 active_window_cells=56290/109200 printed_cells=56290/109200 cooling_only_cells=0/109200 mechanics_current=0 mechanics_source_step=784 T_min=347.05 T_max=347.051447085 u_max=7.12240665728e-05 vm_max=644936280.022 laser_center=[0.     0.0025 0.006 ] laser_switch=0 effective_power=0 vtk=
global_step=790 mode=layer_dwell layer=6/13 highest_printed_layer=6 hatch=4/4 scan=8/8 front_z=0.006 active_window_cells=56290/109200 printed_cells=56290/109200 cooling_only_cells=0/109200 mechanics_current=0 mechanics_source_step=784 T_min=347.05 T_max=347.051447085 u_max=7.12240665728e-05 vm_max=644936280.022 laser_center=[0.     0.0025 0.006 ] laser_switch=0 effective_power=0 vtk=
global_step=791 mode=layer_dwell layer=6/13 highest_printed_layer=6 hatch=4/4 scan=8/8 front_z=0.006 active_window_cells=56290/109200 printed_cells=56290/109200 cooling_only_cells=0/109200 mechanics_current=0 mechanics_source_step=784 T_min=347.05 T_max=347.051447085 u_max=7.12240665728e-05 vm_max=644936280.022 laser_center=[0.     0.0025 0.006 ] laser_switch=0 effective_power=0 vtk=
global_step=792 mode=layer_dwell layer=6/13 highest_printed_layer=6 hatch=4/4 scan=8/8 front_z=0.006 active_window_cells=56290/109200 printed_cells=56290/109200 cooling_only_cells=0/109200 mechanics_current=0 mechanics_source_step=784 T_min=347.05 T_max=347.051447085 u_max=7.12240665728e-05 vm_max=644936280.022 laser_center=[0.     0.0025 0.006 ] laser_switch=0 effective_power=0 vtk=
global_step=793 mode=layer_dwell layer=6/13 highest_printed_layer=6 hatch=4/4 scan=8/8 front_z=0.006 active_window_cells=56290/109200 printed_cells=56290/109200 cooling_only_cells=0/109200 mechanics_current=0 mechanics_source_step=784 T_min=347.05 T_max=347.051447085 u_max=7.12240665728e-05 vm_max=644936280.022 laser_center=[0.     0.0025 0.006 ] laser_switch=0 effective_power=0 vtk=
global_step=794 mode=layer_dwell layer=6/13 highest_printed_layer=6 hatch=4/4 scan=8/8 front_z=0.006 active_window_cells=56290/109200 printed_cells=56290/109200 cooling_only_cells=0/109200 mechanics_current=0 mechanics_source_step=784 T_min=347.05 T_max=347.051447085 u_max=7.12240665728e-05 vm_max=644936280.022 laser_center=[0.     0.0025 0.006 ] laser_switch=0 effective_power=0 vtk=
global_step=795 mode=layer_dwell layer=6/13 highest_printed_layer=6 hatch=4/4 scan=8/8 front_z=0.006 active_window_cells=56290/109200 printed_cells=56290/109200 cooling_only_cells=0/109200 mechanics_current=0 mechanics_source_step=784 T_min=347.05 T_max=347.051447085 u_max=7.12240665728e-05 vm_max=644936280.022 laser_center=[0.     0.0025 0.006 ] laser_switch=0 effective_power=0 vtk=
global_step=796 mode=layer_dwell layer=6/13 highest_printed_layer=6 hatch=4/4 scan=8/8 front_z=0.006 active_window_cells=56290/109200 printed_cells=56290/109200 cooling_only_cells=0/109200 mechanics_current=0 mechanics_source_step=784 T_min=347.05 T_max=347.051447085 u_max=7.12240665728e-05 vm_max=644936280.022 laser_center=[0.     0.0025 0.006 ] laser_switch=0 effective_power=0 vtk=
global_step=797 mode=layer_dwell layer=6/13 highest_printed_layer=6 hatch=4/4 scan=8/8 front_z=0.006 active_window_cells=56290/109200 printed_cells=56290/109200 cooling_only_cells=0/109200 mechanics_current=0 mechanics_source_step=784 T_min=347.05 T_max=347.051447085 u_max=7.12240665728e-05 vm_max=644936280.022 laser_center=[0.     0.0025 0.006 ] laser_switch=0 effective_power=0 vtk=
global_step=798 mode=scan layer=7/13 highest_printed_layer=7 hatch=1/4 scan=1/8 front_z=0.007 active_window_cells=57780/109200 printed_cells=57780/109200 cooling_only_cells=0/109200 mechanics_current=1 mechanics_source_step=798 T_min=347.05 T_max=1978.01894921 u_max=6.41754235855e-05 vm_max=580156631.559 laser_center=[ 0.     -0.0025  0.007 ] laser_switch=1 effective_power=30.225 vtk=/home/user/work/output/amb_l0_20260731T092534Z/step_000798_scan.vtu
global_step=799 mode=scan layer=7/13 highest_printed_layer=7 hatch=1/4 scan=2/8 front_z=0.007 active_window_cells=57780/109200 printed_cells=57780/109200 cooling_only_cells=0/109200 mechanics_current=0 mechanics_source_step=798 T_min=347.05 T_max=1396.63167763 u_max=6.41754235855e-05 vm_max=580156631.559 laser_center=[ 0.01071429 -0.0025      0.007     ] laser_switch=1 effective_power=30.225 vtk=
global_step=800 mode=scan layer=7/13 highest_printed_layer=7 hatch=1/4 scan=3/8 front_z=0.007 active_window_cells=57780/109200 printed_cells=57780/109200 cooling_only_cells=0/109200 mechanics_current=1 mechanics_source_step=800 T_min=347.05 T_max=1452.30284142 u_max=7.32851321489e-05 vm_max=621837878.819 laser_center=[ 0.02142857 -0.0025      0.007     ] laser_switch=1 effective_power=30.225 vtk=/home/user/work/output/amb_l0_20260731T092534Z/step_000800_scan.vtu
global_step=801 mode=scan layer=7/13 highest_printed_layer=7 hatch=1/4 scan=4/8 front_z=0.007 active_window_cells=57780/109200 printed_cells=57780/109200 cooling_only_cells=0/109200 mechanics_current=0 mechanics_source_step=800 T_min=347.05 T_max=1383.54144493 u_max=7.32851321489e-05 vm_max=621837878.819 laser_center=[ 0.03214286 -0.0025      0.007     ] laser_switch=1 effective_power=30.225 vtk=
global_step=802 mode=scan layer=7/13 highest_printed_layer=7 hatch=1/4 scan=5/8 front_z=0.007 active_window_cells=57780/109200 printed_cells=57780/109200 cooling_only_cells=0/109200 mechanics_current=0 mechanics_source_step=800 T_min=347.05 T_max=1377.73998981 u_max=7.32851321489e-05 vm_max=621837878.819 laser_center=[ 0.04285714 -0.0025      0.007     ] laser_switch=1 effective_power=30.225 vtk=
global_step=803 mode=scan layer=7/13 highest_printed_layer=7 hatch=1/4 scan=6/8 front_z=0.007 active_window_cells=57780/109200 printed_cells=57780/109200 cooling_only_cells=0/109200 mechanics_current=0 mechanics_source_step=800 T_min=347.05 T_max=1406.05174267 u_max=7.32851321489e-05 vm_max=621837878.819 laser_center=[ 0.05357143 -0.0025      0.007     ] laser_switch=1 effective_power=30.225 vtk=
global_step=804 mode=scan layer=7/13 highest_printed_layer=7 hatch=1/4 scan=7/8 front_z=0.007 active_window_cells=57780/109200 printed_cells=57780/109200 cooling_only_cells=0/109200 mechanics_current=0 mechanics_source_step=800 T_min=347.05 T_max=1332.44306074 u_max=7.32851321489e-05 vm_max=621837878.819 laser_center=[ 0.06428571 -0.0025      0.007     ] laser_switch=1 effective_power=30.225 vtk=
global_step=805 mode=scan layer=7/13 highest_printed_layer=7 hatch=1/4 scan=8/8 front_z=0.007 active_window_cells=57780/109200 printed_cells=57780/109200 cooling_only_cells=0/109200 mechanics_current=0 mechanics_source_step=800 T_min=347.05 T_max=2128.0565887 u_max=7.32851321489e-05 vm_max=621837878.819 laser_center=[ 0.075  -0.0025  0.007 ] laser_switch=1 effective_power=30.225 vtk=
global_step=806 mode=scan layer=7/13 highest_printed_layer=7 hatch=2/4 scan=1/8 front_z=0.007 active_window_cells=57780/109200 printed_cells=57780/109200 cooling_only_cells=0/109200 mechanics_current=0 mechanics_source_step=800 T_min=347.05 T_max=1452.89754137 u_max=7.32851321489e-05 vm_max=621837878.819 laser_center=[ 0.075      -0.00083333  0.007     ] laser_switch=1 effective_power=30.225 vtk=
global_step=807 mode=scan layer=7/13 highest_printed_layer=7 hatch=2/4 scan=2/8 front_z=0.007 active_window_cells=57780/109200 printed_cells=57780/109200 cooling_only_cells=0/109200 mechanics_current=0 mechanics_source_step=800 T_min=347.05 T_max=737.381584149 u_max=7.32851321489e-05 vm_max=621837878.819 laser_center=[ 0.06428571 -0.00083333  0.007     ] laser_switch=1 effective_power=30.225 vtk=
global_step=808 mode=scan layer=7/13 highest_printed_layer=7 hatch=2/4 scan=3/8 front_z=0.007 active_window_cells=57780/109200 printed_cells=57780/109200 cooling_only_cells=0/109200 mechanics_current=0 mechanics_source_step=800 T_min=347.05 T_max=821.414088472 u_max=7.32851321489e-05 vm_max=621837878.819 laser_center=[ 0.05357143 -0.00083333  0.007     ] laser_switch=1 effective_power=30.225 vtk=
global_step=809 mode=scan layer=7/13 highest_printed_layer=7 hatch=2/4 scan=4/8 front_z=0.007 active_window_cells=57780/109200 printed_cells=57780/109200 cooling_only_cells=0/109200 mechanics_current=0 mechanics_source_step=800 T_min=347.05 T_max=789.605254613 u_max=7.32851321489e-05 vm_max=621837878.819 laser_center=[ 0.04285714 -0.00083333  0.007     ] laser_switch=1 effective_power=30.225 vtk=
global_step=810 mode=scan layer=7/13 highest_printed_layer=7 hatch=2/4 scan=5/8 front_z=0.007 active_window_cells=57780/109200 printed_cells=57780/109200 cooling_only_cells=0/109200 mechanics_current=0 mechanics_source_step=800 T_min=347.05 T_max=792.160138933 u_max=7.32851321489e-05 vm_max=621837878.819 laser_center=[ 0.03214286 -0.00083333  0.007     ] laser_switch=1 effective_power=30.225 vtk=
global_step=811 mode=scan layer=7/13 highest_printed_layer=7 hatch=2/4 scan=6/8 front_z=0.007 active_window_cells=57780/109200 printed_cells=57780/109200 cooling_only_cells=0/109200 mechanics_current=0 mechanics_source_step=800 T_min=347.05 T_max=867.846627465 u_max=7.32851321489e-05 vm_max=621837878.819 laser_center=[ 0.02142857 -0.00083333  0.007     ] laser_switch=1 effective_power=30.225 vtk=
global_step=812 mode=scan layer=7/13 highest_printed_layer=7 hatch=2/4 scan=7/8 front_z=0.007 active_window_cells=57780/109200 printed_cells=57780/109200 cooling_only_cells=0/109200 mechanics_current=0 mechanics_source_step=800 T_min=347.05 T_max=822.621185741 u_max=7.32851321489e-05 vm_max=621837878.819 laser_center=[ 0.01071429 -0.00083333  0.007     ] laser_switch=1 effective_power=30.225 vtk=
global_step=813 mode=scan layer=7/13 highest_printed_layer=7 hatch=2/4 scan=8/8 front_z=0.007 active_window_cells=57780/109200 printed_cells=57780/109200 cooling_only_cells=0/109200 mechanics_current=0 mechanics_source_step=800 T_min=347.05 T_max=981.760272482 u_max=7.32851321489e-05 vm_max=621837878.819 laser_center=[ 0.         -0.00083333  0.007     ] laser_switch=1 effective_power=30.225 vtk=
global_step=814 mode=scan layer=7/13 highest_printed_layer=7 hatch=3/4 scan=1/8 front_z=0.007 active_window_cells=57780/109200 printed_cells=57780/109200 cooling_only_cells=0/109200 mechanics_current=0 mechanics_source_step=800 T_min=347.05 T_max=951.115171373 u_max=7.32851321489e-05 vm_max=621837878.819 laser_center=[0.         0.00083333 0.007     ] laser_switch=1 effective_power=30.225 vtk=
global_step=815 mode=scan layer=7/13 highest_printed_layer=7 hatch=3/4 scan=2/8 front_z=0.007 active_window_cells=57780/109200 printed_cells=57780/109200 cooling_only_cells=0/109200 mechanics_current=0 mechanics_source_step=800 T_min=347.05 T_max=829.871683039 u_max=7.32851321489e-05 vm_max=621837878.819 laser_center=[0.01071429 0.00083333 0.007     ] laser_switch=1 effective_power=30.225 vtk=
global_step=816 mode=scan layer=7/13 highest_printed_layer=7 hatch=3/4 scan=3/8 front_z=0.007 active_window_cells=57780/109200 printed_cells=57780/109200 cooling_only_cells=0/109200 mechanics_current=1 mechanics_source_step=816 T_min=347.05 T_max=871.092182965 u_max=7.16460473182e-05 vm_max=612419122.066 laser_center=[0.02142857 0.00083333 0.007     ] laser_switch=1 effective_power=30.225 vtk=/home/user/work/output/amb_l0_20260731T092534Z/step_000816_scan.vtu
global_step=817 mode=scan layer=7/13 highest_printed_layer=7 hatch=3/4 scan=4/8 front_z=0.007 active_window_cells=57780/109200 printed_cells=57780/109200 cooling_only_cells=0/109200 mechanics_current=0 mechanics_source_step=816 T_min=347.05 T_max=796.392916887 u_max=7.16460473182e-05 vm_max=612419122.066 laser_center=[0.03214286 0.00083333 0.007     ] laser_switch=1 effective_power=30.225 vtk=
global_step=818 mode=scan layer=7/13 highest_printed_layer=7 hatch=3/4 scan=5/8 front_z=0.007 active_window_cells=57780/109200 printed_cells=57780/109200 cooling_only_cells=0/109200 mechanics_current=0 mechanics_source_step=816 T_min=347.05 T_max=786.75698617 u_max=7.16460473182e-05 vm_max=612419122.066 laser_center=[0.04285714 0.00083333 0.007     ] laser_switch=1 effective_power=30.225 vtk=
global_step=819 mode=scan layer=7/13 highest_printed_layer=7 hatch=3/4 scan=6/8 front_z=0.007 active_window_cells=57780/109200 printed_cells=57780/109200 cooling_only_cells=0/109200 mechanics_current=0 mechanics_source_step=816 T_min=347.05 T_max=818.299468295 u_max=7.16460473182e-05 vm_max=612419122.066 laser_center=[0.05357143 0.00083333 0.007     ] laser_switch=1 effective_power=30.225 vtk=
global_step=820 mode=scan layer=7/13 highest_printed_layer=7 hatch=3/4 scan=7/8 front_z=0.007 active_window_cells=57780/109200 printed_cells=57780/109200 cooling_only_cells=0/109200 mechanics_current=0 mechanics_source_step=816 T_min=347.05 T_max=725.535748354 u_max=7.16460473182e-05 vm_max=612419122.066 laser_center=[0.06428571 0.00083333 0.007     ] laser_switch=1 effective_power=30.225 vtk=
global_step=821 mode=scan layer=7/13 highest_printed_layer=7 hatch=3/4 scan=8/8 front_z=0.007 active_window_cells=57780/109200 printed_cells=57780/109200 cooling_only_cells=0/109200 mechanics_current=0 mechanics_source_step=816 T_min=347.05 T_max=1607.98486079 u_max=7.16460473182e-05 vm_max=612419122.066 laser_center=[0.075      0.00083333 0.007     ] laser_switch=1 effective_power=30.225 vtk=
global_step=822 mode=scan layer=7/13 highest_printed_layer=7 hatch=4/4 scan=1/8 front_z=0.007 active_window_cells=57780/109200 printed_cells=57780/109200 cooling_only_cells=0/109200 mechanics_current=0 mechanics_source_step=816 T_min=347.05 T_max=1795.35224128 u_max=7.16460473182e-05 vm_max=612419122.066 laser_center=[0.075  0.0025 0.007 ] laser_switch=1 effective_power=30.225 vtk=
global_step=823 mode=scan layer=7/13 highest_printed_layer=7 hatch=4/4 scan=2/8 front_z=0.007 active_window_cells=57780/109200 printed_cells=57780/109200 cooling_only_cells=0/109200 mechanics_current=0 mechanics_source_step=816 T_min=347.05 T_max=1320.99743366 u_max=7.16460473182e-05 vm_max=612419122.066 laser_center=[0.06428571 0.0025     0.007     ] laser_switch=1 effective_power=30.225 vtk=
global_step=824 mode=scan layer=7/13 highest_printed_layer=7 hatch=4/4 scan=3/8 front_z=0.007 active_window_cells=57780/109200 printed_cells=57780/109200 cooling_only_cells=0/109200 mechanics_current=0 mechanics_source_step=816 T_min=347.05 T_max=1404.7139469 u_max=7.16460473182e-05 vm_max=612419122.066 laser_center=[0.05357143 0.0025     0.007     ] laser_switch=1 effective_power=30.225 vtk=
global_step=825 mode=scan layer=7/13 highest_printed_layer=7 hatch=4/4 scan=4/8 front_z=0.007 active_window_cells=57780/109200 printed_cells=57780/109200 cooling_only_cells=0/109200 mechanics_current=0 mechanics_source_step=816 T_min=347.05 T_max=1384.67367589 u_max=7.16460473182e-05 vm_max=612419122.066 laser_center=[0.04285714 0.0025     0.007     ] laser_switch=1 effective_power=30.225 vtk=
global_step=826 mode=scan layer=7/13 highest_printed_layer=7 hatch=4/4 scan=5/8 front_z=0.007 active_window_cells=57780/109200 printed_cells=57780/109200 cooling_only_cells=0/109200 mechanics_current=0 mechanics_source_step=816 T_min=347.05 T_max=1389.30438605 u_max=7.16460473182e-05 vm_max=612419122.066 laser_center=[0.03214286 0.0025     0.007     ] laser_switch=1 effective_power=30.225 vtk=
global_step=827 mode=scan layer=7/13 highest_printed_layer=7 hatch=4/4 scan=6/8 front_z=0.007 active_window_cells=57780/109200 printed_cells=57780/109200 cooling_only_cells=0/109200 mechanics_current=0 mechanics_source_step=816 T_min=347.05 T_max=1458.55433272 u_max=7.16460473182e-05 vm_max=612419122.066 laser_center=[0.02142857 0.0025     0.007     ] laser_switch=1 effective_power=30.225 vtk=
global_step=828 mode=scan layer=7/13 highest_printed_layer=7 hatch=4/4 scan=7/8 front_z=0.007 active_window_cells=57780/109200 printed_cells=57780/109200 cooling_only_cells=0/109200 mechanics_current=0 mechanics_source_step=816 T_min=347.05 T_max=1400.76362911 u_max=7.16460473182e-05 vm_max=612419122.066 laser_center=[0.01071429 0.0025     0.007     ] laser_switch=1 effective_power=30.225 vtk=
global_step=829 mode=scan layer=7/13 highest_printed_layer=7 hatch=4/4 scan=8/8 front_z=0.007 active_window_cells=57780/109200 printed_cells=57780/109200 cooling_only_cells=0/109200 mechanics_current=0 mechanics_source_step=816 T_min=347.05 T_max=1505.73468049 u_max=7.16460473182e-05 vm_max=612419122.066 laser_center=[0.     0.0025 0.007 ] laser_switch=1 effective_power=30.225 vtk=
global_step=830 mode=layer_dwell layer=7/13 highest_printed_layer=7 hatch=4/4 scan=8/8 front_z=0.007 active_window_cells=57780/109200 printed_cells=57780/109200 cooling_only_cells=0/109200 mechanics_current=0 mechanics_source_step=816 T_min=347.05 T_max=522.873762932 u_max=7.16460473182e-05 vm_max=612419122.066 laser_center=[0.     0.0025 0.007 ] laser_switch=0 effective_power=0 vtk=
global_step=831 mode=layer_dwell layer=7/13 highest_printed_layer=7 hatch=4/4 scan=8/8 front_z=0.007 active_window_cells=57780/109200 printed_cells=57780/109200 cooling_only_cells=0/109200 mechanics_current=0 mechanics_source_step=816 T_min=347.05 T_max=430.46896741 u_max=7.16460473182e-05 vm_max=612419122.066 laser_center=[0.     0.0025 0.007 ] laser_switch=0 effective_power=0 vtk=
global_step=832 mode=layer_dwell layer=7/13 highest_printed_layer=7 hatch=4/4 scan=8/8 front_z=0.007 active_window_cells=57780/109200 printed_cells=57780/109200 cooling_only_cells=0/109200 mechanics_current=1 mechanics_source_step=832 T_min=347.05 T_max=407.614814037 u_max=7.35206801827e-05 vm_max=635666339.848 laser_center=[0.     0.0025 0.007 ] laser_switch=0 effective_power=0 vtk=/home/user/work/output/amb_l0_20260731T092534Z/step_000832_layer_dwell.vtu
global_step=833 mode=layer_dwell layer=7/13 highest_printed_layer=7 hatch=4/4 scan=8/8 front_z=0.007 active_window_cells=57780/109200 printed_cells=57780/109200 cooling_only_cells=0/109200 mechanics_current=0 mechanics_source_step=832 T_min=347.05 T_max=399.13065778 u_max=7.35206801827e-05 vm_max=635666339.848 laser_center=[0.     0.0025 0.007 ] laser_switch=0 effective_power=0 vtk=
global_step=834 mode=layer_dwell layer=7/13 highest_printed_layer=7 hatch=4/4 scan=8/8 front_z=0.007 active_window_cells=57780/109200 printed_cells=57780/109200 cooling_only_cells=0/109200 mechanics_current=0 mechanics_source_step=832 T_min=347.05 T_max=392.162429113 u_max=7.35206801827e-05 vm_max=635666339.848 laser_center=[0.     0.0025 0.007 ] laser_switch=0 effective_power=0 vtk=
global_step=835 mode=layer_dwell layer=7/13 highest_printed_layer=7 hatch=4/4 scan=8/8 front_z=0.007 active_window_cells=57780/109200 printed_cells=57780/109200 cooling_only_cells=0/109200 mechanics_current=0 mechanics_source_step=832 T_min=347.05 T_max=385.596897684 u_max=7.35206801827e-05 vm_max=635666339.848 laser_center=[0.     0.0025 0.007 ] laser_switch=0 effective_power=0 vtk=
global_step=836 mode=layer_dwell layer=7/13 highest_printed_layer=7 hatch=4/4 scan=8/8 front_z=0.007 active_window_cells=57780/109200 printed_cells=57780/109200 cooling_only_cells=0/109200 mechanics_current=0 mechanics_source_step=832 T_min=347.05 T_max=379.828546245 u_max=7.35206801827e-05 vm_max=635666339.848 laser_center=[0.     0.0025 0.007 ] laser_switch=0 effective_power=0 vtk=
global_step=837 mode=layer_dwell layer=7/13 highest_printed_layer=7 hatch=4/4 scan=8/8 front_z=0.007 active_window_cells=57780/109200 printed_cells=57780/109200 cooling_only_cells=0/109200 mechanics_current=0 mechanics_source_step=832 T_min=347.05 T_max=374.803256641 u_max=7.35206801827e-05 vm_max=635666339.848 laser_center=[0.     0.0025 0.007 ] laser_switch=0 effective_power=0 vtk=
global_step=838 mode=layer_dwell layer=7/13 highest_printed_layer=7 hatch=4/4 scan=8/8 front_z=0.007 active_window_cells=57780/109200 printed_cells=57780/109200 cooling_only_cells=0/109200 mechanics_current=0 mechanics_source_step=832 T_min=347.05 T_max=370.492642087 u_max=7.35206801827e-05 vm_max=635666339.848 laser_center=[0.     0.0025 0.007 ] laser_switch=0 effective_power=0 vtk=
global_step=839 mode=layer_dwell layer=7/13 highest_printed_layer=7 hatch=4/4 scan=8/8 front_z=0.007 active_window_cells=57780/109200 printed_cells=57780/109200 cooling_only_cells=0/109200 mechanics_current=0 mechanics_source_step=832 T_min=347.05 T_max=366.822810967 u_max=7.35206801827e-05 vm_max=635666339.848 laser_center=[0.     0.0025 0.007 ] laser_switch=0 effective_power=0 vtk=
global_step=840 mode=layer_dwell layer=7/13 highest_printed_layer=7 hatch=4/4 scan=8/8 front_z=0.007 active_window_cells=57780/109200 printed_cells=57780/109200 cooling_only_cells=0/109200 mechanics_current=0 mechanics_source_step=832 T_min=347.05 T_max=363.716695048 u_max=7.35206801827e-05 vm_max=635666339.848 laser_center=[0.     0.0025 0.007 ] laser_switch=0 effective_power=0 vtk=
global_step=841 mode=layer_dwell layer=7/13 highest_printed_layer=7 hatch=4/4 scan=8/8 front_z=0.007 active_window_cells=57780/109200 printed_cells=57780/109200 cooling_only_cells=0/109200 mechanics_current=0 mechanics_source_step=832 T_min=347.05 T_max=361.099131891 u_max=7.35206801827e-05 vm_max=635666339.848 laser_center=[0.     0.0025 0.007 ] laser_switch=0 effective_power=0 vtk=
global_step=842 mode=layer_dwell layer=7/13 highest_printed_layer=7 hatch=4/4 scan=8/8 front_z=0.007 active_window_cells=57780/109200 printed_cells=57780/109200 cooling_only_cells=0/109200 mechanics_current=0 mechanics_source_step=832 T_min=347.05 T_max=358.897265531 u_max=7.35206801827e-05 vm_max=635666339.848 laser_center=[0.     0.0025 0.007 ] laser_switch=0 effective_power=0 vtk=
global_step=843 mode=layer_dwell layer=7/13 highest_printed_layer=7 hatch=4/4 scan=8/8 front_z=0.007 active_window_cells=57780/109200 printed_cells=57780/109200 cooling_only_cells=0/109200 mechanics_current=0 mechanics_source_step=832 T_min=347.05 T_max=357.047652739 u_max=7.35206801827e-05 vm_max=635666339.848 laser_center=[0.     0.0025 0.007 ] laser_switch=0 effective_power=0 vtk=
global_step=844 mode=layer_dwell layer=7/13 highest_printed_layer=7 hatch=4/4 scan=8/8 front_z=0.007 active_window_cells=57780/109200 printed_cells=57780/109200 cooling_only_cells=0/109200 mechanics_current=0 mechanics_source_step=832 T_min=347.05 T_max=355.494476257 u_max=7.35206801827e-05 vm_max=635666339.848 laser_center=[0.     0.0025 0.007 ] laser_switch=0 effective_power=0 vtk=
global_step=845 mode=layer_dwell layer=7/13 highest_printed_layer=7 hatch=4/4 scan=8/8 front_z=0.007 active_window_cells=57780/109200 printed_cells=57780/109200 cooling_only_cells=0/109200 mechanics_current=0 mechanics_source_step=832 T_min=347.05 T_max=354.190037726 u_max=7.35206801827e-05 vm_max=635666339.848 laser_center=[0.     0.0025 0.007 ] laser_switch=0 effective_power=0 vtk=
global_step=846 mode=layer_dwell layer=7/13 highest_printed_layer=7 hatch=4/4 scan=8/8 front_z=0.007 active_window_cells=57780/109200 printed_cells=57780/109200 cooling_only_cells=0/109200 mechanics_current=0 mechanics_source_step=832 T_min=347.05 T_max=353.094979094 u_max=7.35206801827e-05 vm_max=635666339.848 laser_center=[0.     0.0025 0.007 ] laser_switch=0 effective_power=0 vtk=
global_step=847 mode=layer_dwell layer=7/13 highest_printed_layer=7 hatch=4/4 scan=8/8 front_z=0.007 active_window_cells=57780/109200 printed_cells=57780/109200 cooling_only_cells=0/109200 mechanics_current=0 mechanics_source_step=832 T_min=347.05 T_max=352.17671441 u_max=7.35206801827e-05 vm_max=635666339.848 laser_center=[0.     0.0025 0.007 ] laser_switch=0 effective_power=0 vtk=
global_step=848 mode=layer_dwell layer=7/13 highest_printed_layer=7 hatch=4/4 scan=8/8 front_z=0.007 active_window_cells=57780/109200 printed_cells=57780/109200 cooling_only_cells=0/109200 mechanics_current=1 mechanics_source_step=848 T_min=347.05 T_max=351.411706273 u_max=7.47764631517e-05 vm_max=648159778.572 laser_center=[0.     0.0025 0.007 ] laser_switch=0 effective_power=0 vtk=/home/user/work/output/amb_l0_20260731T092534Z/step_000848_layer_dwell.vtu
global_step=849 mode=layer_dwell layer=7/13 highest_printed_layer=7 hatch=4/4 scan=8/8 front_z=0.007 active_window_cells=57780/109200 printed_cells=57780/109200 cooling_only_cells=0/109200 mechanics_current=0 mechanics_source_step=848 T_min=347.05 T_max=350.81902379 u_max=7.47764631517e-05 vm_max=648159778.572 laser_center=[0.     0.0025 0.007 ] laser_switch=0 effective_power=0 vtk=
global_step=850 mode=layer_dwell layer=7/13 highest_printed_layer=7 hatch=4/4 scan=8/8 front_z=0.007 active_window_cells=57780/109200 printed_cells=57780/109200 cooling_only_cells=0/109200 mechanics_current=0 mechanics_source_step=848 T_min=347.05 T_max=350.339484838 u_max=7.47764631517e-05 vm_max=648159778.572 laser_center=[0.     0.0025 0.007 ] laser_switch=0 effective_power=0 vtk=
global_step=851 mode=layer_dwell layer=7/13 highest_printed_layer=7 hatch=4/4 scan=8/8 front_z=0.007 active_window_cells=57780/109200 printed_cells=57780/109200 cooling_only_cells=0/109200 mechanics_current=0 mechanics_source_step=848 T_min=347.05 T_max=349.939942609 u_max=7.47764631517e-05 vm_max=648159778.572 laser_center=[0.     0.0025 0.007 ] laser_switch=0 effective_power=0 vtk=
global_step=852 mode=layer_dwell layer=7/13 highest_printed_layer=7 hatch=4/4 scan=8/8 front_z=0.007 active_window_cells=57780/109200 printed_cells=57780/109200 cooling_only_cells=0/109200 mechanics_current=0 mechanics_source_step=848 T_min=347.05 T_max=349.60279604 u_max=7.47764631517e-05 vm_max=648159778.572 laser_center=[0.     0.0025 0.007 ] laser_switch=0 effective_power=0 vtk=
global_step=853 mode=layer_dwell layer=7/13 highest_printed_layer=7 hatch=4/4 scan=8/8 front_z=0.007 active_window_cells=57780/109200 printed_cells=57780/109200 cooling_only_cells=0/109200 mechanics_current=0 mechanics_source_step=848 T_min=347.05 T_max=349.315480721 u_max=7.47764631517e-05 vm_max=648159778.572 laser_center=[0.     0.0025 0.007 ] laser_switch=0 effective_power=0 vtk=
global_step=854 mode=layer_dwell layer=7/13 highest_printed_layer=7 hatch=4/4 scan=8/8 front_z=0.007 active_window_cells=57780/109200 printed_cells=57780/109200 cooling_only_cells=0/109200 mechanics_current=0 mechanics_source_step=848 T_min=347.05 T_max=349.068692723 u_max=7.47764631517e-05 vm_max=648159778.572 laser_center=[0.     0.0025 0.007 ] laser_switch=0 effective_power=0 vtk=
global_step=855 mode=layer_dwell layer=7/13 highest_printed_layer=7 hatch=4/4 scan=8/8 front_z=0.007 active_window_cells=57780/109200 printed_cells=57780/109200 cooling_only_cells=0/109200 mechanics_current=0 mechanics_source_step=848 T_min=347.05 T_max=348.855464138 u_max=7.47764631517e-05 vm_max=648159778.572 laser_center=[0.     0.0025 0.007 ] laser_switch=0 effective_power=0 vtk=
global_step=856 mode=layer_dwell layer=7/13 highest_printed_layer=7 hatch=4/4 scan=8/8 front_z=0.007 active_window_cells=57780/109200 printed_cells=57780/109200 cooling_only_cells=0/109200 mechanics_current=0 mechanics_source_step=848 T_min=347.05 T_max=348.667867605 u_max=7.47764631517e-05 vm_max=648159778.572 laser_center=[0.     0.0025 0.007 ] laser_switch=0 effective_power=0 vtk=
global_step=857 mode=layer_dwell layer=7/13 highest_printed_layer=7 hatch=4/4 scan=8/8 front_z=0.007 active_window_cells=57780/109200 printed_cells=57780/109200 cooling_only_cells=0/109200 mechanics_current=0 mechanics_source_step=848 T_min=347.05 T_max=348.498511387 u_max=7.47764631517e-05 vm_max=648159778.572 laser_center=[0.     0.0025 0.007 ] laser_switch=0 effective_power=0 vtk=
global_step=858 mode=layer_dwell layer=7/13 highest_printed_layer=7 hatch=4/4 scan=8/8 front_z=0.007 active_window_cells=57780/109200 printed_cells=57780/109200 cooling_only_cells=0/109200 mechanics_current=0 mechanics_source_step=848 T_min=347.05 T_max=348.345771732 u_max=7.47764631517e-05 vm_max=648159778.572 laser_center=[0.     0.0025 0.007 ] laser_switch=0 effective_power=0 vtk=
global_step=859 mode=layer_dwell layer=7/13 highest_printed_layer=7 hatch=4/4 scan=8/8 front_z=0.007 active_window_cells=57780/109200 printed_cells=57780/109200 cooling_only_cells=0/109200 mechanics_current=0 mechanics_source_step=848 T_min=347.05 T_max=348.208235665 u_max=7.47764631517e-05 vm_max=648159778.572 laser_center=[0.     0.0025 0.007 ] laser_switch=0 effective_power=0 vtk=
global_step=860 mode=layer_dwell layer=7/13 highest_printed_layer=7 hatch=4/4 scan=8/8 front_z=0.007 active_window_cells=57780/109200 printed_cells=57780/109200 cooling_only_cells=0/109200 mechanics_current=0 mechanics_source_step=848 T_min=347.05 T_max=348.084563739 u_max=7.47764631517e-05 vm_max=648159778.572 laser_center=[0.     0.0025 0.007 ] laser_switch=0 effective_power=0 vtk=
global_step=861 mode=layer_dwell layer=7/13 highest_printed_layer=7 hatch=4/4 scan=8/8 front_z=0.007 active_window_cells=57780/109200 printed_cells=57780/109200 cooling_only_cells=0/109200 mechanics_current=0 mechanics_source_step=848 T_min=347.05 T_max=347.973498036 u_max=7.47764631517e-05 vm_max=648159778.572 laser_center=[0.     0.0025 0.007 ] laser_switch=0 effective_power=0 vtk=
global_step=862 mode=layer_dwell layer=7/13 highest_printed_layer=7 hatch=4/4 scan=8/8 front_z=0.007 active_window_cells=57780/109200 printed_cells=57780/109200 cooling_only_cells=0/109200 mechanics_current=0 mechanics_source_step=848 T_min=347.05 T_max=347.873866075 u_max=7.47764631517e-05 vm_max=648159778.572 laser_center=[0.     0.0025 0.007 ] laser_switch=0 effective_power=0 vtk=
global_step=863 mode=layer_dwell layer=7/13 highest_printed_layer=7 hatch=4/4 scan=8/8 front_z=0.007 active_window_cells=57780/109200 printed_cells=57780/109200 cooling_only_cells=0/109200 mechanics_current=0 mechanics_source_step=848 T_min=347.05 T_max=347.784581731 u_max=7.47764631517e-05 vm_max=648159778.572 laser_center=[0.     0.0025 0.007 ] laser_switch=0 effective_power=0 vtk=
global_step=864 mode=layer_dwell layer=7/13 highest_printed_layer=7 hatch=4/4 scan=8/8 front_z=0.007 active_window_cells=57780/109200 printed_cells=57780/109200 cooling_only_cells=0/109200 mechanics_current=1 mechanics_source_step=864 T_min=347.05 T_max=347.704644021 u_max=7.48327767469e-05 vm_max=648723419.648 laser_center=[0.     0.0025 0.007 ] laser_switch=0 effective_power=0 vtk=/home/user/work/output/amb_l0_20260731T092534Z/step_000864_layer_dwell.vtu
global_step=865 mode=layer_dwell layer=7/13 highest_printed_layer=7 hatch=4/4 scan=8/8 front_z=0.007 active_window_cells=57780/109200 printed_cells=57780/109200 cooling_only_cells=0/109200 mechanics_current=0 mechanics_source_step=864 T_min=347.05 T_max=347.633134401 u_max=7.48327767469e-05 vm_max=648723419.648 laser_center=[0.     0.0025 0.007 ] laser_switch=0 effective_power=0 vtk=
global_step=866 mode=layer_dwell layer=7/13 highest_printed_layer=7 hatch=4/4 scan=8/8 front_z=0.007 active_window_cells=57780/109200 printed_cells=57780/109200 cooling_only_cells=0/109200 mechanics_current=0 mechanics_source_step=864 T_min=347.05 T_max=347.569213071 u_max=7.48327767469e-05 vm_max=648723419.648 laser_center=[0.     0.0025 0.007 ] laser_switch=0 effective_power=0 vtk=
global_step=867 mode=layer_dwell layer=7/13 highest_printed_layer=7 hatch=4/4 scan=8/8 front_z=0.007 active_window_cells=57780/109200 printed_cells=57780/109200 cooling_only_cells=0/109200 mechanics_current=0 mechanics_source_step=864 T_min=347.05 T_max=347.512114643 u_max=7.48327767469e-05 vm_max=648723419.648 laser_center=[0.     0.0025 0.007 ] laser_switch=0 effective_power=0 vtk=
global_step=868 mode=layer_dwell layer=7/13 highest_printed_layer=7 hatch=4/4 scan=8/8 front_z=0.007 active_window_cells=57780/109200 printed_cells=57780/109200 cooling_only_cells=0/109200 mechanics_current=0 mechanics_source_step=864 T_min=347.05 T_max=347.461143454 u_max=7.48327767469e-05 vm_max=648723419.648 laser_center=[0.     0.0025 0.007 ] laser_switch=0 effective_power=0 vtk=
global_step=869 mode=layer_dwell layer=7/13 highest_printed_layer=7 hatch=4/4 scan=8/8 front_z=0.007 active_window_cells=57780/109200 printed_cells=57780/109200 cooling_only_cells=0/109200 mechanics_current=0 mechanics_source_step=864 T_min=347.05 T_max=347.415668722 u_max=7.48327767469e-05 vm_max=648723419.648 laser_center=[0.     0.0025 0.007 ] laser_switch=0 effective_power=0 vtk=
global_step=870 mode=layer_dwell layer=7/13 highest_printed_layer=7 hatch=4/4 scan=8/8 front_z=0.007 active_window_cells=57780/109200 printed_cells=57780/109200 cooling_only_cells=0/109200 mechanics_current=0 mechanics_source_step=864 T_min=347.05 T_max=347.375119696 u_max=7.48327767469e-05 vm_max=648723419.648 laser_center=[0.     0.0025 0.007 ] laser_switch=0 effective_power=0 vtk=
global_step=871 mode=layer_dwell layer=7/13 highest_printed_layer=7 hatch=4/4 scan=8/8 front_z=0.007 active_window_cells=57780/109200 printed_cells=57780/109200 cooling_only_cells=0/109200 mechanics_current=0 mechanics_source_step=864 T_min=347.05 T_max=347.338980901 u_max=7.48327767469e-05 vm_max=648723419.648 laser_center=[0.     0.0025 0.007 ] laser_switch=0 effective_power=0 vtk=
global_step=872 mode=layer_dwell layer=7/13 highest_printed_layer=7 hatch=4/4 scan=8/8 front_z=0.007 active_window_cells=57780/109200 printed_cells=57780/109200 cooling_only_cells=0/109200 mechanics_current=0 mechanics_source_step=864 T_min=347.05 T_max=347.30678755 u_max=7.48327767469e-05 vm_max=648723419.648 laser_center=[0.     0.0025 0.007 ] laser_switch=0 effective_power=0 vtk=
global_step=873 mode=layer_dwell layer=7/13 highest_printed_layer=7 hatch=4/4 scan=8/8 front_z=0.007 active_window_cells=57780/109200 printed_cells=57780/109200 cooling_only_cells=0/109200 mechanics_current=0 mechanics_source_step=864 T_min=347.05 T_max=347.278121183 u_max=7.48327767469e-05 vm_max=648723419.648 laser_center=[0.     0.0025 0.007 ] laser_switch=0 effective_power=0 vtk=
global_step=874 mode=layer_dwell layer=7/13 highest_printed_layer=7 hatch=4/4 scan=8/8 front_z=0.007 active_window_cells=57780/109200 printed_cells=57780/109200 cooling_only_cells=0/109200 mechanics_current=0 mechanics_source_step=864 T_min=347.05 T_max=347.252605544 u_max=7.48327767469e-05 vm_max=648723419.648 laser_center=[0.     0.0025 0.007 ] laser_switch=0 effective_power=0 vtk=
global_step=875 mode=layer_dwell layer=7/13 highest_printed_layer=7 hatch=4/4 scan=8/8 front_z=0.007 active_window_cells=57780/109200 printed_cells=57780/109200 cooling_only_cells=0/109200 mechanics_current=0 mechanics_source_step=864 T_min=347.05 T_max=347.229902731 u_max=7.48327767469e-05 vm_max=648723419.648 laser_center=[0.     0.0025 0.007 ] laser_switch=0 effective_power=0 vtk=
global_step=876 mode=layer_dwell layer=7/13 highest_printed_layer=7 hatch=4/4 scan=8/8 front_z=0.007 active_window_cells=57780/109200 printed_cells=57780/109200 cooling_only_cells=0/109200 mechanics_current=0 mechanics_source_step=864 T_min=347.05 T_max=347.209709614 u_max=7.48327767469e-05 vm_max=648723419.648 laser_center=[0.     0.0025 0.007 ] laser_switch=0 effective_power=0 vtk=
global_step=877 mode=layer_dwell layer=7/13 highest_printed_layer=7 hatch=4/4 scan=8/8 front_z=0.007 active_window_cells=57780/109200 printed_cells=57780/109200 cooling_only_cells=0/109200 mechanics_current=0 mechanics_source_step=864 T_min=347.05 T_max=347.191754521 u_max=7.48327767469e-05 vm_max=648723419.648 laser_center=[0.     0.0025 0.007 ] laser_switch=0 effective_power=0 vtk=
global_step=878 mode=layer_dwell layer=7/13 highest_printed_layer=7 hatch=4/4 scan=8/8 front_z=0.007 active_window_cells=57780/109200 printed_cells=57780/109200 cooling_only_cells=0/109200 mechanics_current=0 mechanics_source_step=864 T_min=347.05 T_max=347.175794195 u_max=7.48327767469e-05 vm_max=648723419.648 laser_center=[0.     0.0025 0.007 ] laser_switch=0 effective_power=0 vtk=
global_step=879 mode=layer_dwell layer=7/13 highest_printed_layer=7 hatch=4/4 scan=8/8 front_z=0.007 active_window_cells=57780/109200 printed_cells=57780/109200 cooling_only_cells=0/109200 mechanics_current=0 mechanics_source_step=864 T_min=347.05 T_max=347.161610997 u_max=7.48327767469e-05 vm_max=648723419.648 laser_center=[0.     0.0025 0.007 ] laser_switch=0 effective_power=0 vtk=
global_step=880 mode=layer_dwell layer=7/13 highest_printed_layer=7 hatch=4/4 scan=8/8 front_z=0.007 active_window_cells=57780/109200 printed_cells=57780/109200 cooling_only_cells=0/109200 mechanics_current=1 mechanics_source_step=880 T_min=347.05 T_max=347.149010355 u_max=7.48386330435e-05 vm_max=648784230.213 laser_center=[0.     0.0025 0.007 ] laser_switch=0 effective_power=0 vtk=/home/user/work/output/amb_l0_20260731T092534Z/step_000880_layer_dwell.vtu
global_step=881 mode=layer_dwell layer=7/13 highest_printed_layer=7 hatch=4/4 scan=8/8 front_z=0.007 active_window_cells=57780/109200 printed_cells=57780/109200 cooling_only_cells=0/109200 mechanics_current=0 mechanics_source_step=880 T_min=347.05 T_max=347.137818438 u_max=7.48386330435e-05 vm_max=648784230.213 laser_center=[0.     0.0025 0.007 ] laser_switch=0 effective_power=0 vtk=
global_step=882 mode=layer_dwell layer=7/13 highest_printed_layer=7 hatch=4/4 scan=8/8 front_z=0.007 active_window_cells=57780/109200 printed_cells=57780/109200 cooling_only_cells=0/109200 mechanics_current=0 mechanics_source_step=880 T_min=347.05 T_max=347.127880043 u_max=7.48386330435e-05 vm_max=648784230.213 laser_center=[0.     0.0025 0.007 ] laser_switch=0 effective_power=0 vtk=
global_step=883 mode=layer_dwell layer=7/13 highest_printed_layer=7 hatch=4/4 scan=8/8 front_z=0.007 active_window_cells=57780/109200 printed_cells=57780/109200 cooling_only_cells=0/109200 mechanics_current=0 mechanics_source_step=880 T_min=347.05 T_max=347.119056683 u_max=7.48386330435e-05 vm_max=648784230.213 laser_center=[0.     0.0025 0.007 ] laser_switch=0 effective_power=0 vtk=
global_step=884 mode=layer_dwell layer=7/13 highest_printed_layer=7 hatch=4/4 scan=8/8 front_z=0.007 active_window_cells=57780/109200 printed_cells=57780/109200 cooling_only_cells=0/109200 mechanics_current=0 mechanics_source_step=880 T_min=347.05 T_max=347.111224848 u_max=7.48386330435e-05 vm_max=648784230.213 laser_center=[0.     0.0025 0.007 ] laser_switch=0 effective_power=0 vtk=
global_step=885 mode=layer_dwell layer=7/13 highest_printed_layer=7 hatch=4/4 scan=8/8 front_z=0.007 active_window_cells=57780/109200 printed_cells=57780/109200 cooling_only_cells=0/109200 mechanics_current=0 mechanics_source_step=880 T_min=347.05 T_max=347.104274443 u_max=7.48386330435e-05 vm_max=648784230.213 laser_center=[0.     0.0025 0.007 ] laser_switch=0 effective_power=0 vtk=
global_step=886 mode=layer_dwell layer=7/13 highest_printed_layer=7 hatch=4/4 scan=8/8 front_z=0.007 active_window_cells=57780/109200 printed_cells=57780/109200 cooling_only_cells=0/109200 mechanics_current=0 mechanics_source_step=880 T_min=347.05 T_max=347.098107379 u_max=7.48386330435e-05 vm_max=648784230.213 laser_center=[0.     0.0025 0.007 ] laser_switch=0 effective_power=0 vtk=
global_step=887 mode=layer_dwell layer=7/13 highest_printed_layer=7 hatch=4/4 scan=8/8 front_z=0.007 active_window_cells=57780/109200 printed_cells=57780/109200 cooling_only_cells=0/109200 mechanics_current=0 mechanics_source_step=880 T_min=347.05 T_max=347.092636295 u_max=7.48386330435e-05 vm_max=648784230.213 laser_center=[0.     0.0025 0.007 ] laser_switch=0 effective_power=0 vtk=
global_step=888 mode=layer_dwell layer=7/13 highest_printed_layer=7 hatch=4/4 scan=8/8 front_z=0.007 active_window_cells=57780/109200 printed_cells=57780/109200 cooling_only_cells=0/109200 mechanics_current=0 mechanics_source_step=880 T_min=347.05 T_max=347.087783423 u_max=7.48386330435e-05 vm_max=648784230.213 laser_center=[0.     0.0025 0.007 ] laser_switch=0 effective_power=0 vtk=
global_step=889 mode=layer_dwell layer=7/13 highest_printed_layer=7 hatch=4/4 scan=8/8 front_z=0.007 active_window_cells=57780/109200 printed_cells=57780/109200 cooling_only_cells=0/109200 mechanics_current=0 mechanics_source_step=880 T_min=347.05 T_max=347.083479554 u_max=7.48386330435e-05 vm_max=648784230.213 laser_center=[0.     0.0025 0.007 ] laser_switch=0 effective_power=0 vtk=
global_step=890 mode=layer_dwell layer=7/13 highest_printed_layer=7 hatch=4/4 scan=8/8 front_z=0.007 active_window_cells=57780/109200 printed_cells=57780/109200 cooling_only_cells=0/109200 mechanics_current=0 mechanics_source_step=880 T_min=347.05 T_max=347.079663122 u_max=7.48386330435e-05 vm_max=648784230.213 laser_center=[0.     0.0025 0.007 ] laser_switch=0 effective_power=0 vtk=
global_step=891 mode=layer_dwell layer=7/13 highest_printed_layer=7 hatch=4/4 scan=8/8 front_z=0.007 active_window_cells=57780/109200 printed_cells=57780/109200 cooling_only_cells=0/109200 mechanics_current=0 mechanics_source_step=880 T_min=347.05 T_max=347.076279377 u_max=7.48386330435e-05 vm_max=648784230.213 laser_center=[0.     0.0025 0.007 ] laser_switch=0 effective_power=0 vtk=
global_step=892 mode=layer_dwell layer=7/13 highest_printed_layer=7 hatch=4/4 scan=8/8 front_z=0.007 active_window_cells=57780/109200 printed_cells=57780/109200 cooling_only_cells=0/109200 mechanics_current=0 mechanics_source_step=880 T_min=347.05 T_max=347.073279643 u_max=7.48386330435e-05 vm_max=648784230.213 laser_center=[0.     0.0025 0.007 ] laser_switch=0 effective_power=0 vtk=
global_step=893 mode=layer_dwell layer=7/13 highest_printed_layer=7 hatch=4/4 scan=8/8 front_z=0.007 active_window_cells=57780/109200 printed_cells=57780/109200 cooling_only_cells=0/109200 mechanics_current=0 mechanics_source_step=880 T_min=347.05 T_max=347.070620658 u_max=7.48386330435e-05 vm_max=648784230.213 laser_center=[0.     0.0025 0.007 ] laser_switch=0 effective_power=0 vtk=
global_step=894 mode=layer_dwell layer=7/13 highest_printed_layer=7 hatch=4/4 scan=8/8 front_z=0.007 active_window_cells=57780/109200 printed_cells=57780/109200 cooling_only_cells=0/109200 mechanics_current=0 mechanics_source_step=880 T_min=347.05 T_max=347.068263982 u_max=7.48386330435e-05 vm_max=648784230.213 laser_center=[0.     0.0025 0.007 ] laser_switch=0 effective_power=0 vtk=
global_step=895 mode=layer_dwell layer=7/13 highest_printed_layer=7 hatch=4/4 scan=8/8 front_z=0.007 active_window_cells=57780/109200 printed_cells=57780/109200 cooling_only_cells=0/109200 mechanics_current=0 mechanics_source_step=880 T_min=347.05 T_max=347.066175469 u_max=7.48386330435e-05 vm_max=648784230.213 laser_center=[0.     0.0025 0.007 ] laser_switch=0 effective_power=0 vtk=
global_step=896 mode=layer_dwell layer=7/13 highest_printed_layer=7 hatch=4/4 scan=8/8 front_z=0.007 active_window_cells=57780/109200 printed_cells=57780/109200 cooling_only_cells=0/109200 mechanics_current=1 mechanics_source_step=896 T_min=347.05 T_max=347.064324793 u_max=7.48393578353e-05 vm_max=648791778.71 laser_center=[0.     0.0025 0.007 ] laser_switch=0 effective_power=0 vtk=/home/user/work/output/amb_l0_20260731T092534Z/step_000896_layer_dwell.vtu
global_step=897 mode=layer_dwell layer=7/13 highest_printed_layer=7 hatch=4/4 scan=8/8 front_z=0.007 active_window_cells=57780/109200 printed_cells=57780/109200 cooling_only_cells=0/109200 mechanics_current=0 mechanics_source_step=896 T_min=347.05 T_max=347.062685027 u_max=7.48393578353e-05 vm_max=648791778.71 laser_center=[0.     0.0025 0.007 ] laser_switch=0 effective_power=0 vtk=
global_step=898 mode=layer_dwell layer=7/13 highest_printed_layer=7 hatch=4/4 scan=8/8 front_z=0.007 active_window_cells=57780/109200 printed_cells=57780/109200 cooling_only_cells=0/109200 mechanics_current=0 mechanics_source_step=896 T_min=347.05 T_max=347.061232267 u_max=7.48393578353e-05 vm_max=648791778.71 laser_center=[0.     0.0025 0.007 ] laser_switch=0 effective_power=0 vtk=
global_step=899 mode=layer_dwell layer=7/13 highest_printed_layer=7 hatch=4/4 scan=8/8 front_z=0.007 active_window_cells=57780/109200 printed_cells=57780/109200 cooling_only_cells=0/109200 mechanics_current=0 mechanics_source_step=896 T_min=347.05 T_max=347.059945297 u_max=7.48393578353e-05 vm_max=648791778.71 laser_center=[0.     0.0025 0.007 ] laser_switch=0 effective_power=0 vtk=
global_step=900 mode=layer_dwell layer=7/13 highest_printed_layer=7 hatch=4/4 scan=8/8 front_z=0.007 active_window_cells=57780/109200 printed_cells=57780/109200 cooling_only_cells=0/109200 mechanics_current=0 mechanics_source_step=896 T_min=347.05 T_max=347.058805292 u_max=7.48393578353e-05 vm_max=648791778.71 laser_center=[0.     0.0025 0.007 ] laser_switch=0 effective_power=0 vtk=
global_step=901 mode=layer_dwell layer=7/13 highest_printed_layer=7 hatch=4/4 scan=8/8 front_z=0.007 active_window_cells=57780/109200 printed_cells=57780/109200 cooling_only_cells=0/109200 mechanics_current=0 mechanics_source_step=896 T_min=347.05 T_max=347.057795545 u_max=7.48393578353e-05 vm_max=648791778.71 laser_center=[0.     0.0025 0.007 ] laser_switch=0 effective_power=0 vtk=
global_step=902 mode=layer_dwell layer=7/13 highest_printed_layer=7 hatch=4/4 scan=8/8 front_z=0.007 active_window_cells=57780/109200 printed_cells=57780/109200 cooling_only_cells=0/109200 mechanics_current=0 mechanics_source_step=896 T_min=347.05 T_max=347.056901241 u_max=7.48393578353e-05 vm_max=648791778.71 laser_center=[0.     0.0025 0.007 ] laser_switch=0 effective_power=0 vtk=
global_step=903 mode=layer_dwell layer=7/13 highest_printed_layer=7 hatch=4/4 scan=8/8 front_z=0.007 active_window_cells=57780/109200 printed_cells=57780/109200 cooling_only_cells=0/109200 mechanics_current=0 mechanics_source_step=896 T_min=347.05 T_max=347.056109236 u_max=7.48393578353e-05 vm_max=648791778.71 laser_center=[0.     0.0025 0.007 ] laser_switch=0 effective_power=0 vtk=
global_step=904 mode=layer_dwell layer=7/13 highest_printed_layer=7 hatch=4/4 scan=8/8 front_z=0.007 active_window_cells=57780/109200 printed_cells=57780/109200 cooling_only_cells=0/109200 mechanics_current=0 mechanics_source_step=896 T_min=347.05 T_max=347.055407875 u_max=7.48393578353e-05 vm_max=648791778.71 laser_center=[0.     0.0025 0.007 ] laser_switch=0 effective_power=0 vtk=
global_step=905 mode=layer_dwell layer=7/13 highest_printed_layer=7 hatch=4/4 scan=8/8 front_z=0.007 active_window_cells=57780/109200 printed_cells=57780/109200 cooling_only_cells=0/109200 mechanics_current=0 mechanics_source_step=896 T_min=347.05 T_max=347.054786823 u_max=7.48393578353e-05 vm_max=648791778.71 laser_center=[0.     0.0025 0.007 ] laser_switch=0 effective_power=0 vtk=
global_step=906 mode=layer_dwell layer=7/13 highest_printed_layer=7 hatch=4/4 scan=8/8 front_z=0.007 active_window_cells=57780/109200 printed_cells=57780/109200 cooling_only_cells=0/109200 mechanics_current=0 mechanics_source_step=896 T_min=347.05 T_max=347.054236917 u_max=7.48393578353e-05 vm_max=648791778.71 laser_center=[0.     0.0025 0.007 ] laser_switch=0 effective_power=0 vtk=
global_step=907 mode=layer_dwell layer=7/13 highest_printed_layer=7 hatch=4/4 scan=8/8 front_z=0.007 active_window_cells=57780/109200 printed_cells=57780/109200 cooling_only_cells=0/109200 mechanics_current=0 mechanics_source_step=896 T_min=347.05 T_max=347.053750035 u_max=7.48393578353e-05 vm_max=648791778.71 laser_center=[0.     0.0025 0.007 ] laser_switch=0 effective_power=0 vtk=
global_step=908 mode=layer_dwell layer=7/13 highest_printed_layer=7 hatch=4/4 scan=8/8 front_z=0.007 active_window_cells=57780/109200 printed_cells=57780/109200 cooling_only_cells=0/109200 mechanics_current=0 mechanics_source_step=896 T_min=347.05 T_max=347.053318977 u_max=7.48393578353e-05 vm_max=648791778.71 laser_center=[0.     0.0025 0.007 ] laser_switch=0 effective_power=0 vtk=
global_step=909 mode=layer_dwell layer=7/13 highest_printed_layer=7 hatch=4/4 scan=8/8 front_z=0.007 active_window_cells=57780/109200 printed_cells=57780/109200 cooling_only_cells=0/109200 mechanics_current=0 mechanics_source_step=896 T_min=347.05 T_max=347.052937362 u_max=7.48393578353e-05 vm_max=648791778.71 laser_center=[0.     0.0025 0.007 ] laser_switch=0 effective_power=0 vtk=
global_step=910 mode=layer_dwell layer=7/13 highest_printed_layer=7 hatch=4/4 scan=8/8 front_z=0.007 active_window_cells=57780/109200 printed_cells=57780/109200 cooling_only_cells=0/109200 mechanics_current=0 mechanics_source_step=896 T_min=347.05 T_max=347.052599535 u_max=7.48393578353e-05 vm_max=648791778.71 laser_center=[0.     0.0025 0.007 ] laser_switch=0 effective_power=0 vtk=
global_step=911 mode=layer_dwell layer=7/13 highest_printed_layer=7 hatch=4/4 scan=8/8 front_z=0.007 active_window_cells=57780/109200 printed_cells=57780/109200 cooling_only_cells=0/109200 mechanics_current=0 mechanics_source_step=896 T_min=347.05 T_max=347.052300487 u_max=7.48393578353e-05 vm_max=648791778.71 laser_center=[0.     0.0025 0.007 ] laser_switch=0 effective_power=0 vtk=
global_step=912 mode=layer_dwell layer=7/13 highest_printed_layer=7 hatch=4/4 scan=8/8 front_z=0.007 active_window_cells=57780/109200 printed_cells=57780/109200 cooling_only_cells=0/109200 mechanics_current=1 mechanics_source_step=912 T_min=347.05 T_max=347.052035778 u_max=7.48394540875e-05 vm_max=648792752.158 laser_center=[0.     0.0025 0.007 ] laser_switch=0 effective_power=0 vtk=/home/user/work/output/amb_l0_20260731T092534Z/step_000912_layer_dwell.vtu
global_step=913 mode=layer_dwell layer=7/13 highest_printed_layer=7 hatch=4/4 scan=8/8 front_z=0.007 active_window_cells=57780/109200 printed_cells=57780/109200 cooling_only_cells=0/109200 mechanics_current=0 mechanics_source_step=912 T_min=347.05 T_max=347.051801473 u_max=7.48394540875e-05 vm_max=648792752.158 laser_center=[0.     0.0025 0.007 ] laser_switch=0 effective_power=0 vtk=
global_step=914 mode=layer_dwell layer=7/13 highest_printed_layer=7 hatch=4/4 scan=8/8 front_z=0.007 active_window_cells=57780/109200 printed_cells=57780/109200 cooling_only_cells=0/109200 mechanics_current=0 mechanics_source_step=912 T_min=347.05 T_max=347.051594091 u_max=7.48394540875e-05 vm_max=648792752.158 laser_center=[0.     0.0025 0.007 ] laser_switch=0 effective_power=0 vtk=
global_step=915 mode=layer_dwell layer=7/13 highest_printed_layer=7 hatch=4/4 scan=8/8 front_z=0.007 active_window_cells=57780/109200 printed_cells=57780/109200 cooling_only_cells=0/109200 mechanics_current=0 mechanics_source_step=912 T_min=347.05 T_max=347.051594091 u_max=7.48394540875e-05 vm_max=648792752.158 laser_center=[0.     0.0025 0.007 ] laser_switch=0 effective_power=0 vtk=
global_step=916 mode=layer_dwell layer=7/13 highest_printed_layer=7 hatch=4/4 scan=8/8 front_z=0.007 active_window_cells=57780/109200 printed_cells=57780/109200 cooling_only_cells=0/109200 mechanics_current=0 mechanics_source_step=912 T_min=347.05 T_max=347.051594091 u_max=7.48394540875e-05 vm_max=648792752.158 laser_center=[0.     0.0025 0.007 ] laser_switch=0 effective_power=0 vtk=
global_step=917 mode=layer_dwell layer=7/13 highest_printed_layer=7 hatch=4/4 scan=8/8 front_z=0.007 active_window_cells=57780/109200 printed_cells=57780/109200 cooling_only_cells=0/109200 mechanics_current=0 mechanics_source_step=912 T_min=347.05 T_max=347.051594091 u_max=7.48394540875e-05 vm_max=648792752.158 laser_center=[0.     0.0025 0.007 ] laser_switch=0 effective_power=0 vtk=
global_step=918 mode=layer_dwell layer=7/13 highest_printed_layer=7 hatch=4/4 scan=8/8 front_z=0.007 active_window_cells=57780/109200 printed_cells=57780/109200 cooling_only_cells=0/109200 mechanics_current=0 mechanics_source_step=912 T_min=347.05 T_max=347.051594091 u_max=7.48394540875e-05 vm_max=648792752.158 laser_center=[0.     0.0025 0.007 ] laser_switch=0 effective_power=0 vtk=
global_step=919 mode=layer_dwell layer=7/13 highest_printed_layer=7 hatch=4/4 scan=8/8 front_z=0.007 active_window_cells=57780/109200 printed_cells=57780/109200 cooling_only_cells=0/109200 mechanics_current=0 mechanics_source_step=912 T_min=347.05 T_max=347.051594091 u_max=7.48394540875e-05 vm_max=648792752.158 laser_center=[0.     0.0025 0.007 ] laser_switch=0 effective_power=0 vtk=
global_step=920 mode=layer_dwell layer=7/13 highest_printed_layer=7 hatch=4/4 scan=8/8 front_z=0.007 active_window_cells=57780/109200 printed_cells=57780/109200 cooling_only_cells=0/109200 mechanics_current=0 mechanics_source_step=912 T_min=347.05 T_max=347.051594091 u_max=7.48394540875e-05 vm_max=648792752.158 laser_center=[0.     0.0025 0.007 ] laser_switch=0 effective_power=0 vtk=
global_step=921 mode=layer_dwell layer=7/13 highest_printed_layer=7 hatch=4/4 scan=8/8 front_z=0.007 active_window_cells=57780/109200 printed_cells=57780/109200 cooling_only_cells=0/109200 mechanics_current=0 mechanics_source_step=912 T_min=347.05 T_max=347.051594091 u_max=7.48394540875e-05 vm_max=648792752.158 laser_center=[0.     0.0025 0.007 ] laser_switch=0 effective_power=0 vtk=
global_step=922 mode=layer_dwell layer=7/13 highest_printed_layer=7 hatch=4/4 scan=8/8 front_z=0.007 active_window_cells=57780/109200 printed_cells=57780/109200 cooling_only_cells=0/109200 mechanics_current=0 mechanics_source_step=912 T_min=347.05 T_max=347.051594091 u_max=7.48394540875e-05 vm_max=648792752.158 laser_center=[0.     0.0025 0.007 ] laser_switch=0 effective_power=0 vtk=
global_step=923 mode=layer_dwell layer=7/13 highest_printed_layer=7 hatch=4/4 scan=8/8 front_z=0.007 active_window_cells=57780/109200 printed_cells=57780/109200 cooling_only_cells=0/109200 mechanics_current=0 mechanics_source_step=912 T_min=347.05 T_max=347.051594091 u_max=7.48394540875e-05 vm_max=648792752.158 laser_center=[0.     0.0025 0.007 ] laser_switch=0 effective_power=0 vtk=
global_step=924 mode=layer_dwell layer=7/13 highest_printed_layer=7 hatch=4/4 scan=8/8 front_z=0.007 active_window_cells=57780/109200 printed_cells=57780/109200 cooling_only_cells=0/109200 mechanics_current=0 mechanics_source_step=912 T_min=347.05 T_max=347.051594091 u_max=7.48394540875e-05 vm_max=648792752.158 laser_center=[0.     0.0025 0.007 ] laser_switch=0 effective_power=0 vtk=
global_step=925 mode=layer_dwell layer=7/13 highest_printed_layer=7 hatch=4/4 scan=8/8 front_z=0.007 active_window_cells=57780/109200 printed_cells=57780/109200 cooling_only_cells=0/109200 mechanics_current=0 mechanics_source_step=912 T_min=347.05 T_max=347.051594091 u_max=7.48394540875e-05 vm_max=648792752.158 laser_center=[0.     0.0025 0.007 ] laser_switch=0 effective_power=0 vtk=
global_step=926 mode=layer_dwell layer=7/13 highest_printed_layer=7 hatch=4/4 scan=8/8 front_z=0.007 active_window_cells=57780/109200 printed_cells=57780/109200 cooling_only_cells=0/109200 mechanics_current=0 mechanics_source_step=912 T_min=347.05 T_max=347.051594091 u_max=7.48394540875e-05 vm_max=648792752.158 laser_center=[0.     0.0025 0.007 ] laser_switch=0 effective_power=0 vtk=
global_step=927 mode=layer_dwell layer=7/13 highest_printed_layer=7 hatch=4/4 scan=8/8 front_z=0.007 active_window_cells=57780/109200 printed_cells=57780/109200 cooling_only_cells=0/109200 mechanics_current=0 mechanics_source_step=912 T_min=347.05 T_max=347.051594091 u_max=7.48394540875e-05 vm_max=648792752.158 laser_center=[0.     0.0025 0.007 ] laser_switch=0 effective_power=0 vtk=
global_step=928 mode=layer_dwell layer=7/13 highest_printed_layer=7 hatch=4/4 scan=8/8 front_z=0.007 active_window_cells=57780/109200 printed_cells=57780/109200 cooling_only_cells=0/109200 mechanics_current=1 mechanics_source_step=928 T_min=347.05 T_max=347.051594091 u_max=7.48394574362e-05 vm_max=648792784.854 laser_center=[0.     0.0025 0.007 ] laser_switch=0 effective_power=0 vtk=/home/user/work/output/amb_l0_20260731T092534Z/step_000928_layer_dwell.vtu
global_step=929 mode=layer_dwell layer=7/13 highest_printed_layer=7 hatch=4/4 scan=8/8 front_z=0.007 active_window_cells=57780/109200 printed_cells=57780/109200 cooling_only_cells=0/109200 mechanics_current=0 mechanics_source_step=928 T_min=347.05 T_max=347.051594091 u_max=7.48394574362e-05 vm_max=648792784.854 laser_center=[0.     0.0025 0.007 ] laser_switch=0 effective_power=0 vtk=
global_step=930 mode=layer_dwell layer=7/13 highest_printed_layer=7 hatch=4/4 scan=8/8 front_z=0.007 active_window_cells=57780/109200 printed_cells=57780/109200 cooling_only_cells=0/109200 mechanics_current=0 mechanics_source_step=928 T_min=347.05 T_max=347.051594091 u_max=7.48394574362e-05 vm_max=648792784.854 laser_center=[0.     0.0025 0.007 ] laser_switch=0 effective_power=0 vtk=
global_step=931 mode=scan layer=8/13 highest_printed_layer=8 hatch=1/4 scan=1/8 front_z=0.008 active_window_cells=59260/109200 printed_cells=59260/109200 cooling_only_cells=0/109200 mechanics_current=1 mechanics_source_step=931 T_min=347.05 T_max=1905.14614631 u_max=7.1329397734e-05 vm_max=586017865.198 laser_center=[ 0.     -0.0025  0.008 ] laser_switch=1 effective_power=30.225 vtk=/home/user/work/output/amb_l0_20260731T092534Z/step_000931_scan.vtu
global_step=932 mode=scan layer=8/13 highest_printed_layer=8 hatch=1/4 scan=2/8 front_z=0.008 active_window_cells=59260/109200 printed_cells=59260/109200 cooling_only_cells=0/109200 mechanics_current=0 mechanics_source_step=931 T_min=347.05 T_max=1369.85015502 u_max=7.1329397734e-05 vm_max=586017865.198 laser_center=[ 0.01071429 -0.0025      0.008     ] laser_switch=1 effective_power=30.225 vtk=
global_step=933 mode=scan layer=8/13 highest_printed_layer=8 hatch=1/4 scan=3/8 front_z=0.008 active_window_cells=59260/109200 printed_cells=59260/109200 cooling_only_cells=0/109200 mechanics_current=0 mechanics_source_step=931 T_min=347.05 T_max=1391.95195988 u_max=7.1329397734e-05 vm_max=586017865.198 laser_center=[ 0.02142857 -0.0025      0.008     ] laser_switch=1 effective_power=30.225 vtk=
global_step=934 mode=scan layer=8/13 highest_printed_layer=8 hatch=1/4 scan=4/8 front_z=0.008 active_window_cells=59260/109200 printed_cells=59260/109200 cooling_only_cells=0/109200 mechanics_current=0 mechanics_source_step=931 T_min=347.05 T_max=1367.5671912 u_max=7.1329397734e-05 vm_max=586017865.198 laser_center=[ 0.03214286 -0.0025      0.008     ] laser_switch=1 effective_power=30.225 vtk=
global_step=935 mode=scan layer=8/13 highest_printed_layer=8 hatch=1/4 scan=5/8 front_z=0.008 active_window_cells=59260/109200 printed_cells=59260/109200 cooling_only_cells=0/109200 mechanics_current=0 mechanics_source_step=931 T_min=347.05 T_max=1363.36854262 u_max=7.1329397734e-05 vm_max=586017865.198 laser_center=[ 0.04285714 -0.0025      0.008     ] laser_switch=1 effective_power=30.225 vtk=
global_step=936 mode=scan layer=8/13 highest_printed_layer=8 hatch=1/4 scan=6/8 front_z=0.008 active_window_cells=59260/109200 printed_cells=59260/109200 cooling_only_cells=0/109200 mechanics_current=0 mechanics_source_step=931 T_min=347.05 T_max=1377.15252168 u_max=7.1329397734e-05 vm_max=586017865.198 laser_center=[ 0.05357143 -0.0025      0.008     ] laser_switch=1 effective_power=30.225 vtk=
global_step=937 mode=scan layer=8/13 highest_printed_layer=8 hatch=1/4 scan=7/8 front_z=0.008 active_window_cells=59260/109200 printed_cells=59260/109200 cooling_only_cells=0/109200 mechanics_current=0 mechanics_source_step=931 T_min=347.05 T_max=1335.37275038 u_max=7.1329397734e-05 vm_max=586017865.198 laser_center=[ 0.06428571 -0.0025      0.008     ] laser_switch=1 effective_power=30.225 vtk=
global_step=938 mode=scan layer=8/13 highest_printed_layer=8 hatch=1/4 scan=8/8 front_z=0.008 active_window_cells=59260/109200 printed_cells=59260/109200 cooling_only_cells=0/109200 mechanics_current=0 mechanics_source_step=931 T_min=347.05 T_max=2131.75815568 u_max=7.1329397734e-05 vm_max=586017865.198 laser_center=[ 0.075  -0.0025  0.008 ] laser_switch=1 effective_power=30.225 vtk=
global_step=939 mode=scan layer=8/13 highest_printed_layer=8 hatch=2/4 scan=1/8 front_z=0.008 active_window_cells=59260/109200 printed_cells=59260/109200 cooling_only_cells=0/109200 mechanics_current=0 mechanics_source_step=931 T_min=347.05 T_max=1460.52647333 u_max=7.1329397734e-05 vm_max=586017865.198 laser_center=[ 0.075      -0.00083333  0.008     ] laser_switch=1 effective_power=30.225 vtk=
global_step=940 mode=scan layer=8/13 highest_printed_layer=8 hatch=2/4 scan=2/8 front_z=0.008 active_window_cells=59260/109200 printed_cells=59260/109200 cooling_only_cells=0/109200 mechanics_current=0 mechanics_source_step=931 T_min=347.05 T_max=743.021914148 u_max=7.1329397734e-05 vm_max=586017865.198 laser_center=[ 0.06428571 -0.00083333  0.008     ] laser_switch=1 effective_power=30.225 vtk=
global_step=941 mode=scan layer=8/13 highest_printed_layer=8 hatch=2/4 scan=3/8 front_z=0.008 active_window_cells=59260/109200 printed_cells=59260/109200 cooling_only_cells=0/109200 mechanics_current=0 mechanics_source_step=931 T_min=347.05 T_max=780.949276022 u_max=7.1329397734e-05 vm_max=586017865.198 laser_center=[ 0.05357143 -0.00083333  0.008     ] laser_switch=1 effective_power=30.225 vtk=
global_step=942 mode=scan layer=8/13 highest_printed_layer=8 hatch=2/4 scan=4/8 front_z=0.008 active_window_cells=59260/109200 printed_cells=59260/109200 cooling_only_cells=0/109200 mechanics_current=0 mechanics_source_step=931 T_min=347.05 T_max=767.134002902 u_max=7.1329397734e-05 vm_max=586017865.198 laser_center=[ 0.04285714 -0.00083333  0.008     ] laser_switch=1 effective_power=30.225 vtk=
global_step=943 mode=scan layer=8/13 highest_printed_layer=8 hatch=2/4 scan=5/8 front_z=0.008 active_window_cells=59260/109200 printed_cells=59260/109200 cooling_only_cells=0/109200 mechanics_current=0 mechanics_source_step=931 T_min=347.05 T_max=768.029868224 u_max=7.1329397734e-05 vm_max=586017865.198 laser_center=[ 0.03214286 -0.00083333  0.008     ] laser_switch=1 effective_power=30.225 vtk=
global_step=944 mode=scan layer=8/13 highest_printed_layer=8 hatch=2/4 scan=6/8 front_z=0.008 active_window_cells=59260/109200 printed_cells=59260/109200 cooling_only_cells=0/109200 mechanics_current=1 mechanics_source_step=944 T_min=347.05 T_max=792.860015989 u_max=7.46702310726e-05 vm_max=650100524.504 laser_center=[ 0.02142857 -0.00083333  0.008     ] laser_switch=1 effective_power=30.225 vtk=/home/user/work/output/amb_l0_20260731T092534Z/step_000944_scan.vtu
global_step=945 mode=scan layer=8/13 highest_printed_layer=8 hatch=2/4 scan=7/8 front_z=0.008 active_window_cells=59260/109200 printed_cells=59260/109200 cooling_only_cells=0/109200 mechanics_current=0 mechanics_source_step=944 T_min=347.05 T_max=778.993030031 u_max=7.46702310726e-05 vm_max=650100524.504 laser_center=[ 0.01071429 -0.00083333  0.008     ] laser_switch=1 effective_power=30.225 vtk=
global_step=946 mode=scan layer=8/13 highest_printed_layer=8 hatch=2/4 scan=8/8 front_z=0.008 active_window_cells=59260/109200 printed_cells=59260/109200 cooling_only_cells=0/109200 mechanics_current=0 mechanics_source_step=944 T_min=347.05 T_max=1309.35527343 u_max=7.46702310726e-05 vm_max=650100524.504 laser_center=[ 0.         -0.00083333  0.008     ] laser_switch=1 effective_power=30.225 vtk=
global_step=947 mode=scan layer=8/13 highest_printed_layer=8 hatch=3/4 scan=1/8 front_z=0.008 active_window_cells=59260/109200 printed_cells=59260/109200 cooling_only_cells=0/109200 mechanics_current=0 mechanics_source_step=944 T_min=347.05 T_max=1178.62688325 u_max=7.46702310726e-05 vm_max=650100524.504 laser_center=[0.         0.00083333 0.008     ] laser_switch=1 effective_power=30.225 vtk=
global_step=948 mode=scan layer=8/13 highest_printed_layer=8 hatch=3/4 scan=2/8 front_z=0.008 active_window_cells=59260/109200 printed_cells=59260/109200 cooling_only_cells=0/109200 mechanics_current=0 mechanics_source_step=944 T_min=347.05 T_max=791.704976338 u_max=7.46702310726e-05 vm_max=650100524.504 laser_center=[0.01071429 0.00083333 0.008     ] laser_switch=1 effective_power=30.225 vtk=
global_step=949 mode=scan layer=8/13 highest_printed_layer=8 hatch=3/4 scan=3/8 front_z=0.008 active_window_cells=59260/109200 printed_cells=59260/109200 cooling_only_cells=0/109200 mechanics_current=0 mechanics_source_step=944 T_min=347.05 T_max=799.079775935 u_max=7.46702310726e-05 vm_max=650100524.504 laser_center=[0.02142857 0.00083333 0.008     ] laser_switch=1 effective_power=30.225 vtk=
global_step=950 mode=scan layer=8/13 highest_printed_layer=8 hatch=3/4 scan=4/8 front_z=0.008 active_window_cells=59260/109200 printed_cells=59260/109200 cooling_only_cells=0/109200 mechanics_current=0 mechanics_source_step=944 T_min=347.05 T_max=772.479106795 u_max=7.46702310726e-05 vm_max=650100524.504 laser_center=[0.03214286 0.00083333 0.008     ] laser_switch=1 effective_power=30.225 vtk=
global_step=951 mode=scan layer=8/13 highest_printed_layer=8 hatch=3/4 scan=5/8 front_z=0.008 active_window_cells=59260/109200 printed_cells=59260/109200 cooling_only_cells=0/109200 mechanics_current=0 mechanics_source_step=944 T_min=347.05 T_max=764.768030369 u_max=7.46702310726e-05 vm_max=650100524.504 laser_center=[0.04285714 0.00083333 0.008     ] laser_switch=1 effective_power=30.225 vtk=
global_step=952 mode=scan layer=8/13 highest_printed_layer=8 hatch=3/4 scan=6/8 front_z=0.008 active_window_cells=59260/109200 printed_cells=59260/109200 cooling_only_cells=0/109200 mechanics_current=0 mechanics_source_step=944 T_min=347.05 T_max=776.307917811 u_max=7.46702310726e-05 vm_max=650100524.504 laser_center=[0.05357143 0.00083333 0.008     ] laser_switch=1 effective_power=30.225 vtk=
global_step=953 mode=scan layer=8/13 highest_printed_layer=8 hatch=3/4 scan=7/8 front_z=0.008 active_window_cells=59260/109200 printed_cells=59260/109200 cooling_only_cells=0/109200 mechanics_current=0 mechanics_source_step=944 T_min=347.05 T_max=729.597439363 u_max=7.46702310726e-05 vm_max=650100524.504 laser_center=[0.06428571 0.00083333 0.008     ] laser_switch=1 effective_power=30.225 vtk=
global_step=954 mode=scan layer=8/13 highest_printed_layer=8 hatch=3/4 scan=8/8 front_z=0.008 active_window_cells=59260/109200 printed_cells=59260/109200 cooling_only_cells=0/109200 mechanics_current=0 mechanics_source_step=944 T_min=347.05 T_max=1609.89524294 u_max=7.46702310726e-05 vm_max=650100524.504 laser_center=[0.075      0.00083333 0.008     ] laser_switch=1 effective_power=30.225 vtk=
global_step=955 mode=scan layer=8/13 highest_printed_layer=8 hatch=4/4 scan=1/8 front_z=0.008 active_window_cells=59260/109200 printed_cells=59260/109200 cooling_only_cells=0/109200 mechanics_current=0 mechanics_source_step=944 T_min=347.05 T_max=1802.42716657 u_max=7.46702310726e-05 vm_max=650100524.504 laser_center=[0.075  0.0025 0.008 ] laser_switch=1 effective_power=30.225 vtk=
global_step=956 mode=scan layer=8/13 highest_printed_layer=8 hatch=4/4 scan=2/8 front_z=0.008 active_window_cells=59260/109200 printed_cells=59260/109200 cooling_only_cells=0/109200 mechanics_current=0 mechanics_source_step=944 T_min=347.05 T_max=1321.58594772 u_max=7.46702310726e-05 vm_max=650100524.504 laser_center=[0.06428571 0.0025     0.008     ] laser_switch=1 effective_power=30.225 vtk=
global_step=957 mode=scan layer=8/13 highest_printed_layer=8 hatch=4/4 scan=3/8 front_z=0.008 active_window_cells=59260/109200 printed_cells=59260/109200 cooling_only_cells=0/109200 mechanics_current=0 mechanics_source_step=944 T_min=347.05 T_max=1373.25657582 u_max=7.46702310726e-05 vm_max=650100524.504 laser_center=[0.05357143 0.0025     0.008     ] laser_switch=1 effective_power=30.225 vtk=
global_step=958 mode=scan layer=8/13 highest_printed_layer=8 hatch=4/4 scan=4/8 front_z=0.008 active_window_cells=59260/109200 printed_cells=59260/109200 cooling_only_cells=0/109200 mechanics_current=0 mechanics_source_step=944 T_min=347.05 T_max=1366.30929398 u_max=7.46702310726e-05 vm_max=650100524.504 laser_center=[0.04285714 0.0025     0.008     ] laser_switch=1 effective_power=30.225 vtk=
global_step=959 mode=scan layer=8/13 highest_printed_layer=8 hatch=4/4 scan=5/8 front_z=0.008 active_window_cells=59260/109200 printed_cells=59260/109200 cooling_only_cells=0/109200 mechanics_current=0 mechanics_source_step=944 T_min=347.05 T_max=1371.76684345 u_max=7.46702310726e-05 vm_max=650100524.504 laser_center=[0.03214286 0.0025     0.008     ] laser_switch=1 effective_power=30.225 vtk=
global_step=960 mode=scan layer=8/13 highest_printed_layer=8 hatch=4/4 scan=6/8 front_z=0.008 active_window_cells=59260/109200 printed_cells=59260/109200 cooling_only_cells=0/109200 mechanics_current=1 mechanics_source_step=960 T_min=347.05 T_max=1397.03523478 u_max=7.47007598003e-05 vm_max=649159176.302 laser_center=[0.02142857 0.0025     0.008     ] laser_switch=1 effective_power=30.225 vtk=/home/user/work/output/amb_l0_20260731T092534Z/step_000960_scan.vtu
global_step=961 mode=scan layer=8/13 highest_printed_layer=8 hatch=4/4 scan=7/8 front_z=0.008 active_window_cells=59260/109200 printed_cells=59260/109200 cooling_only_cells=0/109200 mechanics_current=0 mechanics_source_step=960 T_min=347.05 T_max=1374.00256496 u_max=7.47007598003e-05 vm_max=649159176.302 laser_center=[0.01071429 0.0025     0.008     ] laser_switch=1 effective_power=30.225 vtk=
global_step=962 mode=scan layer=8/13 highest_printed_layer=8 hatch=4/4 scan=8/8 front_z=0.008 active_window_cells=59260/109200 printed_cells=59260/109200 cooling_only_cells=0/109200 mechanics_current=0 mechanics_source_step=960 T_min=347.05 T_max=1510.46985267 u_max=7.47007598003e-05 vm_max=649159176.302 laser_center=[0.     0.0025 0.008 ] laser_switch=1 effective_power=30.225 vtk=
global_step=963 mode=layer_dwell layer=8/13 highest_printed_layer=8 hatch=4/4 scan=8/8 front_z=0.008 active_window_cells=59260/109200 printed_cells=59260/109200 cooling_only_cells=0/109200 mechanics_current=0 mechanics_source_step=960 T_min=347.05 T_max=530.722015547 u_max=7.47007598003e-05 vm_max=649159176.302 laser_center=[0.     0.0025 0.008 ] laser_switch=0 effective_power=0 vtk=
global_step=964 mode=layer_dwell layer=8/13 highest_printed_layer=8 hatch=4/4 scan=8/8 front_z=0.008 active_window_cells=59260/109200 printed_cells=59260/109200 cooling_only_cells=0/109200 mechanics_current=0 mechanics_source_step=960 T_min=347.05 T_max=439.234701056 u_max=7.47007598003e-05 vm_max=649159176.302 laser_center=[0.     0.0025 0.008 ] laser_switch=0 effective_power=0 vtk=
global_step=965 mode=layer_dwell layer=8/13 highest_printed_layer=8 hatch=4/4 scan=8/8 front_z=0.008 active_window_cells=59260/109200 printed_cells=59260/109200 cooling_only_cells=0/109200 mechanics_current=0 mechanics_source_step=960 T_min=347.05 T_max=414.607559484 u_max=7.47007598003e-05 vm_max=649159176.302 laser_center=[0.     0.0025 0.008 ] laser_switch=0 effective_power=0 vtk=
global_step=966 mode=layer_dwell layer=8/13 highest_printed_layer=8 hatch=4/4 scan=8/8 front_z=0.008 active_window_cells=59260/109200 printed_cells=59260/109200 cooling_only_cells=0/109200 mechanics_current=0 mechanics_source_step=960 T_min=347.05 T_max=403.95230535 u_max=7.47007598003e-05 vm_max=649159176.302 laser_center=[0.     0.0025 0.008 ] laser_switch=0 effective_power=0 vtk=
global_step=967 mode=layer_dwell layer=8/13 highest_printed_layer=8 hatch=4/4 scan=8/8 front_z=0.008 active_window_cells=59260/109200 printed_cells=59260/109200 cooling_only_cells=0/109200 mechanics_current=0 mechanics_source_step=960 T_min=347.05 T_max=395.522963306 u_max=7.47007598003e-05 vm_max=649159176.302 laser_center=[0.     0.0025 0.008 ] laser_switch=0 effective_power=0 vtk=
global_step=968 mode=layer_dwell layer=8/13 highest_printed_layer=8 hatch=4/4 scan=8/8 front_z=0.008 active_window_cells=59260/109200 printed_cells=59260/109200 cooling_only_cells=0/109200 mechanics_current=0 mechanics_source_step=960 T_min=347.05 T_max=387.959012396 u_max=7.47007598003e-05 vm_max=649159176.302 laser_center=[0.     0.0025 0.008 ] laser_switch=0 effective_power=0 vtk=
global_step=969 mode=layer_dwell layer=8/13 highest_printed_layer=8 hatch=4/4 scan=8/8 front_z=0.008 active_window_cells=59260/109200 printed_cells=59260/109200 cooling_only_cells=0/109200 mechanics_current=0 mechanics_source_step=960 T_min=347.05 T_max=381.416403189 u_max=7.47007598003e-05 vm_max=649159176.302 laser_center=[0.     0.0025 0.008 ] laser_switch=0 effective_power=0 vtk=
global_step=970 mode=layer_dwell layer=8/13 highest_printed_layer=8 hatch=4/4 scan=8/8 front_z=0.008 active_window_cells=59260/109200 printed_cells=59260/109200 cooling_only_cells=0/109200 mechanics_current=0 mechanics_source_step=960 T_min=347.05 T_max=375.845164238 u_max=7.47007598003e-05 vm_max=649159176.302 laser_center=[0.     0.0025 0.008 ] laser_switch=0 effective_power=0 vtk=
global_step=971 mode=layer_dwell layer=8/13 highest_printed_layer=8 hatch=4/4 scan=8/8 front_z=0.008 active_window_cells=59260/109200 printed_cells=59260/109200 cooling_only_cells=0/109200 mechanics_current=0 mechanics_source_step=960 T_min=347.05 T_max=371.150791211 u_max=7.47007598003e-05 vm_max=649159176.302 laser_center=[0.     0.0025 0.008 ] laser_switch=0 effective_power=0 vtk=
global_step=972 mode=layer_dwell layer=8/13 highest_printed_layer=8 hatch=4/4 scan=8/8 front_z=0.008 active_window_cells=59260/109200 printed_cells=59260/109200 cooling_only_cells=0/109200 mechanics_current=0 mechanics_source_step=960 T_min=347.05 T_max=367.210963666 u_max=7.47007598003e-05 vm_max=649159176.302 laser_center=[0.     0.0025 0.008 ] laser_switch=0 effective_power=0 vtk=
global_step=973 mode=layer_dwell layer=8/13 highest_printed_layer=8 hatch=4/4 scan=8/8 front_z=0.008 active_window_cells=59260/109200 printed_cells=59260/109200 cooling_only_cells=0/109200 mechanics_current=0 mechanics_source_step=960 T_min=347.05 T_max=363.91778517 u_max=7.47007598003e-05 vm_max=649159176.302 laser_center=[0.     0.0025 0.008 ] laser_switch=0 effective_power=0 vtk=
global_step=974 mode=layer_dwell layer=8/13 highest_printed_layer=8 hatch=4/4 scan=8/8 front_z=0.008 active_window_cells=59260/109200 printed_cells=59260/109200 cooling_only_cells=0/109200 mechanics_current=0 mechanics_source_step=960 T_min=347.05 T_max=361.173585845 u_max=7.47007598003e-05 vm_max=649159176.302 laser_center=[0.     0.0025 0.008 ] laser_switch=0 effective_power=0 vtk=
global_step=975 mode=layer_dwell layer=8/13 highest_printed_layer=8 hatch=4/4 scan=8/8 front_z=0.008 active_window_cells=59260/109200 printed_cells=59260/109200 cooling_only_cells=0/109200 mechanics_current=0 mechanics_source_step=960 T_min=347.05 T_max=358.890881357 u_max=7.47007598003e-05 vm_max=649159176.302 laser_center=[0.     0.0025 0.008 ] laser_switch=0 effective_power=0 vtk=
global_step=976 mode=layer_dwell layer=8/13 highest_printed_layer=8 hatch=4/4 scan=8/8 front_z=0.008 active_window_cells=59260/109200 printed_cells=59260/109200 cooling_only_cells=0/109200 mechanics_current=1 mechanics_source_step=976 T_min=347.05 T_max=356.994545886 u_max=7.86077250605e-05 vm_max=651954125.009 laser_center=[0.     0.0025 0.008 ] laser_switch=0 effective_power=0 vtk=/home/user/work/output/amb_l0_20260731T092534Z/step_000976_layer_dwell.vtu
global_step=977 mode=layer_dwell layer=8/13 highest_printed_layer=8 hatch=4/4 scan=8/8 front_z=0.008 active_window_cells=59260/109200 printed_cells=59260/109200 cooling_only_cells=0/109200 mechanics_current=0 mechanics_source_step=976 T_min=347.05 T_max=355.423038573 u_max=7.86077250605e-05 vm_max=651954125.009 laser_center=[0.     0.0025 0.008 ] laser_switch=0 effective_power=0 vtk=
global_step=978 mode=layer_dwell layer=8/13 highest_printed_layer=8 hatch=4/4 scan=8/8 front_z=0.008 active_window_cells=59260/109200 printed_cells=59260/109200 cooling_only_cells=0/109200 mechanics_current=0 mechanics_source_step=976 T_min=347.05 T_max=354.136026624 u_max=7.86077250605e-05 vm_max=651954125.009 laser_center=[0.     0.0025 0.008 ] laser_switch=0 effective_power=0 vtk=
global_step=979 mode=layer_dwell layer=8/13 highest_printed_layer=8 hatch=4/4 scan=8/8 front_z=0.008 active_window_cells=59260/109200 printed_cells=59260/109200 cooling_only_cells=0/109200 mechanics_current=0 mechanics_source_step=976 T_min=347.05 T_max=353.103985128 u_max=7.86077250605e-05 vm_max=651954125.009 laser_center=[0.     0.0025 0.008 ] laser_switch=0 effective_power=0 vtk=
global_step=980 mode=layer_dwell layer=8/13 highest_printed_layer=8 hatch=4/4 scan=8/8 front_z=0.008 active_window_cells=59260/109200 printed_cells=59260/109200 cooling_only_cells=0/109200 mechanics_current=0 mechanics_source_step=976 T_min=347.05 T_max=352.268868001 u_max=7.86077250605e-05 vm_max=651954125.009 laser_center=[0.     0.0025 0.008 ] laser_switch=0 effective_power=0 vtk=
global_step=981 mode=layer_dwell layer=8/13 highest_printed_layer=8 hatch=4/4 scan=8/8 front_z=0.008 active_window_cells=59260/109200 printed_cells=59260/109200 cooling_only_cells=0/109200 mechanics_current=0 mechanics_source_step=976 T_min=347.05 T_max=351.582038336 u_max=7.86077250605e-05 vm_max=651954125.009 laser_center=[0.     0.0025 0.008 ] laser_switch=0 effective_power=0 vtk=
global_step=982 mode=layer_dwell layer=8/13 highest_printed_layer=8 hatch=4/4 scan=8/8 front_z=0.008 active_window_cells=59260/109200 printed_cells=59260/109200 cooling_only_cells=0/109200 mechanics_current=0 mechanics_source_step=976 T_min=347.05 T_max=351.010202358 u_max=7.86077250605e-05 vm_max=651954125.009 laser_center=[0.     0.0025 0.008 ] laser_switch=0 effective_power=0 vtk=
global_step=983 mode=layer_dwell layer=8/13 highest_printed_layer=8 hatch=4/4 scan=8/8 front_z=0.008 active_window_cells=59260/109200 printed_cells=59260/109200 cooling_only_cells=0/109200 mechanics_current=0 mechanics_source_step=976 T_min=347.05 T_max=350.531728525 u_max=7.86077250605e-05 vm_max=651954125.009 laser_center=[0.     0.0025 0.008 ] laser_switch=0 effective_power=0 vtk=
global_step=984 mode=layer_dwell layer=8/13 highest_printed_layer=8 hatch=4/4 scan=8/8 front_z=0.008 active_window_cells=59260/109200 printed_cells=59260/109200 cooling_only_cells=0/109200 mechanics_current=0 mechanics_source_step=976 T_min=347.05 T_max=350.126095209 u_max=7.86077250605e-05 vm_max=651954125.009 laser_center=[0.     0.0025 0.008 ] laser_switch=0 effective_power=0 vtk=
global_step=985 mode=layer_dwell layer=8/13 highest_printed_layer=8 hatch=4/4 scan=8/8 front_z=0.008 active_window_cells=59260/109200 printed_cells=59260/109200 cooling_only_cells=0/109200 mechanics_current=0 mechanics_source_step=976 T_min=347.05 T_max=349.780225117 u_max=7.86077250605e-05 vm_max=651954125.009 laser_center=[0.     0.0025 0.008 ] laser_switch=0 effective_power=0 vtk=
global_step=986 mode=layer_dwell layer=8/13 highest_printed_layer=8 hatch=4/4 scan=8/8 front_z=0.008 active_window_cells=59260/109200 printed_cells=59260/109200 cooling_only_cells=0/109200 mechanics_current=0 mechanics_source_step=976 T_min=347.05 T_max=349.483683074 u_max=7.86077250605e-05 vm_max=651954125.009 laser_center=[0.     0.0025 0.008 ] laser_switch=0 effective_power=0 vtk=
global_step=987 mode=layer_dwell layer=8/13 highest_printed_layer=8 hatch=4/4 scan=8/8 front_z=0.008 active_window_cells=59260/109200 printed_cells=59260/109200 cooling_only_cells=0/109200 mechanics_current=0 mechanics_source_step=976 T_min=347.05 T_max=349.2274051 u_max=7.86077250605e-05 vm_max=651954125.009 laser_center=[0.     0.0025 0.008 ] laser_switch=0 effective_power=0 vtk=
global_step=988 mode=layer_dwell layer=8/13 highest_printed_layer=8 hatch=4/4 scan=8/8 front_z=0.008 active_window_cells=59260/109200 printed_cells=59260/109200 cooling_only_cells=0/109200 mechanics_current=0 mechanics_source_step=976 T_min=347.05 T_max=349.000962922 u_max=7.86077250605e-05 vm_max=651954125.009 laser_center=[0.     0.0025 0.008 ] laser_switch=0 effective_power=0 vtk=
global_step=989 mode=layer_dwell layer=8/13 highest_printed_layer=8 hatch=4/4 scan=8/8 front_z=0.008 active_window_cells=59260/109200 printed_cells=59260/109200 cooling_only_cells=0/109200 mechanics_current=0 mechanics_source_step=976 T_min=347.05 T_max=348.796206448 u_max=7.86077250605e-05 vm_max=651954125.009 laser_center=[0.     0.0025 0.008 ] laser_switch=0 effective_power=0 vtk=
global_step=990 mode=layer_dwell layer=8/13 highest_printed_layer=8 hatch=4/4 scan=8/8 front_z=0.008 active_window_cells=59260/109200 printed_cells=59260/109200 cooling_only_cells=0/109200 mechanics_current=0 mechanics_source_step=976 T_min=347.05 T_max=348.611426121 u_max=7.86077250605e-05 vm_max=651954125.009 laser_center=[0.     0.0025 0.008 ] laser_switch=0 effective_power=0 vtk=
global_step=991 mode=layer_dwell layer=8/13 highest_printed_layer=8 hatch=4/4 scan=8/8 front_z=0.008 active_window_cells=59260/109200 printed_cells=59260/109200 cooling_only_cells=0/109200 mechanics_current=0 mechanics_source_step=976 T_min=347.05 T_max=348.444975928 u_max=7.86077250605e-05 vm_max=651954125.009 laser_center=[0.     0.0025 0.008 ] laser_switch=0 effective_power=0 vtk=
global_step=992 mode=layer_dwell layer=8/13 highest_printed_layer=8 hatch=4/4 scan=8/8 front_z=0.008 active_window_cells=59260/109200 printed_cells=59260/109200 cooling_only_cells=0/109200 mechanics_current=1 mechanics_source_step=992 T_min=347.05 T_max=348.295278619 u_max=7.86841192633e-05 vm_max=652079249.139 laser_center=[0.     0.0025 0.008 ] laser_switch=0 effective_power=0 vtk=/home/user/work/output/amb_l0_20260731T092534Z/step_000992_layer_dwell.vtu
global_step=993 mode=layer_dwell layer=8/13 highest_printed_layer=8 hatch=4/4 scan=8/8 front_z=0.008 active_window_cells=59260/109200 printed_cells=59260/109200 cooling_only_cells=0/109200 mechanics_current=0 mechanics_source_step=992 T_min=347.05 T_max=348.160840705 u_max=7.86841192633e-05 vm_max=652079249.139 laser_center=[0.     0.0025 0.008 ] laser_switch=0 effective_power=0 vtk=
global_step=994 mode=layer_dwell layer=8/13 highest_printed_layer=8 hatch=4/4 scan=8/8 front_z=0.008 active_window_cells=59260/109200 printed_cells=59260/109200 cooling_only_cells=0/109200 mechanics_current=0 mechanics_source_step=992 T_min=347.05 T_max=348.040261215 u_max=7.86841192633e-05 vm_max=652079249.139 laser_center=[0.     0.0025 0.008 ] laser_switch=0 effective_power=0 vtk=
global_step=995 mode=layer_dwell layer=8/13 highest_printed_layer=8 hatch=4/4 scan=8/8 front_z=0.008 active_window_cells=59260/109200 printed_cells=59260/109200 cooling_only_cells=0/109200 mechanics_current=0 mechanics_source_step=992 T_min=347.05 T_max=347.932235863 u_max=7.86841192633e-05 vm_max=652079249.139 laser_center=[0.     0.0025 0.008 ] laser_switch=0 effective_power=0 vtk=
global_step=996 mode=layer_dwell layer=8/13 highest_printed_layer=8 hatch=4/4 scan=8/8 front_z=0.008 active_window_cells=59260/109200 printed_cells=59260/109200 cooling_only_cells=0/109200 mechanics_current=0 mechanics_source_step=992 T_min=347.05 T_max=347.835557878 u_max=7.86841192633e-05 vm_max=652079249.139 laser_center=[0.     0.0025 0.008 ] laser_switch=0 effective_power=0 vtk=
global_step=997 mode=layer_dwell layer=8/13 highest_printed_layer=8 hatch=4/4 scan=8/8 front_z=0.008 active_window_cells=59260/109200 printed_cells=59260/109200 cooling_only_cells=0/109200 mechanics_current=0 mechanics_source_step=992 T_min=347.05 T_max=347.749116454 u_max=7.86841192633e-05 vm_max=652079249.139 laser_center=[0.     0.0025 0.008 ] laser_switch=0 effective_power=0 vtk=
global_step=998 mode=layer_dwell layer=8/13 highest_printed_layer=8 hatch=4/4 scan=8/8 front_z=0.008 active_window_cells=59260/109200 printed_cells=59260/109200 cooling_only_cells=0/109200 mechanics_current=0 mechanics_source_step=992 T_min=347.05 T_max=347.671893554 u_max=7.86841192633e-05 vm_max=652079249.139 laser_center=[0.     0.0025 0.008 ] laser_switch=0 effective_power=0 vtk=
global_step=999 mode=layer_dwell layer=8/13 highest_printed_layer=8 hatch=4/4 scan=8/8 front_z=0.008 active_window_cells=59260/109200 printed_cells=59260/109200 cooling_only_cells=0/109200 mechanics_current=0 mechanics_source_step=992 T_min=347.05 T_max=347.602959604 u_max=7.86841192633e-05 vm_max=652079249.139 laser_center=[0.     0.0025 0.008 ] laser_switch=0 effective_power=0 vtk=
global_step=1000 mode=layer_dwell layer=8/13 highest_printed_layer=8 hatch=4/4 scan=8/8 front_z=0.008 active_window_cells=59260/109200 printed_cells=59260/109200 cooling_only_cells=0/109200 mechanics_current=0 mechanics_source_step=992 T_min=347.05 T_max=347.54146851 u_max=7.86841192633e-05 vm_max=652079249.139 laser_center=[0.     0.0025 0.008 ] laser_switch=0 effective_power=0 vtk=
global_step=1001 mode=layer_dwell layer=8/13 highest_printed_layer=8 hatch=4/4 scan=8/8 front_z=0.008 active_window_cells=59260/109200 printed_cells=59260/109200 cooling_only_cells=0/109200 mechanics_current=0 mechanics_source_step=992 T_min=347.05 T_max=347.486652274 u_max=7.86841192633e-05 vm_max=652079249.139 laser_center=[0.     0.0025 0.008 ] laser_switch=0 effective_power=0 vtk=
global_step=1002 mode=layer_dwell layer=8/13 highest_printed_layer=8 hatch=4/4 scan=8/8 front_z=0.008 active_window_cells=59260/109200 printed_cells=59260/109200 cooling_only_cells=0/109200 mechanics_current=0 mechanics_source_step=992 T_min=347.05 T_max=347.437815472 u_max=7.86841192633e-05 vm_max=652079249.139 laser_center=[0.     0.0025 0.008 ] laser_switch=0 effective_power=0 vtk=
global_step=1003 mode=layer_dwell layer=8/13 highest_printed_layer=8 hatch=4/4 scan=8/8 front_z=0.008 active_window_cells=59260/109200 printed_cells=59260/109200 cooling_only_cells=0/109200 mechanics_current=0 mechanics_source_step=992 T_min=347.05 T_max=347.394329725 u_max=7.86841192633e-05 vm_max=652079249.139 laser_center=[0.     0.0025 0.008 ] laser_switch=0 effective_power=0 vtk=
global_step=1004 mode=layer_dwell layer=8/13 highest_printed_layer=8 hatch=4/4 scan=8/8 front_z=0.008 active_window_cells=59260/109200 printed_cells=59260/109200 cooling_only_cells=0/109200 mechanics_current=0 mechanics_source_step=992 T_min=347.05 T_max=347.355628302 u_max=7.86841192633e-05 vm_max=652079249.139 laser_center=[0.     0.0025 0.008 ] laser_switch=0 effective_power=0 vtk=
global_step=1005 mode=layer_dwell layer=8/13 highest_printed_layer=8 hatch=4/4 scan=8/8 front_z=0.008 active_window_cells=59260/109200 printed_cells=59260/109200 cooling_only_cells=0/109200 mechanics_current=0 mechanics_source_step=992 T_min=347.05 T_max=347.32120092 u_max=7.86841192633e-05 vm_max=652079249.139 laser_center=[0.     0.0025 0.008 ] laser_switch=0 effective_power=0 vtk=
global_step=1006 mode=layer_dwell layer=8/13 highest_printed_layer=8 hatch=4/4 scan=8/8 front_z=0.008 active_window_cells=59260/109200 printed_cells=59260/109200 cooling_only_cells=0/109200 mechanics_current=0 mechanics_source_step=992 T_min=347.05 T_max=347.29058881 u_max=7.86841192633e-05 vm_max=652079249.139 laser_center=[0.     0.0025 0.008 ] laser_switch=0 effective_power=0 vtk=
global_step=1007 mode=layer_dwell layer=8/13 highest_printed_layer=8 hatch=4/4 scan=8/8 front_z=0.008 active_window_cells=59260/109200 printed_cells=59260/109200 cooling_only_cells=0/109200 mechanics_current=0 mechanics_source_step=992 T_min=347.05 T_max=347.263380069 u_max=7.86841192633e-05 vm_max=652079249.139 laser_center=[0.     0.0025 0.008 ] laser_switch=0 effective_power=0 vtk=
global_step=1008 mode=layer_dwell layer=8/13 highest_printed_layer=8 hatch=4/4 scan=8/8 front_z=0.008 active_window_cells=59260/109200 printed_cells=59260/109200 cooling_only_cells=0/109200 mechanics_current=1 mechanics_source_step=1008 T_min=347.05 T_max=347.239205314 u_max=7.86862509723e-05 vm_max=652120297.18 laser_center=[0.     0.0025 0.008 ] laser_switch=0 effective_power=0 vtk=/home/user/work/output/amb_l0_20260731T092534Z/step_001008_layer_dwell.vtu
global_step=1009 mode=layer_dwell layer=8/13 highest_printed_layer=8 hatch=4/4 scan=8/8 front_z=0.008 active_window_cells=59260/109200 printed_cells=59260/109200 cooling_only_cells=0/109200 mechanics_current=0 mechanics_source_step=1008 T_min=347.05 T_max=347.217733658 u_max=7.86862509723e-05 vm_max=652120297.18 laser_center=[0.     0.0025 0.008 ] laser_switch=0 effective_power=0 vtk=
global_step=1010 mode=layer_dwell layer=8/13 highest_printed_layer=8 hatch=4/4 scan=8/8 front_z=0.008 active_window_cells=59260/109200 printed_cells=59260/109200 cooling_only_cells=0/109200 mechanics_current=0 mechanics_source_step=1008 T_min=347.05 T_max=347.198668991 u_max=7.86862509723e-05 vm_max=652120297.18 laser_center=[0.     0.0025 0.008 ] laser_switch=0 effective_power=0 vtk=
global_step=1011 mode=layer_dwell layer=8/13 highest_printed_layer=8 hatch=4/4 scan=8/8 front_z=0.008 active_window_cells=59260/109200 printed_cells=59260/109200 cooling_only_cells=0/109200 mechanics_current=0 mechanics_source_step=1008 T_min=347.05 T_max=347.181746563 u_max=7.86862509723e-05 vm_max=652120297.18 laser_center=[0.     0.0025 0.008 ] laser_switch=0 effective_power=0 vtk=
global_step=1012 mode=layer_dwell layer=8/13 highest_printed_layer=8 hatch=4/4 scan=8/8 front_z=0.008 active_window_cells=59260/109200 printed_cells=59260/109200 cooling_only_cells=0/109200 mechanics_current=0 mechanics_source_step=1008 T_min=347.05 T_max=347.166729859 u_max=7.86862509723e-05 vm_max=652120297.18 laser_center=[0.     0.0025 0.008 ] laser_switch=0 effective_power=0 vtk=
global_step=1013 mode=layer_dwell layer=8/13 highest_printed_layer=8 hatch=4/4 scan=8/8 front_z=0.008 active_window_cells=59260/109200 printed_cells=59260/109200 cooling_only_cells=0/109200 mechanics_current=0 mechanics_source_step=1008 T_min=347.05 T_max=347.153407745 u_max=7.86862509723e-05 vm_max=652120297.18 laser_center=[0.     0.0025 0.008 ] laser_switch=0 effective_power=0 vtk=
global_step=1014 mode=layer_dwell layer=8/13 highest_printed_layer=8 hatch=4/4 scan=8/8 front_z=0.008 active_window_cells=59260/109200 printed_cells=59260/109200 cooling_only_cells=0/109200 mechanics_current=0 mechanics_source_step=1008 T_min=347.05 T_max=347.141591878 u_max=7.86862509723e-05 vm_max=652120297.18 laser_center=[0.     0.0025 0.008 ] laser_switch=0 effective_power=0 vtk=
global_step=1015 mode=layer_dwell layer=8/13 highest_printed_layer=8 hatch=4/4 scan=8/8 front_z=0.008 active_window_cells=59260/109200 printed_cells=59260/109200 cooling_only_cells=0/109200 mechanics_current=0 mechanics_source_step=1008 T_min=347.05 T_max=347.131114349 u_max=7.86862509723e-05 vm_max=652120297.18 laser_center=[0.     0.0025 0.008 ] laser_switch=0 effective_power=0 vtk=
global_step=1016 mode=layer_dwell layer=8/13 highest_printed_layer=8 hatch=4/4 scan=8/8 front_z=0.008 active_window_cells=59260/109200 printed_cells=59260/109200 cooling_only_cells=0/109200 mechanics_current=0 mechanics_source_step=1008 T_min=347.05 T_max=347.121825558 u_max=7.86862509723e-05 vm_max=652120297.18 laser_center=[0.     0.0025 0.008 ] laser_switch=0 effective_power=0 vtk=
global_step=1017 mode=layer_dwell layer=8/13 highest_printed_layer=8 hatch=4/4 scan=8/8 front_z=0.008 active_window_cells=59260/109200 printed_cells=59260/109200 cooling_only_cells=0/109200 mechanics_current=0 mechanics_source_step=1008 T_min=347.05 T_max=347.113592284 u_max=7.86862509723e-05 vm_max=652120297.18 laser_center=[0.     0.0025 0.008 ] laser_switch=0 effective_power=0 vtk=
global_step=1018 mode=layer_dwell layer=8/13 highest_printed_layer=8 hatch=4/4 scan=8/8 front_z=0.008 active_window_cells=59260/109200 printed_cells=59260/109200 cooling_only_cells=0/109200 mechanics_current=0 mechanics_source_step=1008 T_min=347.05 T_max=347.106295959 u_max=7.86862509723e-05 vm_max=652120297.18 laser_center=[0.     0.0025 0.008 ] laser_switch=0 effective_power=0 vtk=
global_step=1019 mode=layer_dwell layer=8/13 highest_printed_layer=8 hatch=4/4 scan=8/8 front_z=0.008 active_window_cells=59260/109200 printed_cells=59260/109200 cooling_only_cells=0/109200 mechanics_current=0 mechanics_source_step=1008 T_min=347.05 T_max=347.099831097 u_max=7.86862509723e-05 vm_max=652120297.18 laser_center=[0.     0.0025 0.008 ] laser_switch=0 effective_power=0 vtk=
global_step=1020 mode=layer_dwell layer=8/13 highest_printed_layer=8 hatch=4/4 scan=8/8 front_z=0.008 active_window_cells=59260/109200 printed_cells=59260/109200 cooling_only_cells=0/109200 mechanics_current=0 mechanics_source_step=1008 T_min=347.05 T_max=347.094103896 u_max=7.86862509723e-05 vm_max=652120297.18 laser_center=[0.     0.0025 0.008 ] laser_switch=0 effective_power=0 vtk=
global_step=1021 mode=layer_dwell layer=8/13 highest_printed_layer=8 hatch=4/4 scan=8/8 front_z=0.008 active_window_cells=59260/109200 printed_cells=59260/109200 cooling_only_cells=0/109200 mechanics_current=0 mechanics_source_step=1008 T_min=347.05 T_max=347.089030978 u_max=7.86862509723e-05 vm_max=652120297.18 laser_center=[0.     0.0025 0.008 ] laser_switch=0 effective_power=0 vtk=
global_step=1022 mode=layer_dwell layer=8/13 highest_printed_layer=8 hatch=4/4 scan=8/8 front_z=0.008 active_window_cells=59260/109200 printed_cells=59260/109200 cooling_only_cells=0/109200 mechanics_current=0 mechanics_source_step=1008 T_min=347.05 T_max=347.084538253 u_max=7.86862509723e-05 vm_max=652120297.18 laser_center=[0.     0.0025 0.008 ] laser_switch=0 effective_power=0 vtk=
global_step=1023 mode=layer_dwell layer=8/13 highest_printed_layer=8 hatch=4/4 scan=8/8 front_z=0.008 active_window_cells=59260/109200 printed_cells=59260/109200 cooling_only_cells=0/109200 mechanics_current=0 mechanics_source_step=1008 T_min=347.05 T_max=347.080559912 u_max=7.86862509723e-05 vm_max=652120297.18 laser_center=[0.     0.0025 0.008 ] laser_switch=0 effective_power=0 vtk=
global_step=1024 mode=layer_dwell layer=8/13 highest_printed_layer=8 hatch=4/4 scan=8/8 front_z=0.008 active_window_cells=59260/109200 printed_cells=59260/109200 cooling_only_cells=0/109200 mechanics_current=1 mechanics_source_step=1024 T_min=347.05 T_max=347.077037518 u_max=7.86863658716e-05 vm_max=652125120.307 laser_center=[0.     0.0025 0.008 ] laser_switch=0 effective_power=0 vtk=/home/user/work/output/amb_l0_20260731T092534Z/step_001024_layer_dwell.vtu
global_step=1025 mode=layer_dwell layer=8/13 highest_printed_layer=8 hatch=4/4 scan=8/8 front_z=0.008 active_window_cells=59260/109200 printed_cells=59260/109200 cooling_only_cells=0/109200 mechanics_current=0 mechanics_source_step=1024 T_min=347.05 T_max=347.073919198 u_max=7.86863658716e-05 vm_max=652125120.307 laser_center=[0.     0.0025 0.008 ] laser_switch=0 effective_power=0 vtk=
global_step=1026 mode=layer_dwell layer=8/13 highest_printed_layer=8 hatch=4/4 scan=8/8 front_z=0.008 active_window_cells=59260/109200 printed_cells=59260/109200 cooling_only_cells=0/109200 mechanics_current=0 mechanics_source_step=1024 T_min=347.05 T_max=347.071158915 u_max=7.86863658716e-05 vm_max=652125120.307 laser_center=[0.     0.0025 0.008 ] laser_switch=0 effective_power=0 vtk=
global_step=1027 mode=layer_dwell layer=8/13 highest_printed_layer=8 hatch=4/4 scan=8/8 front_z=0.008 active_window_cells=59260/109200 printed_cells=59260/109200 cooling_only_cells=0/109200 mechanics_current=0 mechanics_source_step=1024 T_min=347.05 T_max=347.068715825 u_max=7.86863658716e-05 vm_max=652125120.307 laser_center=[0.     0.0025 0.008 ] laser_switch=0 effective_power=0 vtk=
global_step=1028 mode=layer_dwell layer=8/13 highest_printed_layer=8 hatch=4/4 scan=8/8 front_z=0.008 active_window_cells=59260/109200 printed_cells=59260/109200 cooling_only_cells=0/109200 mechanics_current=0 mechanics_source_step=1024 T_min=347.05 T_max=347.066553699 u_max=7.86863658716e-05 vm_max=652125120.307 laser_center=[0.     0.0025 0.008 ] laser_switch=0 effective_power=0 vtk=
global_step=1029 mode=layer_dwell layer=8/13 highest_printed_layer=8 hatch=4/4 scan=8/8 front_z=0.008 active_window_cells=59260/109200 printed_cells=59260/109200 cooling_only_cells=0/109200 mechanics_current=0 mechanics_source_step=1024 T_min=347.05 T_max=347.06464041 u_max=7.86863658716e-05 vm_max=652125120.307 laser_center=[0.     0.0025 0.008 ] laser_switch=0 effective_power=0 vtk=
global_step=1030 mode=layer_dwell layer=8/13 highest_printed_layer=8 hatch=4/4 scan=8/8 front_z=0.008 active_window_cells=59260/109200 printed_cells=59260/109200 cooling_only_cells=0/109200 mechanics_current=0 mechanics_source_step=1024 T_min=347.05 T_max=347.062947474 u_max=7.86863658716e-05 vm_max=652125120.307 laser_center=[0.     0.0025 0.008 ] laser_switch=0 effective_power=0 vtk=
global_step=1031 mode=layer_dwell layer=8/13 highest_printed_layer=8 hatch=4/4 scan=8/8 front_z=0.008 active_window_cells=59260/109200 printed_cells=59260/109200 cooling_only_cells=0/109200 mechanics_current=0 mechanics_source_step=1024 T_min=347.05 T_max=347.061449642 u_max=7.86863658716e-05 vm_max=652125120.307 laser_center=[0.     0.0025 0.008 ] laser_switch=0 effective_power=0 vtk=
global_step=1032 mode=layer_dwell layer=8/13 highest_printed_layer=8 hatch=4/4 scan=8/8 front_z=0.008 active_window_cells=59260/109200 printed_cells=59260/109200 cooling_only_cells=0/109200 mechanics_current=0 mechanics_source_step=1024 T_min=347.05 T_max=347.060124536 u_max=7.86863658716e-05 vm_max=652125120.307 laser_center=[0.     0.0025 0.008 ] laser_switch=0 effective_power=0 vtk=
global_step=1033 mode=layer_dwell layer=8/13 highest_printed_layer=8 hatch=4/4 scan=8/8 front_z=0.008 active_window_cells=59260/109200 printed_cells=59260/109200 cooling_only_cells=0/109200 mechanics_current=0 mechanics_source_step=1024 T_min=347.05 T_max=347.058952327 u_max=7.86863658716e-05 vm_max=652125120.307 laser_center=[0.     0.0025 0.008 ] laser_switch=0 effective_power=0 vtk=
global_step=1034 mode=layer_dwell layer=8/13 highest_printed_layer=8 hatch=4/4 scan=8/8 front_z=0.008 active_window_cells=59260/109200 printed_cells=59260/109200 cooling_only_cells=0/109200 mechanics_current=0 mechanics_source_step=1024 T_min=347.05 T_max=347.057915449 u_max=7.86863658716e-05 vm_max=652125120.307 laser_center=[0.     0.0025 0.008 ] laser_switch=0 effective_power=0 vtk=
global_step=1035 mode=layer_dwell layer=8/13 highest_printed_layer=8 hatch=4/4 scan=8/8 front_z=0.008 active_window_cells=59260/109200 printed_cells=59260/109200 cooling_only_cells=0/109200 mechanics_current=0 mechanics_source_step=1024 T_min=347.05 T_max=347.056998342 u_max=7.86863658716e-05 vm_max=652125120.307 laser_center=[0.     0.0025 0.008 ] laser_switch=0 effective_power=0 vtk=
global_step=1036 mode=layer_dwell layer=8/13 highest_printed_layer=8 hatch=4/4 scan=8/8 front_z=0.008 active_window_cells=59260/109200 printed_cells=59260/109200 cooling_only_cells=0/109200 mechanics_current=0 mechanics_source_step=1024 T_min=347.05 T_max=347.056187222 u_max=7.86863658716e-05 vm_max=652125120.307 laser_center=[0.     0.0025 0.008 ] laser_switch=0 effective_power=0 vtk=
global_step=1037 mode=layer_dwell layer=8/13 highest_printed_layer=8 hatch=4/4 scan=8/8 front_z=0.008 active_window_cells=59260/109200 printed_cells=59260/109200 cooling_only_cells=0/109200 mechanics_current=0 mechanics_source_step=1024 T_min=347.05 T_max=347.055469885 u_max=7.86863658716e-05 vm_max=652125120.307 laser_center=[0.     0.0025 0.008 ] laser_switch=0 effective_power=0 vtk=
global_step=1038 mode=layer_dwell layer=8/13 highest_printed_layer=8 hatch=4/4 scan=8/8 front_z=0.008 active_window_cells=59260/109200 printed_cells=59260/109200 cooling_only_cells=0/109200 mechanics_current=0 mechanics_source_step=1024 T_min=347.05 T_max=347.054835525 u_max=7.86863658716e-05 vm_max=652125120.307 laser_center=[0.     0.0025 0.008 ] laser_switch=0 effective_power=0 vtk=
global_step=1039 mode=layer_dwell layer=8/13 highest_printed_layer=8 hatch=4/4 scan=8/8 front_z=0.008 active_window_cells=59260/109200 printed_cells=59260/109200 cooling_only_cells=0/109200 mechanics_current=0 mechanics_source_step=1024 T_min=347.05 T_max=347.054274573 u_max=7.86863658716e-05 vm_max=652125120.307 laser_center=[0.     0.0025 0.008 ] laser_switch=0 effective_power=0 vtk=
global_step=1040 mode=layer_dwell layer=8/13 highest_printed_layer=8 hatch=4/4 scan=8/8 front_z=0.008 active_window_cells=59260/109200 printed_cells=59260/109200 cooling_only_cells=0/109200 mechanics_current=1 mechanics_source_step=1040 T_min=347.05 T_max=347.053778562 u_max=7.86863793935e-05 vm_max=652125703.798 laser_center=[0.     0.0025 0.008 ] laser_switch=0 effective_power=0 vtk=/home/user/work/output/amb_l0_20260731T092534Z/step_001040_layer_dwell.vtu
global_step=1041 mode=layer_dwell layer=8/13 highest_printed_layer=8 hatch=4/4 scan=8/8 front_z=0.008 active_window_cells=59260/109200 printed_cells=59260/109200 cooling_only_cells=0/109200 mechanics_current=0 mechanics_source_step=1040 T_min=347.05 T_max=347.053339995 u_max=7.86863793935e-05 vm_max=652125703.798 laser_center=[0.     0.0025 0.008 ] laser_switch=0 effective_power=0 vtk=
global_step=1042 mode=layer_dwell layer=8/13 highest_printed_layer=8 hatch=4/4 scan=8/8 front_z=0.008 active_window_cells=59260/109200 printed_cells=59260/109200 cooling_only_cells=0/109200 mechanics_current=0 mechanics_source_step=1040 T_min=347.05 T_max=347.052952237 u_max=7.86863793935e-05 vm_max=652125703.798 laser_center=[0.     0.0025 0.008 ] laser_switch=0 effective_power=0 vtk=
global_step=1043 mode=layer_dwell layer=8/13 highest_printed_layer=8 hatch=4/4 scan=8/8 front_z=0.008 active_window_cells=59260/109200 printed_cells=59260/109200 cooling_only_cells=0/109200 mechanics_current=0 mechanics_source_step=1040 T_min=347.05 T_max=347.052609416 u_max=7.86863793935e-05 vm_max=652125703.798 laser_center=[0.     0.0025 0.008 ] laser_switch=0 effective_power=0 vtk=
global_step=1044 mode=layer_dwell layer=8/13 highest_printed_layer=8 hatch=4/4 scan=8/8 front_z=0.008 active_window_cells=59260/109200 printed_cells=59260/109200 cooling_only_cells=0/109200 mechanics_current=0 mechanics_source_step=1040 T_min=347.05 T_max=347.052306339 u_max=7.86863793935e-05 vm_max=652125703.798 laser_center=[0.     0.0025 0.008 ] laser_switch=0 effective_power=0 vtk=
global_step=1045 mode=layer_dwell layer=8/13 highest_printed_layer=8 hatch=4/4 scan=8/8 front_z=0.008 active_window_cells=59260/109200 printed_cells=59260/109200 cooling_only_cells=0/109200 mechanics_current=0 mechanics_source_step=1040 T_min=347.05 T_max=347.052038408 u_max=7.86863793935e-05 vm_max=652125703.798 laser_center=[0.     0.0025 0.008 ] laser_switch=0 effective_power=0 vtk=
global_step=1046 mode=layer_dwell layer=8/13 highest_printed_layer=8 hatch=4/4 scan=8/8 front_z=0.008 active_window_cells=59260/109200 printed_cells=59260/109200 cooling_only_cells=0/109200 mechanics_current=0 mechanics_source_step=1040 T_min=347.05 T_max=347.051801555 u_max=7.86863793935e-05 vm_max=652125703.798 laser_center=[0.     0.0025 0.008 ] laser_switch=0 effective_power=0 vtk=
global_step=1047 mode=layer_dwell layer=8/13 highest_printed_layer=8 hatch=4/4 scan=8/8 front_z=0.008 active_window_cells=59260/109200 printed_cells=59260/109200 cooling_only_cells=0/109200 mechanics_current=0 mechanics_source_step=1040 T_min=347.05 T_max=347.051592185 u_max=7.86863793935e-05 vm_max=652125703.798 laser_center=[0.     0.0025 0.008 ] laser_switch=0 effective_power=0 vtk=
global_step=1048 mode=layer_dwell layer=8/13 highest_printed_layer=8 hatch=4/4 scan=8/8 front_z=0.008 active_window_cells=59260/109200 printed_cells=59260/109200 cooling_only_cells=0/109200 mechanics_current=0 mechanics_source_step=1040 T_min=347.05 T_max=347.051592185 u_max=7.86863793935e-05 vm_max=652125703.798 laser_center=[0.     0.0025 0.008 ] laser_switch=0 effective_power=0 vtk=
global_step=1049 mode=layer_dwell layer=8/13 highest_printed_layer=8 hatch=4/4 scan=8/8 front_z=0.008 active_window_cells=59260/109200 printed_cells=59260/109200 cooling_only_cells=0/109200 mechanics_current=0 mechanics_source_step=1040 T_min=347.05 T_max=347.051592185 u_max=7.86863793935e-05 vm_max=652125703.798 laser_center=[0.     0.0025 0.008 ] laser_switch=0 effective_power=0 vtk=
global_step=1050 mode=layer_dwell layer=8/13 highest_printed_layer=8 hatch=4/4 scan=8/8 front_z=0.008 active_window_cells=59260/109200 printed_cells=59260/109200 cooling_only_cells=0/109200 mechanics_current=0 mechanics_source_step=1040 T_min=347.05 T_max=347.051592185 u_max=7.86863793935e-05 vm_max=652125703.798 laser_center=[0.     0.0025 0.008 ] laser_switch=0 effective_power=0 vtk=
global_step=1051 mode=layer_dwell layer=8/13 highest_printed_layer=8 hatch=4/4 scan=8/8 front_z=0.008 active_window_cells=59260/109200 printed_cells=59260/109200 cooling_only_cells=0/109200 mechanics_current=0 mechanics_source_step=1040 T_min=347.05 T_max=347.051592185 u_max=7.86863793935e-05 vm_max=652125703.798 laser_center=[0.     0.0025 0.008 ] laser_switch=0 effective_power=0 vtk=
global_step=1052 mode=layer_dwell layer=8/13 highest_printed_layer=8 hatch=4/4 scan=8/8 front_z=0.008 active_window_cells=59260/109200 printed_cells=59260/109200 cooling_only_cells=0/109200 mechanics_current=0 mechanics_source_step=1040 T_min=347.05 T_max=347.051592185 u_max=7.86863793935e-05 vm_max=652125703.798 laser_center=[0.     0.0025 0.008 ] laser_switch=0 effective_power=0 vtk=
global_step=1053 mode=layer_dwell layer=8/13 highest_printed_layer=8 hatch=4/4 scan=8/8 front_z=0.008 active_window_cells=59260/109200 printed_cells=59260/109200 cooling_only_cells=0/109200 mechanics_current=0 mechanics_source_step=1040 T_min=347.05 T_max=347.051592185 u_max=7.86863793935e-05 vm_max=652125703.798 laser_center=[0.     0.0025 0.008 ] laser_switch=0 effective_power=0 vtk=
global_step=1054 mode=layer_dwell layer=8/13 highest_printed_layer=8 hatch=4/4 scan=8/8 front_z=0.008 active_window_cells=59260/109200 printed_cells=59260/109200 cooling_only_cells=0/109200 mechanics_current=0 mechanics_source_step=1040 T_min=347.05 T_max=347.051592185 u_max=7.86863793935e-05 vm_max=652125703.798 laser_center=[0.     0.0025 0.008 ] laser_switch=0 effective_power=0 vtk=
global_step=1055 mode=layer_dwell layer=8/13 highest_printed_layer=8 hatch=4/4 scan=8/8 front_z=0.008 active_window_cells=59260/109200 printed_cells=59260/109200 cooling_only_cells=0/109200 mechanics_current=0 mechanics_source_step=1040 T_min=347.05 T_max=347.051592185 u_max=7.86863793935e-05 vm_max=652125703.798 laser_center=[0.     0.0025 0.008 ] laser_switch=0 effective_power=0 vtk=
global_step=1056 mode=layer_dwell layer=8/13 highest_printed_layer=8 hatch=4/4 scan=8/8 front_z=0.008 active_window_cells=59260/109200 printed_cells=59260/109200 cooling_only_cells=0/109200 mechanics_current=1 mechanics_source_step=1056 T_min=347.05 T_max=347.051592185 u_max=7.86863806655e-05 vm_max=652125754.304 laser_center=[0.     0.0025 0.008 ] laser_switch=0 effective_power=0 vtk=/home/user/work/output/amb_l0_20260731T092534Z/step_001056_layer_dwell.vtu
global_step=1057 mode=layer_dwell layer=8/13 highest_printed_layer=8 hatch=4/4 scan=8/8 front_z=0.008 active_window_cells=59260/109200 printed_cells=59260/109200 cooling_only_cells=0/109200 mechanics_current=0 mechanics_source_step=1056 T_min=347.05 T_max=347.051592185 u_max=7.86863806655e-05 vm_max=652125754.304 laser_center=[0.     0.0025 0.008 ] laser_switch=0 effective_power=0 vtk=
global_step=1058 mode=layer_dwell layer=8/13 highest_printed_layer=8 hatch=4/4 scan=8/8 front_z=0.008 active_window_cells=59260/109200 printed_cells=59260/109200 cooling_only_cells=0/109200 mechanics_current=0 mechanics_source_step=1056 T_min=347.05 T_max=347.051592185 u_max=7.86863806655e-05 vm_max=652125754.304 laser_center=[0.     0.0025 0.008 ] laser_switch=0 effective_power=0 vtk=
global_step=1059 mode=layer_dwell layer=8/13 highest_printed_layer=8 hatch=4/4 scan=8/8 front_z=0.008 active_window_cells=59260/109200 printed_cells=59260/109200 cooling_only_cells=0/109200 mechanics_current=0 mechanics_source_step=1056 T_min=347.05 T_max=347.051592185 u_max=7.86863806655e-05 vm_max=652125754.304 laser_center=[0.     0.0025 0.008 ] laser_switch=0 effective_power=0 vtk=
global_step=1060 mode=layer_dwell layer=8/13 highest_printed_layer=8 hatch=4/4 scan=8/8 front_z=0.008 active_window_cells=59260/109200 printed_cells=59260/109200 cooling_only_cells=0/109200 mechanics_current=0 mechanics_source_step=1056 T_min=347.05 T_max=347.051592185 u_max=7.86863806655e-05 vm_max=652125754.304 laser_center=[0.     0.0025 0.008 ] laser_switch=0 effective_power=0 vtk=
global_step=1061 mode=layer_dwell layer=8/13 highest_printed_layer=8 hatch=4/4 scan=8/8 front_z=0.008 active_window_cells=59260/109200 printed_cells=59260/109200 cooling_only_cells=0/109200 mechanics_current=0 mechanics_source_step=1056 T_min=347.05 T_max=347.051592185 u_max=7.86863806655e-05 vm_max=652125754.304 laser_center=[0.     0.0025 0.008 ] laser_switch=0 effective_power=0 vtk=
global_step=1062 mode=layer_dwell layer=8/13 highest_printed_layer=8 hatch=4/4 scan=8/8 front_z=0.008 active_window_cells=59260/109200 printed_cells=59260/109200 cooling_only_cells=0/109200 mechanics_current=0 mechanics_source_step=1056 T_min=347.05 T_max=347.051592185 u_max=7.86863806655e-05 vm_max=652125754.304 laser_center=[0.     0.0025 0.008 ] laser_switch=0 effective_power=0 vtk=
global_step=1063 mode=layer_dwell layer=8/13 highest_printed_layer=8 hatch=4/4 scan=8/8 front_z=0.008 active_window_cells=59260/109200 printed_cells=59260/109200 cooling_only_cells=0/109200 mechanics_current=0 mechanics_source_step=1056 T_min=347.05 T_max=347.051592185 u_max=7.86863806655e-05 vm_max=652125754.304 laser_center=[0.     0.0025 0.008 ] laser_switch=0 effective_power=0 vtk=
global_step=1064 mode=scan layer=9/13 highest_printed_layer=9 hatch=1/4 scan=1/8 front_z=0.009 active_window_cells=60740/109200 printed_cells=60740/109200 cooling_only_cells=0/109200 mechanics_current=1 mechanics_source_step=1064 T_min=347.05 T_max=1974.64432354 u_max=7.89672960797e-05 vm_max=591206221.435 laser_center=[ 0.     -0.0025  0.009 ] laser_switch=1 effective_power=30.225 vtk=/home/user/work/output/amb_l0_20260731T092534Z/step_001064_scan.vtu
global_step=1065 mode=scan layer=9/13 highest_printed_layer=9 hatch=1/4 scan=2/8 front_z=0.009 active_window_cells=60740/109200 printed_cells=60740/109200 cooling_only_cells=0/109200 mechanics_current=0 mechanics_source_step=1064 T_min=347.05 T_max=1358.09796326 u_max=7.89672960797e-05 vm_max=591206221.435 laser_center=[ 0.01071429 -0.0025      0.009     ] laser_switch=1 effective_power=30.225 vtk=
global_step=1066 mode=scan layer=9/13 highest_printed_layer=9 hatch=1/4 scan=3/8 front_z=0.009 active_window_cells=60740/109200 printed_cells=60740/109200 cooling_only_cells=0/109200 mechanics_current=0 mechanics_source_step=1064 T_min=347.05 T_max=1371.40468398 u_max=7.89672960797e-05 vm_max=591206221.435 laser_center=[ 0.02142857 -0.0025      0.009     ] laser_switch=1 effective_power=30.225 vtk=
global_step=1067 mode=scan layer=9/13 highest_printed_layer=9 hatch=1/4 scan=4/8 front_z=0.009 active_window_cells=60740/109200 printed_cells=60740/109200 cooling_only_cells=0/109200 mechanics_current=0 mechanics_source_step=1064 T_min=347.05 T_max=1360.36704485 u_max=7.89672960797e-05 vm_max=591206221.435 laser_center=[ 0.03214286 -0.0025      0.009     ] laser_switch=1 effective_power=30.225 vtk=
global_step=1068 mode=scan layer=9/13 highest_printed_layer=9 hatch=1/4 scan=5/8 front_z=0.009 active_window_cells=60740/109200 printed_cells=60740/109200 cooling_only_cells=0/109200 mechanics_current=0 mechanics_source_step=1064 T_min=347.05 T_max=1357.52219069 u_max=7.89672960797e-05 vm_max=591206221.435 laser_center=[ 0.04285714 -0.0025      0.009     ] laser_switch=1 effective_power=30.225 vtk=
global_step=1069 mode=scan layer=9/13 highest_printed_layer=9 hatch=1/4 scan=6/8 front_z=0.009 active_window_cells=60740/109200 printed_cells=60740/109200 cooling_only_cells=0/109200 mechanics_current=0 mechanics_source_step=1064 T_min=347.05 T_max=1365.71324991 u_max=7.89672960797e-05 vm_max=591206221.435 laser_center=[ 0.05357143 -0.0025      0.009     ] laser_switch=1 effective_power=30.225 vtk=
global_step=1070 mode=scan layer=9/13 highest_printed_layer=9 hatch=1/4 scan=7/8 front_z=0.009 active_window_cells=60740/109200 printed_cells=60740/109200 cooling_only_cells=0/109200 mechanics_current=0 mechanics_source_step=1064 T_min=347.05 T_max=1338.28921762 u_max=7.89672960797e-05 vm_max=591206221.435 laser_center=[ 0.06428571 -0.0025      0.009     ] laser_switch=1 effective_power=30.225 vtk=
global_step=1071 mode=scan layer=9/13 highest_printed_layer=9 hatch=1/4 scan=8/8 front_z=0.009 active_window_cells=60740/109200 printed_cells=60740/109200 cooling_only_cells=0/109200 mechanics_current=0 mechanics_source_step=1064 T_min=347.05 T_max=2137.12013022 u_max=7.89672960797e-05 vm_max=591206221.435 laser_center=[ 0.075  -0.0025  0.009 ] laser_switch=1 effective_power=30.225 vtk=
global_step=1072 mode=scan layer=9/13 highest_printed_layer=9 hatch=2/4 scan=1/8 front_z=0.009 active_window_cells=60740/109200 printed_cells=60740/109200 cooling_only_cells=0/109200 mechanics_current=1 mechanics_source_step=1072 T_min=347.05 T_max=1470.25936185 u_max=7.91527462595e-05 vm_max=650638048.11 laser_center=[ 0.075      -0.00083333  0.009     ] laser_switch=1 effective_power=30.225 vtk=/home/user/work/output/amb_l0_20260731T092534Z/step_001072_scan.vtu
global_step=1073 mode=scan layer=9/13 highest_printed_layer=9 hatch=2/4 scan=2/8 front_z=0.009 active_window_cells=60740/109200 printed_cells=60740/109200 cooling_only_cells=0/109200 mechanics_current=0 mechanics_source_step=1072 T_min=347.05 T_max=748.061470962 u_max=7.91527462595e-05 vm_max=650638048.11 laser_center=[ 0.06428571 -0.00083333  0.009     ] laser_switch=1 effective_power=30.225 vtk=
global_step=1074 mode=scan layer=9/13 highest_printed_layer=9 hatch=2/4 scan=3/8 front_z=0.009 active_window_cells=60740/109200 printed_cells=60740/109200 cooling_only_cells=0/109200 mechanics_current=0 mechanics_source_step=1072 T_min=347.05 T_max=765.174159776 u_max=7.91527462595e-05 vm_max=650638048.11 laser_center=[ 0.05357143 -0.00083333  0.009     ] laser_switch=1 effective_power=30.225 vtk=
global_step=1075 mode=scan layer=9/13 highest_printed_layer=9 hatch=2/4 scan=4/8 front_z=0.009 active_window_cells=60740/109200 printed_cells=60740/109200 cooling_only_cells=0/109200 mechanics_current=0 mechanics_source_step=1072 T_min=347.05 T_max=757.541257462 u_max=7.91527462595e-05 vm_max=650638048.11 laser_center=[ 0.04285714 -0.00083333  0.009     ] laser_switch=1 effective_power=30.225 vtk=
global_step=1076 mode=scan layer=9/13 highest_printed_layer=9 hatch=2/4 scan=5/8 front_z=0.009 active_window_cells=60740/109200 printed_cells=60740/109200 cooling_only_cells=0/109200 mechanics_current=0 mechanics_source_step=1072 T_min=347.05 T_max=756.903965212 u_max=7.91527462595e-05 vm_max=650638048.11 laser_center=[ 0.03214286 -0.00083333  0.009     ] laser_switch=1 effective_power=30.225 vtk=
global_step=1077 mode=scan layer=9/13 highest_printed_layer=9 hatch=2/4 scan=6/8 front_z=0.009 active_window_cells=60740/109200 printed_cells=60740/109200 cooling_only_cells=0/109200 mechanics_current=0 mechanics_source_step=1072 T_min=347.05 T_max=766.725883635 u_max=7.91527462595e-05 vm_max=650638048.11 laser_center=[ 0.02142857 -0.00083333  0.009     ] laser_switch=1 effective_power=30.225 vtk=
global_step=1078 mode=scan layer=9/13 highest_printed_layer=9 hatch=2/4 scan=7/8 front_z=0.009 active_window_cells=60740/109200 printed_cells=60740/109200 cooling_only_cells=0/109200 mechanics_current=0 mechanics_source_step=1072 T_min=347.05 T_max=759.937808261 u_max=7.91527462595e-05 vm_max=650638048.11 laser_center=[ 0.01071429 -0.00083333  0.009     ] laser_switch=1 effective_power=30.225 vtk=
global_step=1079 mode=scan layer=9/13 highest_printed_layer=9 hatch=2/4 scan=8/8 front_z=0.009 active_window_cells=60740/109200 printed_cells=60740/109200 cooling_only_cells=0/109200 mechanics_current=0 mechanics_source_step=1072 T_min=347.05 T_max=1396.13041377 u_max=7.91527462595e-05 vm_max=650638048.11 laser_center=[ 0.         -0.00083333  0.009     ] laser_switch=1 effective_power=30.225 vtk=
global_step=1080 mode=scan layer=9/13 highest_printed_layer=9 hatch=3/4 scan=1/8 front_z=0.009 active_window_cells=60740/109200 printed_cells=60740/109200 cooling_only_cells=0/109200 mechanics_current=0 mechanics_source_step=1072 T_min=347.05 T_max=1242.07312106 u_max=7.91527462595e-05 vm_max=650638048.11 laser_center=[0.         0.00083333 0.009     ] laser_switch=1 effective_power=30.225 vtk=
global_step=1081 mode=scan layer=9/13 highest_printed_layer=9 hatch=3/4 scan=2/8 front_z=0.009 active_window_cells=60740/109200 printed_cells=60740/109200 cooling_only_cells=0/109200 mechanics_current=0 mechanics_source_step=1072 T_min=347.05 T_max=776.669617314 u_max=7.91527462595e-05 vm_max=650638048.11 laser_center=[0.01071429 0.00083333 0.009     ] laser_switch=1 effective_power=30.225 vtk=
global_step=1082 mode=scan layer=9/13 highest_printed_layer=9 hatch=3/4 scan=3/8 front_z=0.009 active_window_cells=60740/109200 printed_cells=60740/109200 cooling_only_cells=0/109200 mechanics_current=0 mechanics_source_step=1072 T_min=347.05 T_max=775.062338516 u_max=7.91527462595e-05 vm_max=650638048.11 laser_center=[0.02142857 0.00083333 0.009     ] laser_switch=1 effective_power=30.225 vtk=
global_step=1083 mode=scan layer=9/13 highest_printed_layer=9 hatch=3/4 scan=4/8 front_z=0.009 active_window_cells=60740/109200 printed_cells=60740/109200 cooling_only_cells=0/109200 mechanics_current=0 mechanics_source_step=1072 T_min=347.05 T_max=761.635480453 u_max=7.91527462595e-05 vm_max=650638048.11 laser_center=[0.03214286 0.00083333 0.009     ] laser_switch=1 effective_power=30.225 vtk=
global_step=1084 mode=scan layer=9/13 highest_printed_layer=9 hatch=3/4 scan=5/8 front_z=0.009 active_window_cells=60740/109200 printed_cells=60740/109200 cooling_only_cells=0/109200 mechanics_current=0 mechanics_source_step=1072 T_min=347.05 T_max=755.486926406 u_max=7.91527462595e-05 vm_max=650638048.11 laser_center=[0.04285714 0.00083333 0.009     ] laser_switch=1 effective_power=30.225 vtk=
global_step=1085 mode=scan layer=9/13 highest_printed_layer=9 hatch=3/4 scan=6/8 front_z=0.009 active_window_cells=60740/109200 printed_cells=60740/109200 cooling_only_cells=0/109200 mechanics_current=0 mechanics_source_step=1072 T_min=347.05 T_max=759.608624763 u_max=7.91527462595e-05 vm_max=650638048.11 laser_center=[0.05357143 0.00083333 0.009     ] laser_switch=1 effective_power=30.225 vtk=
global_step=1086 mode=scan layer=9/13 highest_printed_layer=9 hatch=3/4 scan=7/8 front_z=0.009 active_window_cells=60740/109200 printed_cells=60740/109200 cooling_only_cells=0/109200 mechanics_current=0 mechanics_source_step=1072 T_min=347.05 T_max=732.953238628 u_max=7.91527462595e-05 vm_max=650638048.11 laser_center=[0.06428571 0.00083333 0.009     ] laser_switch=1 effective_power=30.225 vtk=
global_step=1087 mode=scan layer=9/13 highest_printed_layer=9 hatch=3/4 scan=8/8 front_z=0.009 active_window_cells=60740/109200 printed_cells=60740/109200 cooling_only_cells=0/109200 mechanics_current=0 mechanics_source_step=1072 T_min=347.05 T_max=1612.73392303 u_max=7.91527462595e-05 vm_max=650638048.11 laser_center=[0.075      0.00083333 0.009     ] laser_switch=1 effective_power=30.225 vtk=
global_step=1088 mode=scan layer=9/13 highest_printed_layer=9 hatch=4/4 scan=1/8 front_z=0.009 active_window_cells=60740/109200 printed_cells=60740/109200 cooling_only_cells=0/109200 mechanics_current=1 mechanics_source_step=1088 T_min=347.05 T_max=1811.68842577 u_max=8.0115047479e-05 vm_max=647534477.848 laser_center=[0.075  0.0025 0.009 ] laser_switch=1 effective_power=30.225 vtk=/home/user/work/output/amb_l0_20260731T092534Z/step_001088_scan.vtu
global_step=1089 mode=scan layer=9/13 highest_printed_layer=9 hatch=4/4 scan=2/8 front_z=0.009 active_window_cells=60740/109200 printed_cells=60740/109200 cooling_only_cells=0/109200 mechanics_current=0 mechanics_source_step=1088 T_min=347.05 T_max=1322.56180092 u_max=8.0115047479e-05 vm_max=647534477.848 laser_center=[0.06428571 0.0025     0.009     ] laser_switch=1 effective_power=30.225 vtk=
global_step=1090 mode=scan layer=9/13 highest_printed_layer=9 hatch=4/4 scan=3/8 front_z=0.009 active_window_cells=60740/109200 printed_cells=60740/109200 cooling_only_cells=0/109200 mechanics_current=0 mechanics_source_step=1088 T_min=347.05 T_max=1359.71393502 u_max=8.0115047479e-05 vm_max=647534477.848 laser_center=[0.05357143 0.0025     0.009     ] laser_switch=1 effective_power=30.225 vtk=
global_step=1091 mode=scan layer=9/13 highest_printed_layer=9 hatch=4/4 scan=4/8 front_z=0.009 active_window_cells=60740/109200 printed_cells=60740/109200 cooling_only_cells=0/109200 mechanics_current=0 mechanics_source_step=1088 T_min=347.05 T_max=1357.61304226 u_max=8.0115047479e-05 vm_max=647534477.848 laser_center=[0.04285714 0.0025     0.009     ] laser_switch=1 effective_power=30.225 vtk=
global_step=1092 mode=scan layer=9/13 highest_printed_layer=9 hatch=4/4 scan=5/8 front_z=0.009 active_window_cells=60740/109200 printed_cells=60740/109200 cooling_only_cells=0/109200 mechanics_current=0 mechanics_source_step=1088 T_min=347.05 T_max=1362.07300559 u_max=8.0115047479e-05 vm_max=647534477.848 laser_center=[0.03214286 0.0025     0.009     ] laser_switch=1 effective_power=30.225 vtk=
global_step=1093 mode=scan layer=9/13 highest_printed_layer=9 hatch=4/4 scan=6/8 front_z=0.009 active_window_cells=60740/109200 printed_cells=60740/109200 cooling_only_cells=0/109200 mechanics_current=0 mechanics_source_step=1088 T_min=347.05 T_max=1374.8147659 u_max=8.0115047479e-05 vm_max=647534477.848 laser_center=[0.02142857 0.0025     0.009     ] laser_switch=1 effective_power=30.225 vtk=
global_step=1094 mode=scan layer=9/13 highest_printed_layer=9 hatch=4/4 scan=7/8 front_z=0.009 active_window_cells=60740/109200 printed_cells=60740/109200 cooling_only_cells=0/109200 mechanics_current=0 mechanics_source_step=1088 T_min=347.05 T_max=1361.33670495 u_max=8.0115047479e-05 vm_max=647534477.848 laser_center=[0.01071429 0.0025     0.009     ] laser_switch=1 effective_power=30.225 vtk=
global_step=1095 mode=scan layer=9/13 highest_printed_layer=9 hatch=4/4 scan=8/8 front_z=0.009 active_window_cells=60740/109200 printed_cells=60740/109200 cooling_only_cells=0/109200 mechanics_current=0 mechanics_source_step=1088 T_min=347.05 T_max=1569.90548263 u_max=8.0115047479e-05 vm_max=647534477.848 laser_center=[0.     0.0025 0.009 ] laser_switch=1 effective_power=30.225 vtk=
global_step=1096 mode=layer_dwell layer=9/13 highest_printed_layer=9 hatch=4/4 scan=8/8 front_z=0.009 active_window_cells=60740/109200 printed_cells=60740/109200 cooling_only_cells=0/109200 mechanics_current=0 mechanics_source_step=1088 T_min=347.05 T_max=549.797494612 u_max=8.0115047479e-05 vm_max=647534477.848 laser_center=[0.     0.0025 0.009 ] laser_switch=0 effective_power=0 vtk=
global_step=1097 mode=layer_dwell layer=9/13 highest_printed_layer=9 hatch=4/4 scan=8/8 front_z=0.009 active_window_cells=60740/109200 printed_cells=60740/109200 cooling_only_cells=0/109200 mechanics_current=0 mechanics_source_step=1088 T_min=347.05 T_max=449.930480357 u_max=8.0115047479e-05 vm_max=647534477.848 laser_center=[0.     0.0025 0.009 ] laser_switch=0 effective_power=0 vtk=
global_step=1098 mode=layer_dwell layer=9/13 highest_printed_layer=9 hatch=4/4 scan=8/8 front_z=0.009 active_window_cells=60740/109200 printed_cells=60740/109200 cooling_only_cells=0/109200 mechanics_current=0 mechanics_source_step=1088 T_min=347.05 T_max=421.079826219 u_max=8.0115047479e-05 vm_max=647534477.848 laser_center=[0.     0.0025 0.009 ] laser_switch=0 effective_power=0 vtk=
global_step=1099 mode=layer_dwell layer=9/13 highest_printed_layer=9 hatch=4/4 scan=8/8 front_z=0.009 active_window_cells=60740/109200 printed_cells=60740/109200 cooling_only_cells=0/109200 mechanics_current=0 mechanics_source_step=1088 T_min=347.05 T_max=408.00229817 u_max=8.0115047479e-05 vm_max=647534477.848 laser_center=[0.     0.0025 0.009 ] laser_switch=0 effective_power=0 vtk=
global_step=1100 mode=layer_dwell layer=9/13 highest_printed_layer=9 hatch=4/4 scan=8/8 front_z=0.009 active_window_cells=60740/109200 printed_cells=60740/109200 cooling_only_cells=0/109200 mechanics_current=0 mechanics_source_step=1088 T_min=347.05 T_max=398.253809866 u_max=8.0115047479e-05 vm_max=647534477.848 laser_center=[0.     0.0025 0.009 ] laser_switch=0 effective_power=0 vtk=
global_step=1101 mode=layer_dwell layer=9/13 highest_printed_layer=9 hatch=4/4 scan=8/8 front_z=0.009 active_window_cells=60740/109200 printed_cells=60740/109200 cooling_only_cells=0/109200 mechanics_current=0 mechanics_source_step=1088 T_min=347.05 T_max=389.755287527 u_max=8.0115047479e-05 vm_max=647534477.848 laser_center=[0.     0.0025 0.009 ] laser_switch=0 effective_power=0 vtk=
global_step=1102 mode=layer_dwell layer=9/13 highest_printed_layer=9 hatch=4/4 scan=8/8 front_z=0.009 active_window_cells=60740/109200 printed_cells=60740/109200 cooling_only_cells=0/109200 mechanics_current=0 mechanics_source_step=1088 T_min=347.05 T_max=382.573256981 u_max=8.0115047479e-05 vm_max=647534477.848 laser_center=[0.     0.0025 0.009 ] laser_switch=0 effective_power=0 vtk=
global_step=1103 mode=layer_dwell layer=9/13 highest_printed_layer=9 hatch=4/4 scan=8/8 front_z=0.009 active_window_cells=60740/109200 printed_cells=60740/109200 cooling_only_cells=0/109200 mechanics_current=0 mechanics_source_step=1088 T_min=347.05 T_max=376.584921322 u_max=8.0115047479e-05 vm_max=647534477.848 laser_center=[0.     0.0025 0.009 ] laser_switch=0 effective_power=0 vtk=
global_step=1104 mode=layer_dwell layer=9/13 highest_printed_layer=9 hatch=4/4 scan=8/8 front_z=0.009 active_window_cells=60740/109200 printed_cells=60740/109200 cooling_only_cells=0/109200 mechanics_current=1 mechanics_source_step=1104 T_min=347.05 T_max=371.613438318 u_max=8.04662657129e-05 vm_max=645225199.533 laser_center=[0.     0.0025 0.009 ] laser_switch=0 effective_power=0 vtk=/home/user/work/output/amb_l0_20260731T092534Z/step_001104_layer_dwell.vtu
global_step=1105 mode=layer_dwell layer=9/13 highest_printed_layer=9 hatch=4/4 scan=8/8 front_z=0.009 active_window_cells=60740/109200 printed_cells=60740/109200 cooling_only_cells=0/109200 mechanics_current=0 mechanics_source_step=1104 T_min=347.05 T_max=367.493121828 u_max=8.04662657129e-05 vm_max=645225199.533 laser_center=[0.     0.0025 0.009 ] laser_switch=0 effective_power=0 vtk=
global_step=1106 mode=layer_dwell layer=9/13 highest_printed_layer=9 hatch=4/4 scan=8/8 front_z=0.009 active_window_cells=60740/109200 printed_cells=60740/109200 cooling_only_cells=0/109200 mechanics_current=0 mechanics_source_step=1104 T_min=347.05 T_max=364.084998194 u_max=8.04662657129e-05 vm_max=645225199.533 laser_center=[0.     0.0025 0.009 ] laser_switch=0 effective_power=0 vtk=
global_step=1107 mode=layer_dwell layer=9/13 highest_printed_layer=9 hatch=4/4 scan=8/8 front_z=0.009 active_window_cells=60740/109200 printed_cells=60740/109200 cooling_only_cells=0/109200 mechanics_current=0 mechanics_source_step=1104 T_min=347.05 T_max=361.273213972 u_max=8.04662657129e-05 vm_max=645225199.533 laser_center=[0.     0.0025 0.009 ] laser_switch=0 effective_power=0 vtk=
global_step=1108 mode=layer_dwell layer=9/13 highest_printed_layer=9 hatch=4/4 scan=8/8 front_z=0.009 active_window_cells=60740/109200 printed_cells=60740/109200 cooling_only_cells=0/109200 mechanics_current=0 mechanics_source_step=1104 T_min=347.05 T_max=358.961555459 u_max=8.04662657129e-05 vm_max=645225199.533 laser_center=[0.     0.0025 0.009 ] laser_switch=0 effective_power=0 vtk=
global_step=1109 mode=layer_dwell layer=9/13 highest_printed_layer=9 hatch=4/4 scan=8/8 front_z=0.009 active_window_cells=60740/109200 printed_cells=60740/109200 cooling_only_cells=0/109200 mechanics_current=0 mechanics_source_step=1104 T_min=347.05 T_max=357.07714221 u_max=8.04662657129e-05 vm_max=645225199.533 laser_center=[0.     0.0025 0.009 ] laser_switch=0 effective_power=0 vtk=
global_step=1110 mode=layer_dwell layer=9/13 highest_printed_layer=9 hatch=4/4 scan=8/8 front_z=0.009 active_window_cells=60740/109200 printed_cells=60740/109200 cooling_only_cells=0/109200 mechanics_current=0 mechanics_source_step=1104 T_min=347.05 T_max=355.555262852 u_max=8.04662657129e-05 vm_max=645225199.533 laser_center=[0.     0.0025 0.009 ] laser_switch=0 effective_power=0 vtk=
global_step=1111 mode=layer_dwell layer=9/13 highest_printed_layer=9 hatch=4/4 scan=8/8 front_z=0.009 active_window_cells=60740/109200 printed_cells=60740/109200 cooling_only_cells=0/109200 mechanics_current=0 mechanics_source_step=1104 T_min=347.05 T_max=354.322505651 u_max=8.04662657129e-05 vm_max=645225199.533 laser_center=[0.     0.0025 0.009 ] laser_switch=0 effective_power=0 vtk=
global_step=1112 mode=layer_dwell layer=9/13 highest_printed_layer=9 hatch=4/4 scan=8/8 front_z=0.009 active_window_cells=60740/109200 printed_cells=60740/109200 cooling_only_cells=0/109200 mechanics_current=0 mechanics_source_step=1104 T_min=347.05 T_max=353.31458987 u_max=8.04662657129e-05 vm_max=645225199.533 laser_center=[0.     0.0025 0.009 ] laser_switch=0 effective_power=0 vtk=
global_step=1113 mode=layer_dwell layer=9/13 highest_printed_layer=9 hatch=4/4 scan=8/8 front_z=0.009 active_window_cells=60740/109200 printed_cells=60740/109200 cooling_only_cells=0/109200 mechanics_current=0 mechanics_source_step=1104 T_min=347.05 T_max=352.483717505 u_max=8.04662657129e-05 vm_max=645225199.533 laser_center=[0.     0.0025 0.009 ] laser_switch=0 effective_power=0 vtk=
global_step=1114 mode=layer_dwell layer=9/13 highest_printed_layer=9 hatch=4/4 scan=8/8 front_z=0.009 active_window_cells=60740/109200 printed_cells=60740/109200 cooling_only_cells=0/109200 mechanics_current=0 mechanics_source_step=1104 T_min=347.05 T_max=351.792408919 u_max=8.04662657129e-05 vm_max=645225199.533 laser_center=[0.     0.0025 0.009 ] laser_switch=0 effective_power=0 vtk=
global_step=1115 mode=layer_dwell layer=9/13 highest_printed_layer=9 hatch=4/4 scan=8/8 front_z=0.009 active_window_cells=60740/109200 printed_cells=60740/109200 cooling_only_cells=0/109200 mechanics_current=0 mechanics_source_step=1104 T_min=347.05 T_max=351.21307265 u_max=8.04662657129e-05 vm_max=645225199.533 laser_center=[0.     0.0025 0.009 ] laser_switch=0 effective_power=0 vtk=
global_step=1116 mode=layer_dwell layer=9/13 highest_printed_layer=9 hatch=4/4 scan=8/8 front_z=0.009 active_window_cells=60740/109200 printed_cells=60740/109200 cooling_only_cells=0/109200 mechanics_current=0 mechanics_source_step=1104 T_min=347.05 T_max=350.72341778 u_max=8.04662657129e-05 vm_max=645225199.533 laser_center=[0.     0.0025 0.009 ] laser_switch=0 effective_power=0 vtk=
global_step=1117 mode=layer_dwell layer=9/13 highest_printed_layer=9 hatch=4/4 scan=8/8 front_z=0.009 active_window_cells=60740/109200 printed_cells=60740/109200 cooling_only_cells=0/109200 mechanics_current=0 mechanics_source_step=1104 T_min=347.05 T_max=350.306740273 u_max=8.04662657129e-05 vm_max=645225199.533 laser_center=[0.     0.0025 0.009 ] laser_switch=0 effective_power=0 vtk=
global_step=1118 mode=layer_dwell layer=9/13 highest_printed_layer=9 hatch=4/4 scan=8/8 front_z=0.009 active_window_cells=60740/109200 printed_cells=60740/109200 cooling_only_cells=0/109200 mechanics_current=0 mechanics_source_step=1104 T_min=347.05 T_max=349.950372144 u_max=8.04662657129e-05 vm_max=645225199.533 laser_center=[0.     0.0025 0.009 ] laser_switch=0 effective_power=0 vtk=
global_step=1119 mode=layer_dwell layer=9/13 highest_printed_layer=9 hatch=4/4 scan=8/8 front_z=0.009 active_window_cells=60740/109200 printed_cells=60740/109200 cooling_only_cells=0/109200 mechanics_current=0 mechanics_source_step=1104 T_min=347.05 T_max=349.643445741 u_max=8.04662657129e-05 vm_max=645225199.533 laser_center=[0.     0.0025 0.009 ] laser_switch=0 effective_power=0 vtk=
global_step=1120 mode=layer_dwell layer=9/13 highest_printed_layer=9 hatch=4/4 scan=8/8 front_z=0.009 active_window_cells=60740/109200 printed_cells=60740/109200 cooling_only_cells=0/109200 mechanics_current=1 mechanics_source_step=1120 T_min=347.05 T_max=349.374051228 u_max=8.27037044868e-05 vm_max=648913319.406 laser_center=[0.     0.0025 0.009 ] laser_switch=0 effective_power=0 vtk=/home/user/work/output/amb_l0_20260731T092534Z/step_001120_layer_dwell.vtu
global_step=1121 mode=layer_dwell layer=9/13 highest_printed_layer=9 hatch=4/4 scan=8/8 front_z=0.009 active_window_cells=60740/109200 printed_cells=60740/109200 cooling_only_cells=0/109200 mechanics_current=0 mechanics_source_step=1120 T_min=347.05 T_max=349.130390394 u_max=8.27037044868e-05 vm_max=648913319.406 laser_center=[0.     0.0025 0.009 ] laser_switch=0 effective_power=0 vtk=
global_step=1122 mode=layer_dwell layer=9/13 highest_printed_layer=9 hatch=4/4 scan=8/8 front_z=0.009 active_window_cells=60740/109200 printed_cells=60740/109200 cooling_only_cells=0/109200 mechanics_current=0 mechanics_source_step=1120 T_min=347.05 T_max=348.910251363 u_max=8.27037044868e-05 vm_max=648913319.406 laser_center=[0.     0.0025 0.009 ] laser_switch=0 effective_power=0 vtk=
global_step=1123 mode=layer_dwell layer=9/13 highest_printed_layer=9 hatch=4/4 scan=8/8 front_z=0.009 active_window_cells=60740/109200 printed_cells=60740/109200 cooling_only_cells=0/109200 mechanics_current=0 mechanics_source_step=1120 T_min=347.05 T_max=348.71177604 u_max=8.27037044868e-05 vm_max=648913319.406 laser_center=[0.     0.0025 0.009 ] laser_switch=0 effective_power=0 vtk=
global_step=1124 mode=layer_dwell layer=9/13 highest_printed_layer=9 hatch=4/4 scan=8/8 front_z=0.009 active_window_cells=60740/109200 printed_cells=60740/109200 cooling_only_cells=0/109200 mechanics_current=0 mechanics_source_step=1120 T_min=347.05 T_max=348.533159558 u_max=8.27037044868e-05 vm_max=648913319.406 laser_center=[0.     0.0025 0.009 ] laser_switch=0 effective_power=0 vtk=
global_step=1125 mode=layer_dwell layer=9/13 highest_printed_layer=9 hatch=4/4 scan=8/8 front_z=0.009 active_window_cells=60740/109200 printed_cells=60740/109200 cooling_only_cells=0/109200 mechanics_current=0 mechanics_source_step=1120 T_min=347.05 T_max=348.372675204 u_max=8.27037044868e-05 vm_max=648913319.406 laser_center=[0.     0.0025 0.009 ] laser_switch=0 effective_power=0 vtk=
global_step=1126 mode=layer_dwell layer=9/13 highest_printed_layer=9 hatch=4/4 scan=8/8 front_z=0.009 active_window_cells=60740/109200 printed_cells=60740/109200 cooling_only_cells=0/109200 mechanics_current=0 mechanics_source_step=1120 T_min=347.05 T_max=348.228690276 u_max=8.27037044868e-05 vm_max=648913319.406 laser_center=[0.     0.0025 0.009 ] laser_switch=0 effective_power=0 vtk=
global_step=1127 mode=layer_dwell layer=9/13 highest_printed_layer=9 hatch=4/4 scan=8/8 front_z=0.009 active_window_cells=60740/109200 printed_cells=60740/109200 cooling_only_cells=0/109200 mechanics_current=0 mechanics_source_step=1120 T_min=347.05 T_max=348.099675198 u_max=8.27037044868e-05 vm_max=648913319.406 laser_center=[0.     0.0025 0.009 ] laser_switch=0 effective_power=0 vtk=
global_step=1128 mode=layer_dwell layer=9/13 highest_printed_layer=9 hatch=4/4 scan=8/8 front_z=0.009 active_window_cells=60740/109200 printed_cells=60740/109200 cooling_only_cells=0/109200 mechanics_current=0 mechanics_source_step=1120 T_min=347.05 T_max=347.98420768 u_max=8.27037044868e-05 vm_max=648913319.406 laser_center=[0.     0.0025 0.009 ] laser_switch=0 effective_power=0 vtk=
global_step=1129 mode=layer_dwell layer=9/13 highest_printed_layer=9 hatch=4/4 scan=8/8 front_z=0.009 active_window_cells=60740/109200 printed_cells=60740/109200 cooling_only_cells=0/109200 mechanics_current=0 mechanics_source_step=1120 T_min=347.05 T_max=347.880973291 u_max=8.27037044868e-05 vm_max=648913319.406 laser_center=[0.     0.0025 0.009 ] laser_switch=0 effective_power=0 vtk=
global_step=1130 mode=layer_dwell layer=9/13 highest_printed_layer=9 hatch=4/4 scan=8/8 front_z=0.009 active_window_cells=60740/109200 printed_cells=60740/109200 cooling_only_cells=0/109200 mechanics_current=0 mechanics_source_step=1120 T_min=347.05 T_max=347.788763482 u_max=8.27037044868e-05 vm_max=648913319.406 laser_center=[0.     0.0025 0.009 ] laser_switch=0 effective_power=0 vtk=
global_step=1131 mode=layer_dwell layer=9/13 highest_printed_layer=9 hatch=4/4 scan=8/8 front_z=0.009 active_window_cells=60740/109200 printed_cells=60740/109200 cooling_only_cells=0/109200 mechanics_current=0 mechanics_source_step=1120 T_min=347.05 T_max=347.706471842 u_max=8.27037044868e-05 vm_max=648913319.406 laser_center=[0.     0.0025 0.009 ] laser_switch=0 effective_power=0 vtk=
global_step=1132 mode=layer_dwell layer=9/13 highest_printed_layer=9 hatch=4/4 scan=8/8 front_z=0.009 active_window_cells=60740/109200 printed_cells=60740/109200 cooling_only_cells=0/109200 mechanics_current=0 mechanics_source_step=1120 T_min=347.05 T_max=347.633089194 u_max=8.27037044868e-05 vm_max=648913319.406 laser_center=[0.     0.0025 0.009 ] laser_switch=0 effective_power=0 vtk=
global_step=1133 mode=layer_dwell layer=9/13 highest_printed_layer=9 hatch=4/4 scan=8/8 front_z=0.009 active_window_cells=60740/109200 printed_cells=60740/109200 cooling_only_cells=0/109200 mechanics_current=0 mechanics_source_step=1120 T_min=347.05 T_max=347.567697961 u_max=8.27037044868e-05 vm_max=648913319.406 laser_center=[0.     0.0025 0.009 ] laser_switch=0 effective_power=0 vtk=
global_step=1134 mode=layer_dwell layer=9/13 highest_printed_layer=9 hatch=4/4 scan=8/8 front_z=0.009 active_window_cells=60740/109200 printed_cells=60740/109200 cooling_only_cells=0/109200 mechanics_current=0 mechanics_source_step=1120 T_min=347.05 T_max=347.509466148 u_max=8.27037044868e-05 vm_max=648913319.406 laser_center=[0.     0.0025 0.009 ] laser_switch=0 effective_power=0 vtk=
global_step=1135 mode=layer_dwell layer=9/13 highest_printed_layer=9 hatch=4/4 scan=8/8 front_z=0.009 active_window_cells=60740/109200 printed_cells=60740/109200 cooling_only_cells=0/109200 mechanics_current=0 mechanics_source_step=1120 T_min=347.05 T_max=347.457641176 u_max=8.27037044868e-05 vm_max=648913319.406 laser_center=[0.     0.0025 0.009 ] laser_switch=0 effective_power=0 vtk=
global_step=1136 mode=layer_dwell layer=9/13 highest_printed_layer=9 hatch=4/4 scan=8/8 front_z=0.009 active_window_cells=60740/109200 printed_cells=60740/109200 cooling_only_cells=0/109200 mechanics_current=1 mechanics_source_step=1136 T_min=347.05 T_max=347.411543741 u_max=8.28632325473e-05 vm_max=649201854.135 laser_center=[0.     0.0025 0.009 ] laser_switch=0 effective_power=0 vtk=/home/user/work/output/amb_l0_20260731T092534Z/step_001136_layer_dwell.vtu
global_step=1137 mode=layer_dwell layer=9/13 highest_printed_layer=9 hatch=4/4 scan=8/8 front_z=0.009 active_window_cells=60740/109200 printed_cells=60740/109200 cooling_only_cells=0/109200 mechanics_current=0 mechanics_source_step=1136 T_min=347.05 T_max=347.370561831 u_max=8.28632325473e-05 vm_max=649201854.135 laser_center=[0.     0.0025 0.009 ] laser_switch=0 effective_power=0 vtk=
global_step=1138 mode=layer_dwell layer=9/13 highest_printed_layer=9 hatch=4/4 scan=8/8 front_z=0.009 active_window_cells=60740/109200 printed_cells=60740/109200 cooling_only_cells=0/109200 mechanics_current=0 mechanics_source_step=1136 T_min=347.05 T_max=347.334144982 u_max=8.28632325473e-05 vm_max=649201854.135 laser_center=[0.     0.0025 0.009 ] laser_switch=0 effective_power=0 vtk=
global_step=1139 mode=layer_dwell layer=9/13 highest_printed_layer=9 hatch=4/4 scan=8/8 front_z=0.009 active_window_cells=60740/109200 printed_cells=60740/109200 cooling_only_cells=0/109200 mechanics_current=0 mechanics_source_step=1136 T_min=347.05 T_max=347.301798829 u_max=8.28632325473e-05 vm_max=649201854.135 laser_center=[0.     0.0025 0.009 ] laser_switch=0 effective_power=0 vtk=
global_step=1140 mode=layer_dwell layer=9/13 highest_printed_layer=9 hatch=4/4 scan=8/8 front_z=0.009 active_window_cells=60740/109200 printed_cells=60740/109200 cooling_only_cells=0/109200 mechanics_current=0 mechanics_source_step=1136 T_min=347.05 T_max=347.273079983 u_max=8.28632325473e-05 vm_max=649201854.135 laser_center=[0.     0.0025 0.009 ] laser_switch=0 effective_power=0 vtk=
global_step=1141 mode=layer_dwell layer=9/13 highest_printed_layer=9 hatch=4/4 scan=8/8 front_z=0.009 active_window_cells=60740/109200 printed_cells=60740/109200 cooling_only_cells=0/109200 mechanics_current=0 mechanics_source_step=1136 T_min=347.05 T_max=347.247591259 u_max=8.28632325473e-05 vm_max=649201854.135 laser_center=[0.     0.0025 0.009 ] laser_switch=0 effective_power=0 vtk=
global_step=1142 mode=layer_dwell layer=9/13 highest_printed_layer=9 hatch=4/4 scan=8/8 front_z=0.009 active_window_cells=60740/109200 printed_cells=60740/109200 cooling_only_cells=0/109200 mechanics_current=0 mechanics_source_step=1136 T_min=347.05 T_max=347.224977248 u_max=8.28632325473e-05 vm_max=649201854.135 laser_center=[0.     0.0025 0.009 ] laser_switch=0 effective_power=0 vtk=
global_step=1143 mode=layer_dwell layer=9/13 highest_printed_layer=9 hatch=4/4 scan=8/8 front_z=0.009 active_window_cells=60740/109200 printed_cells=60740/109200 cooling_only_cells=0/109200 mechanics_current=0 mechanics_source_step=1136 T_min=347.05 T_max=347.204920245 u_max=8.28632325473e-05 vm_max=649201854.135 laser_center=[0.     0.0025 0.009 ] laser_switch=0 effective_power=0 vtk=
global_step=1144 mode=layer_dwell layer=9/13 highest_printed_layer=9 hatch=4/4 scan=8/8 front_z=0.009 active_window_cells=60740/109200 printed_cells=60740/109200 cooling_only_cells=0/109200 mechanics_current=0 mechanics_source_step=1136 T_min=347.05 T_max=347.187136502 u_max=8.28632325473e-05 vm_max=649201854.135 laser_center=[0.     0.0025 0.009 ] laser_switch=0 effective_power=0 vtk=
global_step=1145 mode=layer_dwell layer=9/13 highest_printed_layer=9 hatch=4/4 scan=8/8 front_z=0.009 active_window_cells=60740/109200 printed_cells=60740/109200 cooling_only_cells=0/109200 mechanics_current=0 mechanics_source_step=1136 T_min=347.05 T_max=347.171372813 u_max=8.28632325473e-05 vm_max=649201854.135 laser_center=[0.     0.0025 0.009 ] laser_switch=0 effective_power=0 vtk=
global_step=1146 mode=layer_dwell layer=9/13 highest_printed_layer=9 hatch=4/4 scan=8/8 front_z=0.009 active_window_cells=60740/109200 printed_cells=60740/109200 cooling_only_cells=0/109200 mechanics_current=0 mechanics_source_step=1136 T_min=347.05 T_max=347.157403393 u_max=8.28632325473e-05 vm_max=649201854.135 laser_center=[0.     0.0025 0.009 ] laser_switch=0 effective_power=0 vtk=
global_step=1147 mode=layer_dwell layer=9/13 highest_printed_layer=9 hatch=4/4 scan=8/8 front_z=0.009 active_window_cells=60740/109200 printed_cells=60740/109200 cooling_only_cells=0/109200 mechanics_current=0 mechanics_source_step=1136 T_min=347.05 T_max=347.145027054 u_max=8.28632325473e-05 vm_max=649201854.135 laser_center=[0.     0.0025 0.009 ] laser_switch=0 effective_power=0 vtk=
global_step=1148 mode=layer_dwell layer=9/13 highest_printed_layer=9 hatch=4/4 scan=8/8 front_z=0.009 active_window_cells=60740/109200 printed_cells=60740/109200 cooling_only_cells=0/109200 mechanics_current=0 mechanics_source_step=1136 T_min=347.05 T_max=347.134064637 u_max=8.28632325473e-05 vm_max=649201854.135 laser_center=[0.     0.0025 0.009 ] laser_switch=0 effective_power=0 vtk=
global_step=1149 mode=layer_dwell layer=9/13 highest_printed_layer=9 hatch=4/4 scan=8/8 front_z=0.009 active_window_cells=60740/109200 printed_cells=60740/109200 cooling_only_cells=0/109200 mechanics_current=0 mechanics_source_step=1136 T_min=347.05 T_max=347.124356693 u_max=8.28632325473e-05 vm_max=649201854.135 laser_center=[0.     0.0025 0.009 ] laser_switch=0 effective_power=0 vtk=
global_step=1150 mode=layer_dwell layer=9/13 highest_printed_layer=9 hatch=4/4 scan=8/8 front_z=0.009 active_window_cells=60740/109200 printed_cells=60740/109200 cooling_only_cells=0/109200 mechanics_current=0 mechanics_source_step=1136 T_min=347.05 T_max=347.115761397 u_max=8.28632325473e-05 vm_max=649201854.135 laser_center=[0.     0.0025 0.009 ] laser_switch=0 effective_power=0 vtk=
global_step=1151 mode=layer_dwell layer=9/13 highest_printed_layer=9 hatch=4/4 scan=8/8 front_z=0.009 active_window_cells=60740/109200 printed_cells=60740/109200 cooling_only_cells=0/109200 mechanics_current=0 mechanics_source_step=1136 T_min=347.05 T_max=347.108152657 u_max=8.28632325473e-05 vm_max=649201854.135 laser_center=[0.     0.0025 0.009 ] laser_switch=0 effective_power=0 vtk=
global_step=1152 mode=layer_dwell layer=9/13 highest_printed_layer=9 hatch=4/4 scan=8/8 front_z=0.009 active_window_cells=60740/109200 printed_cells=60740/109200 cooling_only_cells=0/109200 mechanics_current=1 mechanics_source_step=1152 T_min=347.05 T_max=347.101418427 u_max=8.28769452181e-05 vm_max=649230142.405 laser_center=[0.     0.0025 0.009 ] laser_switch=0 effective_power=0 vtk=/home/user/work/output/amb_l0_20260731T092534Z/step_001152_layer_dwell.vtu
global_step=1153 mode=layer_dwell layer=9/13 highest_printed_layer=9 hatch=4/4 scan=8/8 front_z=0.009 active_window_cells=60740/109200 printed_cells=60740/109200 cooling_only_cells=0/109200 mechanics_current=0 mechanics_source_step=1152 T_min=347.05 T_max=347.095459182 u_max=8.28769452181e-05 vm_max=649230142.405 laser_center=[0.     0.0025 0.009 ] laser_switch=0 effective_power=0 vtk=
global_step=1154 mode=layer_dwell layer=9/13 highest_printed_layer=9 hatch=4/4 scan=8/8 front_z=0.009 active_window_cells=60740/109200 printed_cells=60740/109200 cooling_only_cells=0/109200 mechanics_current=0 mechanics_source_step=1152 T_min=347.05 T_max=347.090186554 u_max=8.28769452181e-05 vm_max=649230142.405 laser_center=[0.     0.0025 0.009 ] laser_switch=0 effective_power=0 vtk=
global_step=1155 mode=layer_dwell layer=9/13 highest_printed_layer=9 hatch=4/4 scan=8/8 front_z=0.009 active_window_cells=60740/109200 printed_cells=60740/109200 cooling_only_cells=0/109200 mechanics_current=0 mechanics_source_step=1152 T_min=347.05 T_max=347.085522111 u_max=8.28769452181e-05 vm_max=649230142.405 laser_center=[0.     0.0025 0.009 ] laser_switch=0 effective_power=0 vtk=
global_step=1156 mode=layer_dwell layer=9/13 highest_printed_layer=9 hatch=4/4 scan=8/8 front_z=0.009 active_window_cells=60740/109200 printed_cells=60740/109200 cooling_only_cells=0/109200 mechanics_current=0 mechanics_source_step=1152 T_min=347.05 T_max=347.081396268 u_max=8.28769452181e-05 vm_max=649230142.405 laser_center=[0.     0.0025 0.009 ] laser_switch=0 effective_power=0 vtk=
global_step=1157 mode=layer_dwell layer=9/13 highest_printed_layer=9 hatch=4/4 scan=8/8 front_z=0.009 active_window_cells=60740/109200 printed_cells=60740/109200 cooling_only_cells=0/109200 mechanics_current=0 mechanics_source_step=1152 T_min=347.05 T_max=347.077747302 u_max=8.28769452181e-05 vm_max=649230142.405 laser_center=[0.     0.0025 0.009 ] laser_switch=0 effective_power=0 vtk=
global_step=1158 mode=layer_dwell layer=9/13 highest_printed_layer=9 hatch=4/4 scan=8/8 front_z=0.009 active_window_cells=60740/109200 printed_cells=60740/109200 cooling_only_cells=0/109200 mechanics_current=0 mechanics_source_step=1152 T_min=347.05 T_max=347.074520484 u_max=8.28769452181e-05 vm_max=649230142.405 laser_center=[0.     0.0025 0.009 ] laser_switch=0 effective_power=0 vtk=
global_step=1159 mode=layer_dwell layer=9/13 highest_printed_layer=9 hatch=4/4 scan=8/8 front_z=0.009 active_window_cells=60740/109200 printed_cells=60740/109200 cooling_only_cells=0/109200 mechanics_current=0 mechanics_source_step=1152 T_min=347.05 T_max=347.071667303 u_max=8.28769452181e-05 vm_max=649230142.405 laser_center=[0.     0.0025 0.009 ] laser_switch=0 effective_power=0 vtk=
global_step=1160 mode=layer_dwell layer=9/13 highest_printed_layer=9 hatch=4/4 scan=8/8 front_z=0.009 active_window_cells=60740/109200 printed_cells=60740/109200 cooling_only_cells=0/109200 mechanics_current=0 mechanics_source_step=1152 T_min=347.05 T_max=347.069144764 u_max=8.28769452181e-05 vm_max=649230142.405 laser_center=[0.     0.0025 0.009 ] laser_switch=0 effective_power=0 vtk=
global_step=1161 mode=layer_dwell layer=9/13 highest_printed_layer=9 hatch=4/4 scan=8/8 front_z=0.009 active_window_cells=60740/109200 printed_cells=60740/109200 cooling_only_cells=0/109200 mechanics_current=0 mechanics_source_step=1152 T_min=347.05 T_max=347.066914776 u_max=8.28769452181e-05 vm_max=649230142.405 laser_center=[0.     0.0025 0.009 ] laser_switch=0 effective_power=0 vtk=
global_step=1162 mode=layer_dwell layer=9/13 highest_printed_layer=9 hatch=4/4 scan=8/8 front_z=0.009 active_window_cells=60740/109200 printed_cells=60740/109200 cooling_only_cells=0/109200 mechanics_current=0 mechanics_source_step=1152 T_min=347.05 T_max=347.064943598 u_max=8.28769452181e-05 vm_max=649230142.405 laser_center=[0.     0.0025 0.009 ] laser_switch=0 effective_power=0 vtk=
global_step=1163 mode=layer_dwell layer=9/13 highest_printed_layer=9 hatch=4/4 scan=8/8 front_z=0.009 active_window_cells=60740/109200 printed_cells=60740/109200 cooling_only_cells=0/109200 mechanics_current=0 mechanics_source_step=1152 T_min=347.05 T_max=347.063201349 u_max=8.28769452181e-05 vm_max=649230142.405 laser_center=[0.     0.0025 0.009 ] laser_switch=0 effective_power=0 vtk=
global_step=1164 mode=layer_dwell layer=9/13 highest_printed_layer=9 hatch=4/4 scan=8/8 front_z=0.009 active_window_cells=60740/109200 printed_cells=60740/109200 cooling_only_cells=0/109200 mechanics_current=0 mechanics_source_step=1152 T_min=347.05 T_max=347.061661572 u_max=8.28769452181e-05 vm_max=649230142.405 laser_center=[0.     0.0025 0.009 ] laser_switch=0 effective_power=0 vtk=
global_step=1165 mode=layer_dwell layer=9/13 highest_printed_layer=9 hatch=4/4 scan=8/8 front_z=0.009 active_window_cells=60740/109200 printed_cells=60740/109200 cooling_only_cells=0/109200 mechanics_current=0 mechanics_source_step=1152 T_min=347.05 T_max=347.060300846 u_max=8.28769452181e-05 vm_max=649230142.405 laser_center=[0.     0.0025 0.009 ] laser_switch=0 effective_power=0 vtk=
global_step=1166 mode=layer_dwell layer=9/13 highest_printed_layer=9 hatch=4/4 scan=8/8 front_z=0.009 active_window_cells=60740/109200 printed_cells=60740/109200 cooling_only_cells=0/109200 mechanics_current=0 mechanics_source_step=1152 T_min=347.05 T_max=347.059098439 u_max=8.28769452181e-05 vm_max=649230142.405 laser_center=[0.     0.0025 0.009 ] laser_switch=0 effective_power=0 vtk=
global_step=1167 mode=layer_dwell layer=9/13 highest_printed_layer=9 hatch=4/4 scan=8/8 front_z=0.009 active_window_cells=60740/109200 printed_cells=60740/109200 cooling_only_cells=0/109200 mechanics_current=0 mechanics_source_step=1152 T_min=347.05 T_max=347.058036007 u_max=8.28769452181e-05 vm_max=649230142.405 laser_center=[0.     0.0025 0.009 ] laser_switch=0 effective_power=0 vtk=
global_step=1168 mode=layer_dwell layer=9/13 highest_printed_layer=9 hatch=4/4 scan=8/8 front_z=0.009 active_window_cells=60740/109200 printed_cells=60740/109200 cooling_only_cells=0/109200 mechanics_current=1 mechanics_source_step=1168 T_min=347.05 T_max=347.057097319 u_max=8.2878349749e-05 vm_max=649233096.589 laser_center=[0.     0.0025 0.009 ] laser_switch=0 effective_power=0 vtk=/home/user/work/output/amb_l0_20260731T092534Z/step_001168_layer_dwell.vtu
global_step=1169 mode=layer_dwell layer=9/13 highest_printed_layer=9 hatch=4/4 scan=8/8 front_z=0.009 active_window_cells=60740/109200 printed_cells=60740/109200 cooling_only_cells=0/109200 mechanics_current=0 mechanics_source_step=1168 T_min=347.05 T_max=347.056268013 u_max=8.2878349749e-05 vm_max=649233096.589 laser_center=[0.     0.0025 0.009 ] laser_switch=0 effective_power=0 vtk=
global_step=1170 mode=layer_dwell layer=9/13 highest_printed_layer=9 hatch=4/4 scan=8/8 front_z=0.009 active_window_cells=60740/109200 printed_cells=60740/109200 cooling_only_cells=0/109200 mechanics_current=0 mechanics_source_step=1168 T_min=347.05 T_max=347.055535388 u_max=8.2878349749e-05 vm_max=649233096.589 laser_center=[0.     0.0025 0.009 ] laser_switch=0 effective_power=0 vtk=
global_step=1171 mode=layer_dwell layer=9/13 highest_printed_layer=9 hatch=4/4 scan=8/8 front_z=0.009 active_window_cells=60740/109200 printed_cells=60740/109200 cooling_only_cells=0/109200 mechanics_current=0 mechanics_source_step=1168 T_min=347.05 T_max=347.054888209 u_max=8.2878349749e-05 vm_max=649233096.589 laser_center=[0.     0.0025 0.009 ] laser_switch=0 effective_power=0 vtk=
global_step=1172 mode=layer_dwell layer=9/13 highest_printed_layer=9 hatch=4/4 scan=8/8 front_z=0.009 active_window_cells=60740/109200 printed_cells=60740/109200 cooling_only_cells=0/109200 mechanics_current=0 mechanics_source_step=1168 T_min=347.05 T_max=347.054316541 u_max=8.2878349749e-05 vm_max=649233096.589 laser_center=[0.     0.0025 0.009 ] laser_switch=0 effective_power=0 vtk=
global_step=1173 mode=layer_dwell layer=9/13 highest_printed_layer=9 hatch=4/4 scan=8/8 front_z=0.009 active_window_cells=60740/109200 printed_cells=60740/109200 cooling_only_cells=0/109200 mechanics_current=0 mechanics_source_step=1168 T_min=347.05 T_max=347.053811599 u_max=8.2878349749e-05 vm_max=649233096.589 laser_center=[0.     0.0025 0.009 ] laser_switch=0 effective_power=0 vtk=
global_step=1174 mode=layer_dwell layer=9/13 highest_printed_layer=9 hatch=4/4 scan=8/8 front_z=0.009 active_window_cells=60740/109200 printed_cells=60740/109200 cooling_only_cells=0/109200 mechanics_current=0 mechanics_source_step=1168 T_min=347.05 T_max=347.053365616 u_max=8.2878349749e-05 vm_max=649233096.589 laser_center=[0.     0.0025 0.009 ] laser_switch=0 effective_power=0 vtk=
global_step=1175 mode=layer_dwell layer=9/13 highest_printed_layer=9 hatch=4/4 scan=8/8 front_z=0.009 active_window_cells=60740/109200 printed_cells=60740/109200 cooling_only_cells=0/109200 mechanics_current=0 mechanics_source_step=1168 T_min=347.05 T_max=347.052971725 u_max=8.2878349749e-05 vm_max=649233096.589 laser_center=[0.     0.0025 0.009 ] laser_switch=0 effective_power=0 vtk=
global_step=1176 mode=layer_dwell layer=9/13 highest_printed_layer=9 hatch=4/4 scan=8/8 front_z=0.009 active_window_cells=60740/109200 printed_cells=60740/109200 cooling_only_cells=0/109200 mechanics_current=0 mechanics_source_step=1168 T_min=347.05 T_max=347.052623857 u_max=8.2878349749e-05 vm_max=649233096.589 laser_center=[0.     0.0025 0.009 ] laser_switch=0 effective_power=0 vtk=
global_step=1177 mode=layer_dwell layer=9/13 highest_printed_layer=9 hatch=4/4 scan=8/8 front_z=0.009 active_window_cells=60740/109200 printed_cells=60740/109200 cooling_only_cells=0/109200 mechanics_current=0 mechanics_source_step=1168 T_min=347.05 T_max=347.052316647 u_max=8.2878349749e-05 vm_max=649233096.589 laser_center=[0.     0.0025 0.009 ] laser_switch=0 effective_power=0 vtk=
global_step=1178 mode=layer_dwell layer=9/13 highest_printed_layer=9 hatch=4/4 scan=8/8 front_z=0.009 active_window_cells=60740/109200 printed_cells=60740/109200 cooling_only_cells=0/109200 mechanics_current=0 mechanics_source_step=1168 T_min=347.05 T_max=347.052045353 u_max=8.2878349749e-05 vm_max=649233096.589 laser_center=[0.     0.0025 0.009 ] laser_switch=0 effective_power=0 vtk=
global_step=1179 mode=layer_dwell layer=9/13 highest_printed_layer=9 hatch=4/4 scan=8/8 front_z=0.009 active_window_cells=60740/109200 printed_cells=60740/109200 cooling_only_cells=0/109200 mechanics_current=0 mechanics_source_step=1168 T_min=347.05 T_max=347.051805784 u_max=8.2878349749e-05 vm_max=649233096.589 laser_center=[0.     0.0025 0.009 ] laser_switch=0 effective_power=0 vtk=
global_step=1180 mode=layer_dwell layer=9/13 highest_printed_layer=9 hatch=4/4 scan=8/8 front_z=0.009 active_window_cells=60740/109200 printed_cells=60740/109200 cooling_only_cells=0/109200 mechanics_current=0 mechanics_source_step=1168 T_min=347.05 T_max=347.051594239 u_max=8.2878349749e-05 vm_max=649233096.589 laser_center=[0.     0.0025 0.009 ] laser_switch=0 effective_power=0 vtk=
global_step=1181 mode=layer_dwell layer=9/13 highest_printed_layer=9 hatch=4/4 scan=8/8 front_z=0.009 active_window_cells=60740/109200 printed_cells=60740/109200 cooling_only_cells=0/109200 mechanics_current=0 mechanics_source_step=1168 T_min=347.05 T_max=347.051594239 u_max=8.2878349749e-05 vm_max=649233096.589 laser_center=[0.     0.0025 0.009 ] laser_switch=0 effective_power=0 vtk=
global_step=1182 mode=layer_dwell layer=9/13 highest_printed_layer=9 hatch=4/4 scan=8/8 front_z=0.009 active_window_cells=60740/109200 printed_cells=60740/109200 cooling_only_cells=0/109200 mechanics_current=0 mechanics_source_step=1168 T_min=347.05 T_max=347.051594239 u_max=8.2878349749e-05 vm_max=649233096.589 laser_center=[0.     0.0025 0.009 ] laser_switch=0 effective_power=0 vtk=
global_step=1183 mode=layer_dwell layer=9/13 highest_printed_layer=9 hatch=4/4 scan=8/8 front_z=0.009 active_window_cells=60740/109200 printed_cells=60740/109200 cooling_only_cells=0/109200 mechanics_current=0 mechanics_source_step=1168 T_min=347.05 T_max=347.051594239 u_max=8.2878349749e-05 vm_max=649233096.589 laser_center=[0.     0.0025 0.009 ] laser_switch=0 effective_power=0 vtk=
global_step=1184 mode=layer_dwell layer=9/13 highest_printed_layer=9 hatch=4/4 scan=8/8 front_z=0.009 active_window_cells=60740/109200 printed_cells=60740/109200 cooling_only_cells=0/109200 mechanics_current=1 mechanics_source_step=1184 T_min=347.05 T_max=347.051594239 u_max=8.28784970734e-05 vm_max=649233413.557 laser_center=[0.     0.0025 0.009 ] laser_switch=0 effective_power=0 vtk=/home/user/work/output/amb_l0_20260731T092534Z/step_001184_layer_dwell.vtu
global_step=1185 mode=layer_dwell layer=9/13 highest_printed_layer=9 hatch=4/4 scan=8/8 front_z=0.009 active_window_cells=60740/109200 printed_cells=60740/109200 cooling_only_cells=0/109200 mechanics_current=0 mechanics_source_step=1184 T_min=347.05 T_max=347.051594239 u_max=8.28784970734e-05 vm_max=649233413.557 laser_center=[0.     0.0025 0.009 ] laser_switch=0 effective_power=0 vtk=
global_step=1186 mode=layer_dwell layer=9/13 highest_printed_layer=9 hatch=4/4 scan=8/8 front_z=0.009 active_window_cells=60740/109200 printed_cells=60740/109200 cooling_only_cells=0/109200 mechanics_current=0 mechanics_source_step=1184 T_min=347.05 T_max=347.051594239 u_max=8.28784970734e-05 vm_max=649233413.557 laser_center=[0.     0.0025 0.009 ] laser_switch=0 effective_power=0 vtk=
global_step=1187 mode=layer_dwell layer=9/13 highest_printed_layer=9 hatch=4/4 scan=8/8 front_z=0.009 active_window_cells=60740/109200 printed_cells=60740/109200 cooling_only_cells=0/109200 mechanics_current=0 mechanics_source_step=1184 T_min=347.05 T_max=347.051594239 u_max=8.28784970734e-05 vm_max=649233413.557 laser_center=[0.     0.0025 0.009 ] laser_switch=0 effective_power=0 vtk=
global_step=1188 mode=layer_dwell layer=9/13 highest_printed_layer=9 hatch=4/4 scan=8/8 front_z=0.009 active_window_cells=60740/109200 printed_cells=60740/109200 cooling_only_cells=0/109200 mechanics_current=0 mechanics_source_step=1184 T_min=347.05 T_max=347.051594239 u_max=8.28784970734e-05 vm_max=649233413.557 laser_center=[0.     0.0025 0.009 ] laser_switch=0 effective_power=0 vtk=
global_step=1189 mode=layer_dwell layer=9/13 highest_printed_layer=9 hatch=4/4 scan=8/8 front_z=0.009 active_window_cells=60740/109200 printed_cells=60740/109200 cooling_only_cells=0/109200 mechanics_current=0 mechanics_source_step=1184 T_min=347.05 T_max=347.051594239 u_max=8.28784970734e-05 vm_max=649233413.557 laser_center=[0.     0.0025 0.009 ] laser_switch=0 effective_power=0 vtk=
global_step=1190 mode=layer_dwell layer=9/13 highest_printed_layer=9 hatch=4/4 scan=8/8 front_z=0.009 active_window_cells=60740/109200 printed_cells=60740/109200 cooling_only_cells=0/109200 mechanics_current=0 mechanics_source_step=1184 T_min=347.05 T_max=347.051594239 u_max=8.28784970734e-05 vm_max=649233413.557 laser_center=[0.     0.0025 0.009 ] laser_switch=0 effective_power=0 vtk=
global_step=1191 mode=layer_dwell layer=9/13 highest_printed_layer=9 hatch=4/4 scan=8/8 front_z=0.009 active_window_cells=60740/109200 printed_cells=60740/109200 cooling_only_cells=0/109200 mechanics_current=0 mechanics_source_step=1184 T_min=347.05 T_max=347.051594239 u_max=8.28784970734e-05 vm_max=649233413.557 laser_center=[0.     0.0025 0.009 ] laser_switch=0 effective_power=0 vtk=
global_step=1192 mode=layer_dwell layer=9/13 highest_printed_layer=9 hatch=4/4 scan=8/8 front_z=0.009 active_window_cells=60740/109200 printed_cells=60740/109200 cooling_only_cells=0/109200 mechanics_current=0 mechanics_source_step=1184 T_min=347.05 T_max=347.051594239 u_max=8.28784970734e-05 vm_max=649233413.557 laser_center=[0.     0.0025 0.009 ] laser_switch=0 effective_power=0 vtk=
global_step=1193 mode=layer_dwell layer=9/13 highest_printed_layer=9 hatch=4/4 scan=8/8 front_z=0.009 active_window_cells=60740/109200 printed_cells=60740/109200 cooling_only_cells=0/109200 mechanics_current=0 mechanics_source_step=1184 T_min=347.05 T_max=347.051594239 u_max=8.28784970734e-05 vm_max=649233413.557 laser_center=[0.     0.0025 0.009 ] laser_switch=0 effective_power=0 vtk=
global_step=1194 mode=layer_dwell layer=9/13 highest_printed_layer=9 hatch=4/4 scan=8/8 front_z=0.009 active_window_cells=60740/109200 printed_cells=60740/109200 cooling_only_cells=0/109200 mechanics_current=0 mechanics_source_step=1184 T_min=347.05 T_max=347.051594239 u_max=8.28784970734e-05 vm_max=649233413.557 laser_center=[0.     0.0025 0.009 ] laser_switch=0 effective_power=0 vtk=
global_step=1195 mode=layer_dwell layer=9/13 highest_printed_layer=9 hatch=4/4 scan=8/8 front_z=0.009 active_window_cells=60740/109200 printed_cells=60740/109200 cooling_only_cells=0/109200 mechanics_current=0 mechanics_source_step=1184 T_min=347.05 T_max=347.051594239 u_max=8.28784970734e-05 vm_max=649233413.557 laser_center=[0.     0.0025 0.009 ] laser_switch=0 effective_power=0 vtk=
global_step=1196 mode=layer_dwell layer=9/13 highest_printed_layer=9 hatch=4/4 scan=8/8 front_z=0.009 active_window_cells=60740/109200 printed_cells=60740/109200 cooling_only_cells=0/109200 mechanics_current=0 mechanics_source_step=1184 T_min=347.05 T_max=347.051594239 u_max=8.28784970734e-05 vm_max=649233413.557 laser_center=[0.     0.0025 0.009 ] laser_switch=0 effective_power=0 vtk=
global_step=1197 mode=scan layer=10/13 highest_printed_layer=10 hatch=1/4 scan=1/8 front_z=0.01 active_window_cells=62220/109200 printed_cells=62220/109200 cooling_only_cells=0/109200 mechanics_current=1 mechanics_source_step=1197 T_min=347.05 T_max=1997.63977683 u_max=9.5011964184e-05 vm_max=598373013.693 laser_center=[ 0.     -0.0025  0.01  ] laser_switch=1 effective_power=30.225 vtk=/home/user/work/output/amb_l0_20260731T092534Z/step_001197_scan.vtu
global_step=1198 mode=scan layer=10/13 highest_printed_layer=10 hatch=1/4 scan=2/8 front_z=0.01 active_window_cells=62220/109200 printed_cells=62220/109200 cooling_only_cells=0/109200 mechanics_current=0 mechanics_source_step=1197 T_min=347.05 T_max=1354.9367636 u_max=9.5011964184e-05 vm_max=598373013.693 laser_center=[ 0.01071429 -0.0025      0.01      ] laser_switch=1 effective_power=30.225 vtk=
global_step=1199 mode=scan layer=10/13 highest_printed_layer=10 hatch=1/4 scan=3/8 front_z=0.01 active_window_cells=62220/109200 printed_cells=62220/109200 cooling_only_cells=0/109200 mechanics_current=0 mechanics_source_step=1197 T_min=347.05 T_max=1365.82167516 u_max=9.5011964184e-05 vm_max=598373013.693 laser_center=[ 0.02142857 -0.0025      0.01      ] laser_switch=1 effective_power=30.225 vtk=
global_step=1200 mode=scan layer=10/13 highest_printed_layer=10 hatch=1/4 scan=4/8 front_z=0.01 active_window_cells=62220/109200 printed_cells=62220/109200 cooling_only_cells=0/109200 mechanics_current=1 mechanics_source_step=1200 T_min=347.05 T_max=1358.95421171 u_max=8.27521482779e-05 vm_max=635325558.506 laser_center=[ 0.03214286 -0.0025      0.01      ] laser_switch=1 effective_power=30.225 vtk=/home/user/work/output/amb_l0_20260731T092534Z/step_001200_scan.vtu
global_step=1201 mode=scan layer=10/13 highest_printed_layer=10 hatch=1/4 scan=5/8 front_z=0.01 active_window_cells=62220/109200 printed_cells=62220/109200 cooling_only_cells=0/109200 mechanics_current=0 mechanics_source_step=1200 T_min=347.05 T_max=1357.10049398 u_max=8.27521482779e-05 vm_max=635325558.506 laser_center=[ 0.04285714 -0.0025      0.01      ] laser_switch=1 effective_power=30.225 vtk=
global_step=1202 mode=scan layer=10/13 highest_printed_layer=10 hatch=1/4 scan=6/8 front_z=0.01 active_window_cells=62220/109200 printed_cells=62220/109200 cooling_only_cells=0/109200 mechanics_current=0 mechanics_source_step=1200 T_min=347.05 T_max=1363.0650487 u_max=8.27521482779e-05 vm_max=635325558.506 laser_center=[ 0.05357143 -0.0025      0.01      ] laser_switch=1 effective_power=30.225 vtk=
global_step=1203 mode=scan layer=10/13 highest_printed_layer=10 hatch=1/4 scan=7/8 front_z=0.01 active_window_cells=62220/109200 printed_cells=62220/109200 cooling_only_cells=0/109200 mechanics_current=0 mechanics_source_step=1200 T_min=347.05 T_max=1342.53115965 u_max=8.27521482779e-05 vm_max=635325558.506 laser_center=[ 0.06428571 -0.0025      0.01      ] laser_switch=1 effective_power=30.225 vtk=
global_step=1204 mode=scan layer=10/13 highest_printed_layer=10 hatch=1/4 scan=8/8 front_z=0.01 active_window_cells=62220/109200 printed_cells=62220/109200 cooling_only_cells=0/109200 mechanics_current=0 mechanics_source_step=1200 T_min=347.05 T_max=2148.37276727 u_max=8.27521482779e-05 vm_max=635325558.506 laser_center=[ 0.075  -0.0025  0.01  ] laser_switch=1 effective_power=30.225 vtk=
global_step=1205 mode=scan layer=10/13 highest_printed_layer=10 hatch=2/4 scan=1/8 front_z=0.01 active_window_cells=62220/109200 printed_cells=62220/109200 cooling_only_cells=0/109200 mechanics_current=0 mechanics_source_step=1200 T_min=347.05 T_max=1485.52242649 u_max=8.27521482779e-05 vm_max=635325558.506 laser_center=[ 0.075      -0.00083333  0.01      ] laser_switch=1 effective_power=30.225 vtk=
global_step=1206 mode=scan layer=10/13 highest_printed_layer=10 hatch=2/4 scan=2/8 front_z=0.01 active_window_cells=62220/109200 printed_cells=62220/109200 cooling_only_cells=0/109200 mechanics_current=0 mechanics_source_step=1200 T_min=347.05 T_max=752.763882232 u_max=8.27521482779e-05 vm_max=635325558.506 laser_center=[ 0.06428571 -0.00083333  0.01      ] laser_switch=1 effective_power=30.225 vtk=
global_step=1207 mode=scan layer=10/13 highest_printed_layer=10 hatch=2/4 scan=3/8 front_z=0.01 active_window_cells=62220/109200 printed_cells=62220/109200 cooling_only_cells=0/109200 mechanics_current=0 mechanics_source_step=1200 T_min=347.05 T_max=758.86225569 u_max=8.27521482779e-05 vm_max=635325558.506 laser_center=[ 0.05357143 -0.00083333  0.01      ] laser_switch=1 effective_power=30.225 vtk=
global_step=1208 mode=scan layer=10/13 highest_printed_layer=10 hatch=2/4 scan=4/8 front_z=0.01 active_window_cells=62220/109200 printed_cells=62220/109200 cooling_only_cells=0/109200 mechanics_current=0 mechanics_source_step=1200 T_min=347.05 T_max=753.507110541 u_max=8.27521482779e-05 vm_max=635325558.506 laser_center=[ 0.04285714 -0.00083333  0.01      ] laser_switch=1 effective_power=30.225 vtk=
global_step=1209 mode=scan layer=10/13 highest_printed_layer=10 hatch=2/4 scan=5/8 front_z=0.01 active_window_cells=62220/109200 printed_cells=62220/109200 cooling_only_cells=0/109200 mechanics_current=0 mechanics_source_step=1200 T_min=347.05 T_max=751.684751737 u_max=8.27521482779e-05 vm_max=635325558.506 laser_center=[ 0.03214286 -0.00083333  0.01      ] laser_switch=1 effective_power=30.225 vtk=
global_step=1210 mode=scan layer=10/13 highest_printed_layer=10 hatch=2/4 scan=6/8 front_z=0.01 active_window_cells=62220/109200 printed_cells=62220/109200 cooling_only_cells=0/109200 mechanics_current=0 mechanics_source_step=1200 T_min=347.05 T_max=755.71536367 u_max=8.27521482779e-05 vm_max=635325558.506 laser_center=[ 0.02142857 -0.00083333  0.01      ] laser_switch=1 effective_power=30.225 vtk=
global_step=1211 mode=scan layer=10/13 highest_printed_layer=10 hatch=2/4 scan=7/8 front_z=0.01 active_window_cells=62220/109200 printed_cells=62220/109200 cooling_only_cells=0/109200 mechanics_current=0 mechanics_source_step=1200 T_min=347.05 T_max=751.29215628 u_max=8.27521482779e-05 vm_max=635325558.506 laser_center=[ 0.01071429 -0.00083333  0.01      ] laser_switch=1 effective_power=30.225 vtk=
global_step=1212 mode=scan layer=10/13 highest_printed_layer=10 hatch=2/4 scan=8/8 front_z=0.01 active_window_cells=62220/109200 printed_cells=62220/109200 cooling_only_cells=0/109200 mechanics_current=0 mechanics_source_step=1200 T_min=347.05 T_max=1419.08972163 u_max=8.27521482779e-05 vm_max=635325558.506 laser_center=[ 0.         -0.00083333  0.01      ] laser_switch=1 effective_power=30.225 vtk=
global_step=1213 mode=scan layer=10/13 highest_printed_layer=10 hatch=3/4 scan=1/8 front_z=0.01 active_window_cells=62220/109200 printed_cells=62220/109200 cooling_only_cells=0/109200 mechanics_current=0 mechanics_source_step=1200 T_min=347.05 T_max=1264.59693032 u_max=8.27521482779e-05 vm_max=635325558.506 laser_center=[0.         0.00083333 0.01      ] laser_switch=1 effective_power=30.225 vtk=
global_step=1214 mode=scan layer=10/13 highest_printed_layer=10 hatch=3/4 scan=2/8 front_z=0.01 active_window_cells=62220/109200 printed_cells=62220/109200 cooling_only_cells=0/109200 mechanics_current=0 mechanics_source_step=1200 T_min=347.05 T_max=771.206577005 u_max=8.27521482779e-05 vm_max=635325558.506 laser_center=[0.01071429 0.00083333 0.01      ] laser_switch=1 effective_power=30.225 vtk=
global_step=1215 mode=scan layer=10/13 highest_printed_layer=10 hatch=3/4 scan=3/8 front_z=0.01 active_window_cells=62220/109200 printed_cells=62220/109200 cooling_only_cells=0/109200 mechanics_current=0 mechanics_source_step=1200 T_min=347.05 T_max=765.75163769 u_max=8.27521482779e-05 vm_max=635325558.506 laser_center=[0.02142857 0.00083333 0.01      ] laser_switch=1 effective_power=30.225 vtk=
global_step=1216 mode=scan layer=10/13 highest_printed_layer=10 hatch=3/4 scan=4/8 front_z=0.01 active_window_cells=62220/109200 printed_cells=62220/109200 cooling_only_cells=0/109200 mechanics_current=1 mechanics_source_step=1216 T_min=347.05 T_max=756.867985431 u_max=7.9485868906e-05 vm_max=624079389.713 laser_center=[0.03214286 0.00083333 0.01      ] laser_switch=1 effective_power=30.225 vtk=/home/user/work/output/amb_l0_20260731T092534Z/step_001216_scan.vtu
global_step=1217 mode=scan layer=10/13 highest_printed_layer=10 hatch=3/4 scan=5/8 front_z=0.01 active_window_cells=62220/109200 printed_cells=62220/109200 cooling_only_cells=0/109200 mechanics_current=0 mechanics_source_step=1216 T_min=347.05 T_max=751.644323562 u_max=7.9485868906e-05 vm_max=624079389.713 laser_center=[0.04285714 0.00083333 0.01      ] laser_switch=1 effective_power=30.225 vtk=
global_step=1218 mode=scan layer=10/13 highest_printed_layer=10 hatch=3/4 scan=6/8 front_z=0.01 active_window_cells=62220/109200 printed_cells=62220/109200 cooling_only_cells=0/109200 mechanics_current=0 mechanics_source_step=1216 T_min=347.05 T_max=752.581696352 u_max=7.9485868906e-05 vm_max=624079389.713 laser_center=[0.05357143 0.00083333 0.01      ] laser_switch=1 effective_power=30.225 vtk=
global_step=1219 mode=scan layer=10/13 highest_printed_layer=10 hatch=3/4 scan=7/8 front_z=0.01 active_window_cells=62220/109200 printed_cells=62220/109200 cooling_only_cells=0/109200 mechanics_current=0 mechanics_source_step=1216 T_min=347.05 T_max=735.937429492 u_max=7.9485868906e-05 vm_max=624079389.713 laser_center=[0.06428571 0.00083333 0.01      ] laser_switch=1 effective_power=30.225 vtk=
global_step=1220 mode=scan layer=10/13 highest_printed_layer=10 hatch=3/4 scan=8/8 front_z=0.01 active_window_cells=62220/109200 printed_cells=62220/109200 cooling_only_cells=0/109200 mechanics_current=0 mechanics_source_step=1216 T_min=347.05 T_max=1619.51311518 u_max=7.9485868906e-05 vm_max=624079389.713 laser_center=[0.075      0.00083333 0.01      ] laser_switch=1 effective_power=30.225 vtk=
global_step=1221 mode=scan layer=10/13 highest_printed_layer=10 hatch=4/4 scan=1/8 front_z=0.01 active_window_cells=62220/109200 printed_cells=62220/109200 cooling_only_cells=0/109200 mechanics_current=0 mechanics_source_step=1216 T_min=347.05 T_max=1826.9745675 u_max=7.9485868906e-05 vm_max=624079389.713 laser_center=[0.075  0.0025 0.01  ] laser_switch=1 effective_power=30.225 vtk=
global_step=1222 mode=scan layer=10/13 highest_printed_layer=10 hatch=4/4 scan=2/8 front_z=0.01 active_window_cells=62220/109200 printed_cells=62220/109200 cooling_only_cells=0/109200 mechanics_current=0 mechanics_source_step=1216 T_min=347.05 T_max=1324.82203781 u_max=7.9485868906e-05 vm_max=624079389.713 laser_center=[0.06428571 0.0025     0.01      ] laser_switch=1 effective_power=30.225 vtk=
global_step=1223 mode=scan layer=10/13 highest_printed_layer=10 hatch=4/4 scan=3/8 front_z=0.01 active_window_cells=62220/109200 printed_cells=62220/109200 cooling_only_cells=0/109200 mechanics_current=0 mechanics_source_step=1216 T_min=347.05 T_max=1355.15171512 u_max=7.9485868906e-05 vm_max=624079389.713 laser_center=[0.05357143 0.0025     0.01      ] laser_switch=1 effective_power=30.225 vtk=
global_step=1224 mode=scan layer=10/13 highest_printed_layer=10 hatch=4/4 scan=4/8 front_z=0.01 active_window_cells=62220/109200 printed_cells=62220/109200 cooling_only_cells=0/109200 mechanics_current=0 mechanics_source_step=1216 T_min=347.05 T_max=1355.04909814 u_max=7.9485868906e-05 vm_max=624079389.713 laser_center=[0.04285714 0.0025     0.01      ] laser_switch=1 effective_power=30.225 vtk=
global_step=1225 mode=scan layer=10/13 highest_printed_layer=10 hatch=4/4 scan=5/8 front_z=0.01 active_window_cells=62220/109200 printed_cells=62220/109200 cooling_only_cells=0/109200 mechanics_current=0 mechanics_source_step=1216 T_min=347.05 T_max=1358.81501623 u_max=7.9485868906e-05 vm_max=624079389.713 laser_center=[0.03214286 0.0025     0.01      ] laser_switch=1 effective_power=30.225 vtk=
global_step=1226 mode=scan layer=10/13 highest_printed_layer=10 hatch=4/4 scan=6/8 front_z=0.01 active_window_cells=62220/109200 printed_cells=62220/109200 cooling_only_cells=0/109200 mechanics_current=0 mechanics_source_step=1216 T_min=347.05 T_max=1367.75894178 u_max=7.9485868906e-05 vm_max=624079389.713 laser_center=[0.02142857 0.0025     0.01      ] laser_switch=1 effective_power=30.225 vtk=
global_step=1227 mode=scan layer=10/13 highest_printed_layer=10 hatch=4/4 scan=7/8 front_z=0.01 active_window_cells=62220/109200 printed_cells=62220/109200 cooling_only_cells=0/109200 mechanics_current=0 mechanics_source_step=1216 T_min=347.05 T_max=1357.00619273 u_max=7.9485868906e-05 vm_max=624079389.713 laser_center=[0.01071429 0.0025     0.01      ] laser_switch=1 effective_power=30.225 vtk=
global_step=1228 mode=scan layer=10/13 highest_printed_layer=10 hatch=4/4 scan=8/8 front_z=0.01 active_window_cells=62220/109200 printed_cells=62220/109200 cooling_only_cells=0/109200 mechanics_current=0 mechanics_source_step=1216 T_min=347.05 T_max=1584.51745828 u_max=7.9485868906e-05 vm_max=624079389.713 laser_center=[0.     0.0025 0.01  ] laser_switch=1 effective_power=30.225 vtk=
global_step=1229 mode=layer_dwell layer=10/13 highest_printed_layer=10 hatch=4/4 scan=8/8 front_z=0.01 active_window_cells=62220/109200 printed_cells=62220/109200 cooling_only_cells=0/109200 mechanics_current=0 mechanics_source_step=1216 T_min=347.05 T_max=565.584090102 u_max=7.9485868906e-05 vm_max=624079389.713 laser_center=[0.     0.0025 0.01  ] laser_switch=0 effective_power=0 vtk=
global_step=1230 mode=layer_dwell layer=10/13 highest_printed_layer=10 hatch=4/4 scan=8/8 front_z=0.01 active_window_cells=62220/109200 printed_cells=62220/109200 cooling_only_cells=0/109200 mechanics_current=0 mechanics_source_step=1216 T_min=347.05 T_max=458.393448121 u_max=7.9485868906e-05 vm_max=624079389.713 laser_center=[0.     0.0025 0.01  ] laser_switch=0 effective_power=0 vtk=
global_step=1231 mode=layer_dwell layer=10/13 highest_printed_layer=10 hatch=4/4 scan=8/8 front_z=0.01 active_window_cells=62220/109200 printed_cells=62220/109200 cooling_only_cells=0/109200 mechanics_current=0 mechanics_source_step=1216 T_min=347.05 T_max=425.146393929 u_max=7.9485868906e-05 vm_max=624079389.713 laser_center=[0.     0.0025 0.01  ] laser_switch=0 effective_power=0 vtk=
global_step=1232 mode=layer_dwell layer=10/13 highest_printed_layer=10 hatch=4/4 scan=8/8 front_z=0.01 active_window_cells=62220/109200 printed_cells=62220/109200 cooling_only_cells=0/109200 mechanics_current=1 mechanics_source_step=1232 T_min=347.05 T_max=410.588670542 u_max=7.92321483224e-05 vm_max=629029595.933 laser_center=[0.     0.0025 0.01  ] laser_switch=0 effective_power=0 vtk=/home/user/work/output/amb_l0_20260731T092534Z/step_001232_layer_dwell.vtu
global_step=1233 mode=layer_dwell layer=10/13 highest_printed_layer=10 hatch=4/4 scan=8/8 front_z=0.01 active_window_cells=62220/109200 printed_cells=62220/109200 cooling_only_cells=0/109200 mechanics_current=0 mechanics_source_step=1232 T_min=347.05 T_max=399.76383722 u_max=7.92321483224e-05 vm_max=629029595.933 laser_center=[0.     0.0025 0.01  ] laser_switch=0 effective_power=0 vtk=
global_step=1234 mode=layer_dwell layer=10/13 highest_printed_layer=10 hatch=4/4 scan=8/8 front_z=0.01 active_window_cells=62220/109200 printed_cells=62220/109200 cooling_only_cells=0/109200 mechanics_current=0 mechanics_source_step=1232 T_min=347.05 T_max=390.644337078 u_max=7.92321483224e-05 vm_max=629029595.933 laser_center=[0.     0.0025 0.01  ] laser_switch=0 effective_power=0 vtk=
global_step=1235 mode=layer_dwell layer=10/13 highest_printed_layer=10 hatch=4/4 scan=8/8 front_z=0.01 active_window_cells=62220/109200 printed_cells=62220/109200 cooling_only_cells=0/109200 mechanics_current=0 mechanics_source_step=1232 T_min=347.05 T_max=383.110704767 u_max=7.92321483224e-05 vm_max=629029595.933 laser_center=[0.     0.0025 0.01  ] laser_switch=0 effective_power=0 vtk=
global_step=1236 mode=layer_dwell layer=10/13 highest_printed_layer=10 hatch=4/4 scan=8/8 front_z=0.01 active_window_cells=62220/109200 printed_cells=62220/109200 cooling_only_cells=0/109200 mechanics_current=0 mechanics_source_step=1232 T_min=347.05 T_max=376.917168366 u_max=7.92321483224e-05 vm_max=629029595.933 laser_center=[0.     0.0025 0.01  ] laser_switch=0 effective_power=0 vtk=
global_step=1237 mode=layer_dwell layer=10/13 highest_printed_layer=10 hatch=4/4 scan=8/8 front_z=0.01 active_window_cells=62220/109200 printed_cells=62220/109200 cooling_only_cells=0/109200 mechanics_current=0 mechanics_source_step=1232 T_min=347.05 T_max=371.828612623 u_max=7.92321483224e-05 vm_max=629029595.933 laser_center=[0.     0.0025 0.01  ] laser_switch=0 effective_power=0 vtk=
global_step=1238 mode=layer_dwell layer=10/13 highest_printed_layer=10 hatch=4/4 scan=8/8 front_z=0.01 active_window_cells=62220/109200 printed_cells=62220/109200 cooling_only_cells=0/109200 mechanics_current=0 mechanics_source_step=1232 T_min=347.05 T_max=367.641443796 u_max=7.92321483224e-05 vm_max=629029595.933 laser_center=[0.     0.0025 0.01  ] laser_switch=0 effective_power=0 vtk=
global_step=1239 mode=layer_dwell layer=10/13 highest_printed_layer=10 hatch=4/4 scan=8/8 front_z=0.01 active_window_cells=62220/109200 printed_cells=62220/109200 cooling_only_cells=0/109200 mechanics_current=0 mechanics_source_step=1232 T_min=347.05 T_max=364.19968437 u_max=7.92321483224e-05 vm_max=629029595.933 laser_center=[0.     0.0025 0.01  ] laser_switch=0 effective_power=0 vtk=
global_step=1240 mode=layer_dwell layer=10/13 highest_printed_layer=10 hatch=4/4 scan=8/8 front_z=0.01 active_window_cells=62220/109200 printed_cells=62220/109200 cooling_only_cells=0/109200 mechanics_current=0 mechanics_source_step=1232 T_min=347.05 T_max=361.380582565 u_max=7.92321483224e-05 vm_max=629029595.933 laser_center=[0.     0.0025 0.01  ] laser_switch=0 effective_power=0 vtk=
global_step=1241 mode=layer_dwell layer=10/13 highest_printed_layer=10 hatch=4/4 scan=8/8 front_z=0.01 active_window_cells=62220/109200 printed_cells=62220/109200 cooling_only_cells=0/109200 mechanics_current=0 mechanics_source_step=1232 T_min=347.05 T_max=359.086370251 u_max=7.92321483224e-05 vm_max=629029595.933 laser_center=[0.     0.0025 0.01  ] laser_switch=0 effective_power=0 vtk=
global_step=1242 mode=layer_dwell layer=10/13 highest_printed_layer=10 hatch=4/4 scan=8/8 front_z=0.01 active_window_cells=62220/109200 printed_cells=62220/109200 cooling_only_cells=0/109200 mechanics_current=0 mechanics_source_step=1232 T_min=347.05 T_max=357.23059402 u_max=7.92321483224e-05 vm_max=629029595.933 laser_center=[0.     0.0025 0.01  ] laser_switch=0 effective_power=0 vtk=
global_step=1243 mode=layer_dwell layer=10/13 highest_printed_layer=10 hatch=4/4 scan=8/8 front_z=0.01 active_window_cells=62220/109200 printed_cells=62220/109200 cooling_only_cells=0/109200 mechanics_current=0 mechanics_source_step=1232 T_min=347.05 T_max=355.726183352 u_max=7.92321483224e-05 vm_max=629029595.933 laser_center=[0.     0.0025 0.01  ] laser_switch=0 effective_power=0 vtk=
global_step=1244 mode=layer_dwell layer=10/13 highest_printed_layer=10 hatch=4/4 scan=8/8 front_z=0.01 active_window_cells=62220/109200 printed_cells=62220/109200 cooling_only_cells=0/109200 mechanics_current=0 mechanics_source_step=1232 T_min=347.05 T_max=354.498625488 u_max=7.92321483224e-05 vm_max=629029595.933 laser_center=[0.     0.0025 0.01  ] laser_switch=0 effective_power=0 vtk=
global_step=1245 mode=layer_dwell layer=10/13 highest_printed_layer=10 hatch=4/4 scan=8/8 front_z=0.01 active_window_cells=62220/109200 printed_cells=62220/109200 cooling_only_cells=0/109200 mechanics_current=0 mechanics_source_step=1232 T_min=347.05 T_max=353.488654177 u_max=7.92321483224e-05 vm_max=629029595.933 laser_center=[0.     0.0025 0.01  ] laser_switch=0 effective_power=0 vtk=
global_step=1246 mode=layer_dwell layer=10/13 highest_printed_layer=10 hatch=4/4 scan=8/8 front_z=0.01 active_window_cells=62220/109200 printed_cells=62220/109200 cooling_only_cells=0/109200 mechanics_current=0 mechanics_source_step=1232 T_min=347.05 T_max=352.651391302 u_max=7.92321483224e-05 vm_max=629029595.933 laser_center=[0.     0.0025 0.01  ] laser_switch=0 effective_power=0 vtk=
global_step=1247 mode=layer_dwell layer=10/13 highest_printed_layer=10 hatch=4/4 scan=8/8 front_z=0.01 active_window_cells=62220/109200 printed_cells=62220/109200 cooling_only_cells=0/109200 mechanics_current=0 mechanics_source_step=1232 T_min=347.05 T_max=351.949965915 u_max=7.92321483224e-05 vm_max=629029595.933 laser_center=[0.     0.0025 0.01  ] laser_switch=0 effective_power=0 vtk=
global_step=1248 mode=layer_dwell layer=10/13 highest_printed_layer=10 hatch=4/4 scan=8/8 front_z=0.01 active_window_cells=62220/109200 printed_cells=62220/109200 cooling_only_cells=0/109200 mechanics_current=1 mechanics_source_step=1248 T_min=347.05 T_max=351.362084711 u_max=8.54470773198e-05 vm_max=646469294.063 laser_center=[0.     0.0025 0.01  ] laser_switch=0 effective_power=0 vtk=/home/user/work/output/amb_l0_20260731T092534Z/step_001248_layer_dwell.vtu
global_step=1249 mode=layer_dwell layer=10/13 highest_printed_layer=10 hatch=4/4 scan=8/8 front_z=0.01 active_window_cells=62220/109200 printed_cells=62220/109200 cooling_only_cells=0/109200 mechanics_current=0 mechanics_source_step=1248 T_min=347.05 T_max=350.862008329 u_max=8.54470773198e-05 vm_max=646469294.063 laser_center=[0.     0.0025 0.01  ] laser_switch=0 effective_power=0 vtk=
global_step=1250 mode=layer_dwell layer=10/13 highest_printed_layer=10 hatch=4/4 scan=8/8 front_z=0.01 active_window_cells=62220/109200 printed_cells=62220/109200 cooling_only_cells=0/109200 mechanics_current=0 mechanics_source_step=1248 T_min=347.05 T_max=350.436709107 u_max=8.54470773198e-05 vm_max=646469294.063 laser_center=[0.     0.0025 0.01  ] laser_switch=0 effective_power=0 vtk=
global_step=1251 mode=layer_dwell layer=10/13 highest_printed_layer=10 hatch=4/4 scan=8/8 front_z=0.01 active_window_cells=62220/109200 printed_cells=62220/109200 cooling_only_cells=0/109200 mechanics_current=0 mechanics_source_step=1248 T_min=347.05 T_max=350.070985274 u_max=8.54470773198e-05 vm_max=646469294.063 laser_center=[0.     0.0025 0.01  ] laser_switch=0 effective_power=0 vtk=
global_step=1252 mode=layer_dwell layer=10/13 highest_printed_layer=10 hatch=4/4 scan=8/8 front_z=0.01 active_window_cells=62220/109200 printed_cells=62220/109200 cooling_only_cells=0/109200 mechanics_current=0 mechanics_source_step=1248 T_min=347.05 T_max=349.75545171 u_max=8.54470773198e-05 vm_max=646469294.063 laser_center=[0.     0.0025 0.01  ] laser_switch=0 effective_power=0 vtk=
global_step=1253 mode=layer_dwell layer=10/13 highest_printed_layer=10 hatch=4/4 scan=8/8 front_z=0.01 active_window_cells=62220/109200 printed_cells=62220/109200 cooling_only_cells=0/109200 mechanics_current=0 mechanics_source_step=1248 T_min=347.05 T_max=349.474077343 u_max=8.54470773198e-05 vm_max=646469294.063 laser_center=[0.     0.0025 0.01  ] laser_switch=0 effective_power=0 vtk=
global_step=1254 mode=layer_dwell layer=10/13 highest_printed_layer=10 hatch=4/4 scan=8/8 front_z=0.01 active_window_cells=62220/109200 printed_cells=62220/109200 cooling_only_cells=0/109200 mechanics_current=0 mechanics_source_step=1248 T_min=347.05 T_max=349.219297283 u_max=8.54470773198e-05 vm_max=646469294.063 laser_center=[0.     0.0025 0.01  ] laser_switch=0 effective_power=0 vtk=
global_step=1255 mode=layer_dwell layer=10/13 highest_printed_layer=10 hatch=4/4 scan=8/8 front_z=0.01 active_window_cells=62220/109200 printed_cells=62220/109200 cooling_only_cells=0/109200 mechanics_current=0 mechanics_source_step=1248 T_min=347.05 T_max=348.989148902 u_max=8.54470773198e-05 vm_max=646469294.063 laser_center=[0.     0.0025 0.01  ] laser_switch=0 effective_power=0 vtk=
global_step=1256 mode=layer_dwell layer=10/13 highest_printed_layer=10 hatch=4/4 scan=8/8 front_z=0.01 active_window_cells=62220/109200 printed_cells=62220/109200 cooling_only_cells=0/109200 mechanics_current=0 mechanics_source_step=1248 T_min=347.05 T_max=348.781686333 u_max=8.54470773198e-05 vm_max=646469294.063 laser_center=[0.     0.0025 0.01  ] laser_switch=0 effective_power=0 vtk=
global_step=1257 mode=layer_dwell layer=10/13 highest_printed_layer=10 hatch=4/4 scan=8/8 front_z=0.01 active_window_cells=62220/109200 printed_cells=62220/109200 cooling_only_cells=0/109200 mechanics_current=0 mechanics_source_step=1248 T_min=347.05 T_max=348.595019162 u_max=8.54470773198e-05 vm_max=646469294.063 laser_center=[0.     0.0025 0.01  ] laser_switch=0 effective_power=0 vtk=
global_step=1258 mode=layer_dwell layer=10/13 highest_printed_layer=10 hatch=4/4 scan=8/8 front_z=0.01 active_window_cells=62220/109200 printed_cells=62220/109200 cooling_only_cells=0/109200 mechanics_current=0 mechanics_source_step=1248 T_min=347.05 T_max=348.427338525 u_max=8.54470773198e-05 vm_max=646469294.063 laser_center=[0.     0.0025 0.01  ] laser_switch=0 effective_power=0 vtk=
global_step=1259 mode=layer_dwell layer=10/13 highest_printed_layer=10 hatch=4/4 scan=8/8 front_z=0.01 active_window_cells=62220/109200 printed_cells=62220/109200 cooling_only_cells=0/109200 mechanics_current=0 mechanics_source_step=1248 T_min=347.05 T_max=348.276933749 u_max=8.54470773198e-05 vm_max=646469294.063 laser_center=[0.     0.0025 0.01  ] laser_switch=0 effective_power=0 vtk=
global_step=1260 mode=layer_dwell layer=10/13 highest_printed_layer=10 hatch=4/4 scan=8/8 front_z=0.01 active_window_cells=62220/109200 printed_cells=62220/109200 cooling_only_cells=0/109200 mechanics_current=0 mechanics_source_step=1248 T_min=347.05 T_max=348.142201964 u_max=8.54470773198e-05 vm_max=646469294.063 laser_center=[0.     0.0025 0.01  ] laser_switch=0 effective_power=0 vtk=
global_step=1261 mode=layer_dwell layer=10/13 highest_printed_layer=10 hatch=4/4 scan=8/8 front_z=0.01 active_window_cells=62220/109200 printed_cells=62220/109200 cooling_only_cells=0/109200 mechanics_current=0 mechanics_source_step=1248 T_min=347.05 T_max=348.021652527 u_max=8.54470773198e-05 vm_max=646469294.063 laser_center=[0.     0.0025 0.01  ] laser_switch=0 effective_power=0 vtk=
global_step=1262 mode=layer_dwell layer=10/13 highest_printed_layer=10 hatch=4/4 scan=8/8 front_z=0.01 active_window_cells=62220/109200 printed_cells=62220/109200 cooling_only_cells=0/109200 mechanics_current=0 mechanics_source_step=1248 T_min=347.05 T_max=347.913907692 u_max=8.54470773198e-05 vm_max=646469294.063 laser_center=[0.     0.0025 0.01  ] laser_switch=0 effective_power=0 vtk=
global_step=1263 mode=layer_dwell layer=10/13 highest_printed_layer=10 hatch=4/4 scan=8/8 front_z=0.01 active_window_cells=62220/109200 printed_cells=62220/109200 cooling_only_cells=0/109200 mechanics_current=0 mechanics_source_step=1248 T_min=347.05 T_max=347.817700598 u_max=8.54470773198e-05 vm_max=646469294.063 laser_center=[0.     0.0025 0.01  ] laser_switch=0 effective_power=0 vtk=
global_step=1264 mode=layer_dwell layer=10/13 highest_printed_layer=10 hatch=4/4 scan=8/8 front_z=0.01 active_window_cells=62220/109200 printed_cells=62220/109200 cooling_only_cells=0/109200 mechanics_current=1 mechanics_source_step=1264 T_min=347.05 T_max=347.731871399 u_max=8.58831520215e-05 vm_max=646991742.525 laser_center=[0.     0.0025 0.01  ] laser_switch=0 effective_power=0 vtk=/home/user/work/output/amb_l0_20260731T092534Z/step_001264_layer_dwell.vtu
global_step=1265 mode=layer_dwell layer=10/13 highest_printed_layer=10 hatch=4/4 scan=8/8 front_z=0.01 active_window_cells=62220/109200 printed_cells=62220/109200 cooling_only_cells=0/109200 mechanics_current=0 mechanics_source_step=1264 T_min=347.05 T_max=347.655362166 u_max=8.58831520215e-05 vm_max=646991742.525 laser_center=[0.     0.0025 0.01  ] laser_switch=0 effective_power=0 vtk=
global_step=1266 mode=layer_dwell layer=10/13 highest_printed_layer=10 hatch=4/4 scan=8/8 front_z=0.01 active_window_cells=62220/109200 printed_cells=62220/109200 cooling_only_cells=0/109200 mechanics_current=0 mechanics_source_step=1264 T_min=347.05 T_max=347.587211016 u_max=8.58831520215e-05 vm_max=646991742.525 laser_center=[0.     0.0025 0.01  ] laser_switch=0 effective_power=0 vtk=
global_step=1267 mode=layer_dwell layer=10/13 highest_printed_layer=10 hatch=4/4 scan=8/8 front_z=0.01 active_window_cells=62220/109200 printed_cells=62220/109200 cooling_only_cells=0/109200 mechanics_current=0 mechanics_source_step=1264 T_min=347.05 T_max=347.52654583 u_max=8.58831520215e-05 vm_max=646991742.525 laser_center=[0.     0.0025 0.01  ] laser_switch=0 effective_power=0 vtk=
global_step=1268 mode=layer_dwell layer=10/13 highest_printed_layer=10 hatch=4/4 scan=8/8 front_z=0.01 active_window_cells=62220/109200 printed_cells=62220/109200 cooling_only_cells=0/109200 mechanics_current=0 mechanics_source_step=1264 T_min=347.05 T_max=347.472577799 u_max=8.58831520215e-05 vm_max=646991742.525 laser_center=[0.     0.0025 0.01  ] laser_switch=0 effective_power=0 vtk=
global_step=1269 mode=layer_dwell layer=10/13 highest_printed_layer=10 hatch=4/4 scan=8/8 front_z=0.01 active_window_cells=62220/109200 printed_cells=62220/109200 cooling_only_cells=0/109200 mechanics_current=0 mechanics_source_step=1264 T_min=347.05 T_max=347.424595004 u_max=8.58831520215e-05 vm_max=646991742.525 laser_center=[0.     0.0025 0.01  ] laser_switch=0 effective_power=0 vtk=
global_step=1270 mode=layer_dwell layer=10/13 highest_printed_layer=10 hatch=4/4 scan=8/8 front_z=0.01 active_window_cells=62220/109200 printed_cells=62220/109200 cooling_only_cells=0/109200 mechanics_current=0 mechanics_source_step=1264 T_min=347.05 T_max=347.381956143 u_max=8.58831520215e-05 vm_max=646991742.525 laser_center=[0.     0.0025 0.01  ] laser_switch=0 effective_power=0 vtk=
global_step=1271 mode=layer_dwell layer=10/13 highest_printed_layer=10 hatch=4/4 scan=8/8 front_z=0.01 active_window_cells=62220/109200 printed_cells=62220/109200 cooling_only_cells=0/109200 mechanics_current=0 mechanics_source_step=1264 T_min=347.05 T_max=347.34408451 u_max=8.58831520215e-05 vm_max=646991742.525 laser_center=[0.     0.0025 0.01  ] laser_switch=0 effective_power=0 vtk=
global_step=1272 mode=layer_dwell layer=10/13 highest_printed_layer=10 hatch=4/4 scan=8/8 front_z=0.01 active_window_cells=62220/109200 printed_cells=62220/109200 cooling_only_cells=0/109200 mechanics_current=0 mechanics_source_step=1264 T_min=347.05 T_max=347.310462281 u_max=8.58831520215e-05 vm_max=646991742.525 laser_center=[0.     0.0025 0.01  ] laser_switch=0 effective_power=0 vtk=
global_step=1273 mode=layer_dwell layer=10/13 highest_printed_layer=10 hatch=4/4 scan=8/8 front_z=0.01 active_window_cells=62220/109200 printed_cells=62220/109200 cooling_only_cells=0/109200 mechanics_current=0 mechanics_source_step=1264 T_min=347.05 T_max=347.280625132 u_max=8.58831520215e-05 vm_max=646991742.525 laser_center=[0.     0.0025 0.01  ] laser_switch=0 effective_power=0 vtk=
global_step=1274 mode=layer_dwell layer=10/13 highest_printed_layer=10 hatch=4/4 scan=8/8 front_z=0.01 active_window_cells=62220/109200 printed_cells=62220/109200 cooling_only_cells=0/109200 mechanics_current=0 mechanics_source_step=1264 T_min=347.05 T_max=347.254157237 u_max=8.58831520215e-05 vm_max=646991742.525 laser_center=[0.     0.0025 0.01  ] laser_switch=0 effective_power=0 vtk=
global_step=1275 mode=layer_dwell layer=10/13 highest_printed_layer=10 hatch=4/4 scan=8/8 front_z=0.01 active_window_cells=62220/109200 printed_cells=62220/109200 cooling_only_cells=0/109200 mechanics_current=0 mechanics_source_step=1264 T_min=347.05 T_max=347.230686612 u_max=8.58831520215e-05 vm_max=646991742.525 laser_center=[0.     0.0025 0.01  ] laser_switch=0 effective_power=0 vtk=
global_step=1276 mode=layer_dwell layer=10/13 highest_printed_layer=10 hatch=4/4 scan=8/8 front_z=0.01 active_window_cells=62220/109200 printed_cells=62220/109200 cooling_only_cells=0/109200 mechanics_current=0 mechanics_source_step=1264 T_min=347.05 T_max=347.209880836 u_max=8.58831520215e-05 vm_max=646991742.525 laser_center=[0.     0.0025 0.01  ] laser_switch=0 effective_power=0 vtk=
global_step=1277 mode=layer_dwell layer=10/13 highest_printed_layer=10 hatch=4/4 scan=8/8 front_z=0.01 active_window_cells=62220/109200 printed_cells=62220/109200 cooling_only_cells=0/109200 mechanics_current=0 mechanics_source_step=1264 T_min=347.05 T_max=347.191443118 u_max=8.58831520215e-05 vm_max=646991742.525 laser_center=[0.     0.0025 0.01  ] laser_switch=0 effective_power=0 vtk=
global_step=1278 mode=layer_dwell layer=10/13 highest_printed_layer=10 hatch=4/4 scan=8/8 front_z=0.01 active_window_cells=62220/109200 printed_cells=62220/109200 cooling_only_cells=0/109200 mechanics_current=0 mechanics_source_step=1264 T_min=347.05 T_max=347.175108705 u_max=8.58831520215e-05 vm_max=646991742.525 laser_center=[0.     0.0025 0.01  ] laser_switch=0 effective_power=0 vtk=
global_step=1279 mode=layer_dwell layer=10/13 highest_printed_layer=10 hatch=4/4 scan=8/8 front_z=0.01 active_window_cells=62220/109200 printed_cells=62220/109200 cooling_only_cells=0/109200 mechanics_current=0 mechanics_source_step=1264 T_min=347.05 T_max=347.160641605 u_max=8.58831520215e-05 vm_max=646991742.525 laser_center=[0.     0.0025 0.01  ] laser_switch=0 effective_power=0 vtk=
global_step=1280 mode=layer_dwell layer=10/13 highest_printed_layer=10 hatch=4/4 scan=8/8 front_z=0.01 active_window_cells=62220/109200 printed_cells=62220/109200 cooling_only_cells=0/109200 mechanics_current=1 mechanics_source_step=1280 T_min=347.05 T_max=347.147831617 u_max=8.59178756384e-05 vm_max=647041013.623 laser_center=[0.     0.0025 0.01  ] laser_switch=0 effective_power=0 vtk=/home/user/work/output/amb_l0_20260731T092534Z/step_001280_layer_dwell.vtu
global_step=1281 mode=layer_dwell layer=10/13 highest_printed_layer=10 hatch=4/4 scan=8/8 front_z=0.01 active_window_cells=62220/109200 printed_cells=62220/109200 cooling_only_cells=0/109200 mechanics_current=0 mechanics_source_step=1280 T_min=347.05 T_max=347.136491632 u_max=8.59178756384e-05 vm_max=647041013.623 laser_center=[0.     0.0025 0.01  ] laser_switch=0 effective_power=0 vtk=
global_step=1282 mode=layer_dwell layer=10/13 highest_printed_layer=10 hatch=4/4 scan=8/8 front_z=0.01 active_window_cells=62220/109200 printed_cells=62220/109200 cooling_only_cells=0/109200 mechanics_current=0 mechanics_source_step=1280 T_min=347.05 T_max=347.1264552 u_max=8.59178756384e-05 vm_max=647041013.623 laser_center=[0.     0.0025 0.01  ] laser_switch=0 effective_power=0 vtk=
global_step=1283 mode=layer_dwell layer=10/13 highest_printed_layer=10 hatch=4/4 scan=8/8 front_z=0.01 active_window_cells=62220/109200 printed_cells=62220/109200 cooling_only_cells=0/109200 mechanics_current=0 mechanics_source_step=1280 T_min=347.05 T_max=347.117574329 u_max=8.59178756384e-05 vm_max=647041013.623 laser_center=[0.     0.0025 0.01  ] laser_switch=0 effective_power=0 vtk=
global_step=1284 mode=layer_dwell layer=10/13 highest_printed_layer=10 hatch=4/4 scan=8/8 front_z=0.01 active_window_cells=62220/109200 printed_cells=62220/109200 cooling_only_cells=0/109200 mechanics_current=0 mechanics_source_step=1280 T_min=347.05 T_max=347.109717511 u_max=8.59178756384e-05 vm_max=647041013.623 laser_center=[0.     0.0025 0.01  ] laser_switch=0 effective_power=0 vtk=
global_step=1285 mode=layer_dwell layer=10/13 highest_printed_layer=10 hatch=4/4 scan=8/8 front_z=0.01 active_window_cells=62220/109200 printed_cells=62220/109200 cooling_only_cells=0/109200 mechanics_current=0 mechanics_source_step=1280 T_min=347.05 T_max=347.102767938 u_max=8.59178756384e-05 vm_max=647041013.623 laser_center=[0.     0.0025 0.01  ] laser_switch=0 effective_power=0 vtk=
global_step=1286 mode=layer_dwell layer=10/13 highest_printed_layer=10 hatch=4/4 scan=8/8 front_z=0.01 active_window_cells=62220/109200 printed_cells=62220/109200 cooling_only_cells=0/109200 mechanics_current=0 mechanics_source_step=1280 T_min=347.05 T_max=347.096621907 u_max=8.59178756384e-05 vm_max=647041013.623 laser_center=[0.     0.0025 0.01  ] laser_switch=0 effective_power=0 vtk=
global_step=1287 mode=layer_dwell layer=10/13 highest_printed_layer=10 hatch=4/4 scan=8/8 front_z=0.01 active_window_cells=62220/109200 printed_cells=62220/109200 cooling_only_cells=0/109200 mechanics_current=0 mechanics_source_step=1280 T_min=347.05 T_max=347.091187389 u_max=8.59178756384e-05 vm_max=647041013.623 laser_center=[0.     0.0025 0.01  ] laser_switch=0 effective_power=0 vtk=
global_step=1288 mode=layer_dwell layer=10/13 highest_printed_layer=10 hatch=4/4 scan=8/8 front_z=0.01 active_window_cells=62220/109200 printed_cells=62220/109200 cooling_only_cells=0/109200 mechanics_current=0 mechanics_source_step=1280 T_min=347.05 T_max=347.086382742 u_max=8.59178756384e-05 vm_max=647041013.623 laser_center=[0.     0.0025 0.01  ] laser_switch=0 effective_power=0 vtk=
global_step=1289 mode=layer_dwell layer=10/13 highest_printed_layer=10 hatch=4/4 scan=8/8 front_z=0.01 active_window_cells=62220/109200 printed_cells=62220/109200 cooling_only_cells=0/109200 mechanics_current=0 mechanics_source_step=1280 T_min=347.05 T_max=347.082135571 u_max=8.59178756384e-05 vm_max=647041013.623 laser_center=[0.     0.0025 0.01  ] laser_switch=0 effective_power=0 vtk=
global_step=1290 mode=layer_dwell layer=10/13 highest_printed_layer=10 hatch=4/4 scan=8/8 front_z=0.01 active_window_cells=62220/109200 printed_cells=62220/109200 cooling_only_cells=0/109200 mechanics_current=0 mechanics_source_step=1280 T_min=347.05 T_max=347.078381696 u_max=8.59178756384e-05 vm_max=647041013.623 laser_center=[0.     0.0025 0.01  ] laser_switch=0 effective_power=0 vtk=
global_step=1291 mode=layer_dwell layer=10/13 highest_printed_layer=10 hatch=4/4 scan=8/8 front_z=0.01 active_window_cells=62220/109200 printed_cells=62220/109200 cooling_only_cells=0/109200 mechanics_current=0 mechanics_source_step=1280 T_min=347.05 T_max=347.075064241 u_max=8.59178756384e-05 vm_max=647041013.623 laser_center=[0.     0.0025 0.01  ] laser_switch=0 effective_power=0 vtk=
global_step=1292 mode=layer_dwell layer=10/13 highest_printed_layer=10 hatch=4/4 scan=8/8 front_z=0.01 active_window_cells=62220/109200 printed_cells=62220/109200 cooling_only_cells=0/109200 mechanics_current=0 mechanics_source_step=1280 T_min=347.05 T_max=347.072132819 u_max=8.59178756384e-05 vm_max=647041013.623 laser_center=[0.     0.0025 0.01  ] laser_switch=0 effective_power=0 vtk=
global_step=1293 mode=layer_dwell layer=10/13 highest_printed_layer=10 hatch=4/4 scan=8/8 front_z=0.01 active_window_cells=62220/109200 printed_cells=62220/109200 cooling_only_cells=0/109200 mechanics_current=0 mechanics_source_step=1280 T_min=347.05 T_max=347.069542798 u_max=8.59178756384e-05 vm_max=647041013.623 laser_center=[0.     0.0025 0.01  ] laser_switch=0 effective_power=0 vtk=
global_step=1294 mode=layer_dwell layer=10/13 highest_printed_layer=10 hatch=4/4 scan=8/8 front_z=0.01 active_window_cells=62220/109200 printed_cells=62220/109200 cooling_only_cells=0/109200 mechanics_current=0 mechanics_source_step=1280 T_min=347.05 T_max=347.06725466 u_max=8.59178756384e-05 vm_max=647041013.623 laser_center=[0.     0.0025 0.01  ] laser_switch=0 effective_power=0 vtk=
global_step=1295 mode=layer_dwell layer=10/13 highest_printed_layer=10 hatch=4/4 scan=8/8 front_z=0.01 active_window_cells=62220/109200 printed_cells=62220/109200 cooling_only_cells=0/109200 mechanics_current=0 mechanics_source_step=1280 T_min=347.05 T_max=347.065233419 u_max=8.59178756384e-05 vm_max=647041013.623 laser_center=[0.     0.0025 0.01  ] laser_switch=0 effective_power=0 vtk=
global_step=1296 mode=layer_dwell layer=10/13 highest_printed_layer=10 hatch=4/4 scan=8/8 front_z=0.01 active_window_cells=62220/109200 printed_cells=62220/109200 cooling_only_cells=0/109200 mechanics_current=1 mechanics_source_step=1296 T_min=347.05 T_max=347.06344811 u_max=8.59211975913e-05 vm_max=647046549.815 laser_center=[0.     0.0025 0.01  ] laser_switch=0 effective_power=0 vtk=/home/user/work/output/amb_l0_20260731T092534Z/step_001296_layer_dwell.vtu
global_step=1297 mode=layer_dwell layer=10/13 highest_printed_layer=10 hatch=4/4 scan=8/8 front_z=0.01 active_window_cells=62220/109200 printed_cells=62220/109200 cooling_only_cells=0/109200 mechanics_current=0 mechanics_source_step=1296 T_min=347.05 T_max=347.061871334 u_max=8.59211975913e-05 vm_max=647046549.815 laser_center=[0.     0.0025 0.01  ] laser_switch=0 effective_power=0 vtk=
global_step=1298 mode=layer_dwell layer=10/13 highest_printed_layer=10 hatch=4/4 scan=8/8 front_z=0.01 active_window_cells=62220/109200 printed_cells=62220/109200 cooling_only_cells=0/109200 mechanics_current=0 mechanics_source_step=1296 T_min=347.05 T_max=347.060478849 u_max=8.59211975913e-05 vm_max=647046549.815 laser_center=[0.     0.0025 0.01  ] laser_switch=0 effective_power=0 vtk=
global_step=1299 mode=layer_dwell layer=10/13 highest_printed_layer=10 hatch=4/4 scan=8/8 front_z=0.01 active_window_cells=62220/109200 printed_cells=62220/109200 cooling_only_cells=0/109200 mechanics_current=0 mechanics_source_step=1296 T_min=347.05 T_max=347.059249212 u_max=8.59211975913e-05 vm_max=647046549.815 laser_center=[0.     0.0025 0.01  ] laser_switch=0 effective_power=0 vtk=
global_step=1300 mode=layer_dwell layer=10/13 highest_printed_layer=10 hatch=4/4 scan=8/8 front_z=0.01 active_window_cells=62220/109200 printed_cells=62220/109200 cooling_only_cells=0/109200 mechanics_current=0 mechanics_source_step=1296 T_min=347.05 T_max=347.05816346 u_max=8.59211975913e-05 vm_max=647046549.815 laser_center=[0.     0.0025 0.01  ] laser_switch=0 effective_power=0 vtk=
global_step=1301 mode=layer_dwell layer=10/13 highest_printed_layer=10 hatch=4/4 scan=8/8 front_z=0.01 active_window_cells=62220/109200 printed_cells=62220/109200 cooling_only_cells=0/109200 mechanics_current=0 mechanics_source_step=1296 T_min=347.05 T_max=347.057204822 u_max=8.59211975913e-05 vm_max=647046549.815 laser_center=[0.     0.0025 0.01  ] laser_switch=0 effective_power=0 vtk=
global_step=1302 mode=layer_dwell layer=10/13 highest_printed_layer=10 hatch=4/4 scan=8/8 front_z=0.01 active_window_cells=62220/109200 printed_cells=62220/109200 cooling_only_cells=0/109200 mechanics_current=0 mechanics_source_step=1296 T_min=347.05 T_max=347.056358474 u_max=8.59211975913e-05 vm_max=647046549.815 laser_center=[0.     0.0025 0.01  ] laser_switch=0 effective_power=0 vtk=
global_step=1303 mode=layer_dwell layer=10/13 highest_printed_layer=10 hatch=4/4 scan=8/8 front_z=0.01 active_window_cells=62220/109200 printed_cells=62220/109200 cooling_only_cells=0/109200 mechanics_current=0 mechanics_source_step=1296 T_min=347.05 T_max=347.055611309 u_max=8.59211975913e-05 vm_max=647046549.815 laser_center=[0.     0.0025 0.01  ] laser_switch=0 effective_power=0 vtk=
global_step=1304 mode=layer_dwell layer=10/13 highest_printed_layer=10 hatch=4/4 scan=8/8 front_z=0.01 active_window_cells=62220/109200 printed_cells=62220/109200 cooling_only_cells=0/109200 mechanics_current=0 mechanics_source_step=1296 T_min=347.05 T_max=347.054951742 u_max=8.59211975913e-05 vm_max=647046549.815 laser_center=[0.     0.0025 0.01  ] laser_switch=0 effective_power=0 vtk=
global_step=1305 mode=layer_dwell layer=10/13 highest_printed_layer=10 hatch=4/4 scan=8/8 front_z=0.01 active_window_cells=62220/109200 printed_cells=62220/109200 cooling_only_cells=0/109200 mechanics_current=0 mechanics_source_step=1296 T_min=347.05 T_max=347.054369537 u_max=8.59211975913e-05 vm_max=647046549.815 laser_center=[0.     0.0025 0.01  ] laser_switch=0 effective_power=0 vtk=
global_step=1306 mode=layer_dwell layer=10/13 highest_printed_layer=10 hatch=4/4 scan=8/8 front_z=0.01 active_window_cells=62220/109200 printed_cells=62220/109200 cooling_only_cells=0/109200 mechanics_current=0 mechanics_source_step=1296 T_min=347.05 T_max=347.053855647 u_max=8.59211975913e-05 vm_max=647046549.815 laser_center=[0.     0.0025 0.01  ] laser_switch=0 effective_power=0 vtk=
global_step=1307 mode=layer_dwell layer=10/13 highest_printed_layer=10 hatch=4/4 scan=8/8 front_z=0.01 active_window_cells=62220/109200 printed_cells=62220/109200 cooling_only_cells=0/109200 mechanics_current=0 mechanics_source_step=1296 T_min=347.05 T_max=347.053402078 u_max=8.59211975913e-05 vm_max=647046549.815 laser_center=[0.     0.0025 0.01  ] laser_switch=0 effective_power=0 vtk=
global_step=1308 mode=layer_dwell layer=10/13 highest_printed_layer=10 hatch=4/4 scan=8/8 front_z=0.01 active_window_cells=62220/109200 printed_cells=62220/109200 cooling_only_cells=0/109200 mechanics_current=0 mechanics_source_step=1296 T_min=347.05 T_max=347.053001769 u_max=8.59211975913e-05 vm_max=647046549.815 laser_center=[0.     0.0025 0.01  ] laser_switch=0 effective_power=0 vtk=
global_step=1309 mode=layer_dwell layer=10/13 highest_printed_layer=10 hatch=4/4 scan=8/8 front_z=0.01 active_window_cells=62220/109200 printed_cells=62220/109200 cooling_only_cells=0/109200 mechanics_current=0 mechanics_source_step=1296 T_min=347.05 T_max=347.052648482 u_max=8.59211975913e-05 vm_max=647046549.815 laser_center=[0.     0.0025 0.01  ] laser_switch=0 effective_power=0 vtk=
global_step=1310 mode=layer_dwell layer=10/13 highest_printed_layer=10 hatch=4/4 scan=8/8 front_z=0.01 active_window_cells=62220/109200 printed_cells=62220/109200 cooling_only_cells=0/109200 mechanics_current=0 mechanics_source_step=1296 T_min=347.05 T_max=347.052336706 u_max=8.59211975913e-05 vm_max=647046549.815 laser_center=[0.     0.0025 0.01  ] laser_switch=0 effective_power=0 vtk=
global_step=1311 mode=layer_dwell layer=10/13 highest_printed_layer=10 hatch=4/4 scan=8/8 front_z=0.01 active_window_cells=62220/109200 printed_cells=62220/109200 cooling_only_cells=0/109200 mechanics_current=0 mechanics_source_step=1296 T_min=347.05 T_max=347.052061576 u_max=8.59211975913e-05 vm_max=647046549.815 laser_center=[0.     0.0025 0.01  ] laser_switch=0 effective_power=0 vtk=
global_step=1312 mode=layer_dwell layer=10/13 highest_printed_layer=10 hatch=4/4 scan=8/8 front_z=0.01 active_window_cells=62220/109200 printed_cells=62220/109200 cooling_only_cells=0/109200 mechanics_current=1 mechanics_source_step=1312 T_min=347.05 T_max=347.051818793 u_max=8.59215640697e-05 vm_max=647047231.616 laser_center=[0.     0.0025 0.01  ] laser_switch=0 effective_power=0 vtk=/home/user/work/output/amb_l0_20260731T092534Z/step_001312_layer_dwell.vtu
global_step=1313 mode=layer_dwell layer=10/13 highest_printed_layer=10 hatch=4/4 scan=8/8 front_z=0.01 active_window_cells=62220/109200 printed_cells=62220/109200 cooling_only_cells=0/109200 mechanics_current=0 mechanics_source_step=1312 T_min=347.05 T_max=347.051604561 u_max=8.59215640697e-05 vm_max=647047231.616 laser_center=[0.     0.0025 0.01  ] laser_switch=0 effective_power=0 vtk=
global_step=1314 mode=layer_dwell layer=10/13 highest_printed_layer=10 hatch=4/4 scan=8/8 front_z=0.01 active_window_cells=62220/109200 printed_cells=62220/109200 cooling_only_cells=0/109200 mechanics_current=0 mechanics_source_step=1312 T_min=347.05 T_max=347.051604561 u_max=8.59215640697e-05 vm_max=647047231.616 laser_center=[0.     0.0025 0.01  ] laser_switch=0 effective_power=0 vtk=
global_step=1315 mode=layer_dwell layer=10/13 highest_printed_layer=10 hatch=4/4 scan=8/8 front_z=0.01 active_window_cells=62220/109200 printed_cells=62220/109200 cooling_only_cells=0/109200 mechanics_current=0 mechanics_source_step=1312 T_min=347.05 T_max=347.051604561 u_max=8.59215640697e-05 vm_max=647047231.616 laser_center=[0.     0.0025 0.01  ] laser_switch=0 effective_power=0 vtk=
global_step=1316 mode=layer_dwell layer=10/13 highest_printed_layer=10 hatch=4/4 scan=8/8 front_z=0.01 active_window_cells=62220/109200 printed_cells=62220/109200 cooling_only_cells=0/109200 mechanics_current=0 mechanics_source_step=1312 T_min=347.05 T_max=347.051604561 u_max=8.59215640697e-05 vm_max=647047231.616 laser_center=[0.     0.0025 0.01  ] laser_switch=0 effective_power=0 vtk=
global_step=1317 mode=layer_dwell layer=10/13 highest_printed_layer=10 hatch=4/4 scan=8/8 front_z=0.01 active_window_cells=62220/109200 printed_cells=62220/109200 cooling_only_cells=0/109200 mechanics_current=0 mechanics_source_step=1312 T_min=347.05 T_max=347.051604561 u_max=8.59215640697e-05 vm_max=647047231.616 laser_center=[0.     0.0025 0.01  ] laser_switch=0 effective_power=0 vtk=
global_step=1318 mode=layer_dwell layer=10/13 highest_printed_layer=10 hatch=4/4 scan=8/8 front_z=0.01 active_window_cells=62220/109200 printed_cells=62220/109200 cooling_only_cells=0/109200 mechanics_current=0 mechanics_source_step=1312 T_min=347.05 T_max=347.051604561 u_max=8.59215640697e-05 vm_max=647047231.616 laser_center=[0.     0.0025 0.01  ] laser_switch=0 effective_power=0 vtk=
global_step=1319 mode=layer_dwell layer=10/13 highest_printed_layer=10 hatch=4/4 scan=8/8 front_z=0.01 active_window_cells=62220/109200 printed_cells=62220/109200 cooling_only_cells=0/109200 mechanics_current=0 mechanics_source_step=1312 T_min=347.05 T_max=347.051604561 u_max=8.59215640697e-05 vm_max=647047231.616 laser_center=[0.     0.0025 0.01  ] laser_switch=0 effective_power=0 vtk=
global_step=1320 mode=layer_dwell layer=10/13 highest_printed_layer=10 hatch=4/4 scan=8/8 front_z=0.01 active_window_cells=62220/109200 printed_cells=62220/109200 cooling_only_cells=0/109200 mechanics_current=0 mechanics_source_step=1312 T_min=347.05 T_max=347.051604561 u_max=8.59215640697e-05 vm_max=647047231.616 laser_center=[0.     0.0025 0.01  ] laser_switch=0 effective_power=0 vtk=
global_step=1321 mode=layer_dwell layer=10/13 highest_printed_layer=10 hatch=4/4 scan=8/8 front_z=0.01 active_window_cells=62220/109200 printed_cells=62220/109200 cooling_only_cells=0/109200 mechanics_current=0 mechanics_source_step=1312 T_min=347.05 T_max=347.051604561 u_max=8.59215640697e-05 vm_max=647047231.616 laser_center=[0.     0.0025 0.01  ] laser_switch=0 effective_power=0 vtk=
global_step=1322 mode=layer_dwell layer=10/13 highest_printed_layer=10 hatch=4/4 scan=8/8 front_z=0.01 active_window_cells=62220/109200 printed_cells=62220/109200 cooling_only_cells=0/109200 mechanics_current=0 mechanics_source_step=1312 T_min=347.05 T_max=347.051604561 u_max=8.59215640697e-05 vm_max=647047231.616 laser_center=[0.     0.0025 0.01  ] laser_switch=0 effective_power=0 vtk=
global_step=1323 mode=layer_dwell layer=10/13 highest_printed_layer=10 hatch=4/4 scan=8/8 front_z=0.01 active_window_cells=62220/109200 printed_cells=62220/109200 cooling_only_cells=0/109200 mechanics_current=0 mechanics_source_step=1312 T_min=347.05 T_max=347.051604561 u_max=8.59215640697e-05 vm_max=647047231.616 laser_center=[0.     0.0025 0.01  ] laser_switch=0 effective_power=0 vtk=
global_step=1324 mode=layer_dwell layer=10/13 highest_printed_layer=10 hatch=4/4 scan=8/8 front_z=0.01 active_window_cells=62220/109200 printed_cells=62220/109200 cooling_only_cells=0/109200 mechanics_current=0 mechanics_source_step=1312 T_min=347.05 T_max=347.051604561 u_max=8.59215640697e-05 vm_max=647047231.616 laser_center=[0.     0.0025 0.01  ] laser_switch=0 effective_power=0 vtk=
global_step=1325 mode=layer_dwell layer=10/13 highest_printed_layer=10 hatch=4/4 scan=8/8 front_z=0.01 active_window_cells=62220/109200 printed_cells=62220/109200 cooling_only_cells=0/109200 mechanics_current=0 mechanics_source_step=1312 T_min=347.05 T_max=347.051604561 u_max=8.59215640697e-05 vm_max=647047231.616 laser_center=[0.     0.0025 0.01  ] laser_switch=0 effective_power=0 vtk=
global_step=1326 mode=layer_dwell layer=10/13 highest_printed_layer=10 hatch=4/4 scan=8/8 front_z=0.01 active_window_cells=62220/109200 printed_cells=62220/109200 cooling_only_cells=0/109200 mechanics_current=0 mechanics_source_step=1312 T_min=347.05 T_max=347.051604561 u_max=8.59215640697e-05 vm_max=647047231.616 laser_center=[0.     0.0025 0.01  ] laser_switch=0 effective_power=0 vtk=
global_step=1327 mode=layer_dwell layer=10/13 highest_printed_layer=10 hatch=4/4 scan=8/8 front_z=0.01 active_window_cells=62220/109200 printed_cells=62220/109200 cooling_only_cells=0/109200 mechanics_current=0 mechanics_source_step=1312 T_min=347.05 T_max=347.051604561 u_max=8.59215640697e-05 vm_max=647047231.616 laser_center=[0.     0.0025 0.01  ] laser_switch=0 effective_power=0 vtk=
global_step=1328 mode=layer_dwell layer=10/13 highest_printed_layer=10 hatch=4/4 scan=8/8 front_z=0.01 active_window_cells=62220/109200 printed_cells=62220/109200 cooling_only_cells=0/109200 mechanics_current=1 mechanics_source_step=1328 T_min=347.05 T_max=347.051604561 u_max=8.59215702455e-05 vm_max=647047243.681 laser_center=[0.     0.0025 0.01  ] laser_switch=0 effective_power=0 vtk=/home/user/work/output/amb_l0_20260731T092534Z/step_001328_layer_dwell.vtu
global_step=1329 mode=layer_dwell layer=10/13 highest_printed_layer=10 hatch=4/4 scan=8/8 front_z=0.01 active_window_cells=62220/109200 printed_cells=62220/109200 cooling_only_cells=0/109200 mechanics_current=0 mechanics_source_step=1328 T_min=347.05 T_max=347.051604561 u_max=8.59215702455e-05 vm_max=647047243.681 laser_center=[0.     0.0025 0.01  ] laser_switch=0 effective_power=0 vtk=
global_step=1330 mode=scan layer=11/13 highest_printed_layer=11 hatch=1/4 scan=1/8 front_z=0.011 active_window_cells=63700/109200 printed_cells=63700/109200 cooling_only_cells=0/109200 mechanics_current=1 mechanics_source_step=1330 T_min=347.05 T_max=2050.46762287 u_max=0.000102792348317 vm_max=600223048.22 laser_center=[ 0.     -0.0025  0.011 ] laser_switch=1 effective_power=30.225 vtk=/home/user/work/output/amb_l0_20260731T092534Z/step_001330_scan.vtu
global_step=1331 mode=scan layer=11/13 highest_printed_layer=11 hatch=1/4 scan=2/8 front_z=0.011 active_window_cells=63700/109200 printed_cells=63700/109200 cooling_only_cells=0/109200 mechanics_current=0 mechanics_source_step=1330 T_min=347.05 T_max=1359.63273586 u_max=0.000102792348317 vm_max=600223048.22 laser_center=[ 0.01071429 -0.0025      0.011     ] laser_switch=1 effective_power=30.225 vtk=
global_step=1332 mode=scan layer=11/13 highest_printed_layer=11 hatch=1/4 scan=3/8 front_z=0.011 active_window_cells=63700/109200 printed_cells=63700/109200 cooling_only_cells=0/109200 mechanics_current=0 mechanics_source_step=1330 T_min=347.05 T_max=1369.87052344 u_max=0.000102792348317 vm_max=600223048.22 laser_center=[ 0.02142857 -0.0025      0.011     ] laser_switch=1 effective_power=30.225 vtk=
global_step=1333 mode=scan layer=11/13 highest_printed_layer=11 hatch=1/4 scan=4/8 front_z=0.011 active_window_cells=63700/109200 printed_cells=63700/109200 cooling_only_cells=0/109200 mechanics_current=0 mechanics_source_step=1330 T_min=347.05 T_max=1364.16450043 u_max=0.000102792348317 vm_max=600223048.22 laser_center=[ 0.03214286 -0.0025      0.011     ] laser_switch=1 effective_power=30.225 vtk=
global_step=1334 mode=scan layer=11/13 highest_printed_layer=11 hatch=1/4 scan=5/8 front_z=0.011 active_window_cells=63700/109200 printed_cells=63700/109200 cooling_only_cells=0/109200 mechanics_current=0 mechanics_source_step=1330 T_min=347.05 T_max=1363.17321263 u_max=0.000102792348317 vm_max=600223048.22 laser_center=[ 0.04285714 -0.0025      0.011     ] laser_switch=1 effective_power=30.225 vtk=
global_step=1335 mode=scan layer=11/13 highest_printed_layer=11 hatch=1/4 scan=6/8 front_z=0.011 active_window_cells=63700/109200 printed_cells=63700/109200 cooling_only_cells=0/109200 mechanics_current=0 mechanics_source_step=1330 T_min=347.05 T_max=1367.953797 u_max=0.000102792348317 vm_max=600223048.22 laser_center=[ 0.05357143 -0.0025      0.011     ] laser_switch=1 effective_power=30.225 vtk=
global_step=1336 mode=scan layer=11/13 highest_printed_layer=11 hatch=1/4 scan=7/8 front_z=0.011 active_window_cells=63700/109200 printed_cells=63700/109200 cooling_only_cells=0/109200 mechanics_current=0 mechanics_source_step=1330 T_min=347.05 T_max=1351.45726442 u_max=0.000102792348317 vm_max=600223048.22 laser_center=[ 0.06428571 -0.0025      0.011     ] laser_switch=1 effective_power=30.225 vtk=
global_step=1337 mode=scan layer=11/13 highest_printed_layer=11 hatch=1/4 scan=8/8 front_z=0.011 active_window_cells=63700/109200 printed_cells=63700/109200 cooling_only_cells=0/109200 mechanics_current=0 mechanics_source_step=1330 T_min=347.05 T_max=2175.92428686 u_max=0.000102792348317 vm_max=600223048.22 laser_center=[ 0.075  -0.0025  0.011 ] laser_switch=1 effective_power=30.225 vtk=
global_step=1338 mode=scan layer=11/13 highest_printed_layer=11 hatch=2/4 scan=1/8 front_z=0.011 active_window_cells=63700/109200 printed_cells=63700/109200 cooling_only_cells=0/109200 mechanics_current=0 mechanics_source_step=1330 T_min=347.05 T_max=1511.0725538 u_max=0.000102792348317 vm_max=600223048.22 laser_center=[ 0.075      -0.00083333  0.011     ] laser_switch=1 effective_power=30.225 vtk=
global_step=1339 mode=scan layer=11/13 highest_printed_layer=11 hatch=2/4 scan=2/8 front_z=0.011 active_window_cells=63700/109200 printed_cells=63700/109200 cooling_only_cells=0/109200 mechanics_current=0 mechanics_source_step=1330 T_min=347.05 T_max=757.408641761 u_max=0.000102792348317 vm_max=600223048.22 laser_center=[ 0.06428571 -0.00083333  0.011     ] laser_switch=1 effective_power=30.225 vtk=
global_step=1340 mode=scan layer=11/13 highest_printed_layer=11 hatch=2/4 scan=3/8 front_z=0.011 active_window_cells=63700/109200 printed_cells=63700/109200 cooling_only_cells=0/109200 mechanics_current=0 mechanics_source_step=1330 T_min=347.05 T_max=757.009073403 u_max=0.000102792348317 vm_max=600223048.22 laser_center=[ 0.05357143 -0.00083333  0.011     ] laser_switch=1 effective_power=30.225 vtk=
global_step=1341 mode=scan layer=11/13 highest_printed_layer=11 hatch=2/4 scan=4/8 front_z=0.011 active_window_cells=63700/109200 printed_cells=63700/109200 cooling_only_cells=0/109200 mechanics_current=0 mechanics_source_step=1330 T_min=347.05 T_max=752.429858939 u_max=0.000102792348317 vm_max=600223048.22 laser_center=[ 0.04285714 -0.00083333  0.011     ] laser_switch=1 effective_power=30.225 vtk=
global_step=1342 mode=scan layer=11/13 highest_printed_layer=11 hatch=2/4 scan=5/8 front_z=0.011 active_window_cells=63700/109200 printed_cells=63700/109200 cooling_only_cells=0/109200 mechanics_current=0 mechanics_source_step=1330 T_min=347.05 T_max=749.790467202 u_max=0.000102792348317 vm_max=600223048.22 laser_center=[ 0.03214286 -0.00083333  0.011     ] laser_switch=1 effective_power=30.225 vtk=
global_step=1343 mode=scan layer=11/13 highest_printed_layer=11 hatch=2/4 scan=6/8 front_z=0.011 active_window_cells=63700/109200 printed_cells=63700/109200 cooling_only_cells=0/109200 mechanics_current=0 mechanics_source_step=1330 T_min=347.05 T_max=751.319072826 u_max=0.000102792348317 vm_max=600223048.22 laser_center=[ 0.02142857 -0.00083333  0.011     ] laser_switch=1 effective_power=30.225 vtk=
global_step=1344 mode=scan layer=11/13 highest_printed_layer=11 hatch=2/4 scan=7/8 front_z=0.011 active_window_cells=63700/109200 printed_cells=63700/109200 cooling_only_cells=0/109200 mechanics_current=1 mechanics_source_step=1344 T_min=347.05 T_max=747.851084107 u_max=7.99870500844e-05 vm_max=640400290.4 laser_center=[ 0.01071429 -0.00083333  0.011     ] laser_switch=1 effective_power=30.225 vtk=/home/user/work/output/amb_l0_20260731T092534Z/step_001344_scan.vtu
global_step=1345 mode=scan layer=11/13 highest_printed_layer=11 hatch=2/4 scan=8/8 front_z=0.011 active_window_cells=63700/109200 printed_cells=63700/109200 cooling_only_cells=0/109200 mechanics_current=0 mechanics_source_step=1344 T_min=347.05 T_max=1433.70172557 u_max=7.99870500844e-05 vm_max=640400290.4 laser_center=[ 0.         -0.00083333  0.011     ] laser_switch=1 effective_power=30.225 vtk=
global_step=1346 mode=scan layer=11/13 highest_printed_layer=11 hatch=3/4 scan=1/8 front_z=0.011 active_window_cells=63700/109200 printed_cells=63700/109200 cooling_only_cells=0/109200 mechanics_current=0 mechanics_source_step=1344 T_min=347.05 T_max=1281.48378168 u_max=7.99870500844e-05 vm_max=640400290.4 laser_center=[0.         0.00083333 0.011     ] laser_switch=1 effective_power=30.225 vtk=
global_step=1347 mode=scan layer=11/13 highest_printed_layer=11 hatch=3/4 scan=2/8 front_z=0.011 active_window_cells=63700/109200 printed_cells=63700/109200 cooling_only_cells=0/109200 mechanics_current=0 mechanics_source_step=1344 T_min=347.05 T_max=770.407738347 u_max=7.99870500844e-05 vm_max=640400290.4 laser_center=[0.01071429 0.00083333 0.011     ] laser_switch=1 effective_power=30.225 vtk=
global_step=1348 mode=scan layer=11/13 highest_printed_layer=11 hatch=3/4 scan=3/8 front_z=0.011 active_window_cells=63700/109200 printed_cells=63700/109200 cooling_only_cells=0/109200 mechanics_current=0 mechanics_source_step=1344 T_min=347.05 T_max=762.771098726 u_max=7.99870500844e-05 vm_max=640400290.4 laser_center=[0.02142857 0.00083333 0.011     ] laser_switch=1 effective_power=30.225 vtk=
global_step=1349 mode=scan layer=11/13 highest_printed_layer=11 hatch=3/4 scan=4/8 front_z=0.011 active_window_cells=63700/109200 printed_cells=63700/109200 cooling_only_cells=0/109200 mechanics_current=0 mechanics_source_step=1344 T_min=347.05 T_max=755.512629377 u_max=7.99870500844e-05 vm_max=640400290.4 laser_center=[0.03214286 0.00083333 0.011     ] laser_switch=1 effective_power=30.225 vtk=
global_step=1350 mode=scan layer=11/13 highest_printed_layer=11 hatch=3/4 scan=5/8 front_z=0.011 active_window_cells=63700/109200 printed_cells=63700/109200 cooling_only_cells=0/109200 mechanics_current=0 mechanics_source_step=1344 T_min=347.05 T_max=750.747137952 u_max=7.99870500844e-05 vm_max=640400290.4 laser_center=[0.04285714 0.00083333 0.011     ] laser_switch=1 effective_power=30.225 vtk=
global_step=1351 mode=scan layer=11/13 highest_printed_layer=11 hatch=3/4 scan=6/8 front_z=0.011 active_window_cells=63700/109200 printed_cells=63700/109200 cooling_only_cells=0/109200 mechanics_current=0 mechanics_source_step=1344 T_min=347.05 T_max=750.198502699 u_max=7.99870500844e-05 vm_max=640400290.4 laser_center=[0.05357143 0.00083333 0.011     ] laser_switch=1 effective_power=30.225 vtk=
global_step=1352 mode=scan layer=11/13 highest_printed_layer=11 hatch=3/4 scan=7/8 front_z=0.011 active_window_cells=63700/109200 printed_cells=63700/109200 cooling_only_cells=0/109200 mechanics_current=0 mechanics_source_step=1344 T_min=347.05 T_max=739.070185692 u_max=7.99870500844e-05 vm_max=640400290.4 laser_center=[0.06428571 0.00083333 0.011     ] laser_switch=1 effective_power=30.225 vtk=
global_step=1353 mode=scan layer=11/13 highest_printed_layer=11 hatch=3/4 scan=8/8 front_z=0.011 active_window_cells=63700/109200 printed_cells=63700/109200 cooling_only_cells=0/109200 mechanics_current=0 mechanics_source_step=1344 T_min=347.05 T_max=1636.98965479 u_max=7.99870500844e-05 vm_max=640400290.4 laser_center=[0.075      0.00083333 0.011     ] laser_switch=1 effective_power=30.225 vtk=
global_step=1354 mode=scan layer=11/13 highest_printed_layer=11 hatch=4/4 scan=1/8 front_z=0.011 active_window_cells=63700/109200 printed_cells=63700/109200 cooling_only_cells=0/109200 mechanics_current=0 mechanics_source_step=1344 T_min=347.05 T_max=1855.21871648 u_max=7.99870500844e-05 vm_max=640400290.4 laser_center=[0.075  0.0025 0.011 ] laser_switch=1 effective_power=30.225 vtk=
global_step=1355 mode=scan layer=11/13 highest_printed_layer=11 hatch=4/4 scan=2/8 front_z=0.011 active_window_cells=63700/109200 printed_cells=63700/109200 cooling_only_cells=0/109200 mechanics_current=0 mechanics_source_step=1344 T_min=347.05 T_max=1330.96242417 u_max=7.99870500844e-05 vm_max=640400290.4 laser_center=[0.06428571 0.0025     0.011     ] laser_switch=1 effective_power=30.225 vtk=
global_step=1356 mode=scan layer=11/13 highest_printed_layer=11 hatch=4/4 scan=3/8 front_z=0.011 active_window_cells=63700/109200 printed_cells=63700/109200 cooling_only_cells=0/109200 mechanics_current=0 mechanics_source_step=1344 T_min=347.05 T_max=1357.97703328 u_max=7.99870500844e-05 vm_max=640400290.4 laser_center=[0.05357143 0.0025     0.011     ] laser_switch=1 effective_power=30.225 vtk=
global_step=1357 mode=scan layer=11/13 highest_printed_layer=11 hatch=4/4 scan=4/8 front_z=0.011 active_window_cells=63700/109200 printed_cells=63700/109200 cooling_only_cells=0/109200 mechanics_current=0 mechanics_source_step=1344 T_min=347.05 T_max=1359.16370704 u_max=7.99870500844e-05 vm_max=640400290.4 laser_center=[0.04285714 0.0025     0.011     ] laser_switch=1 effective_power=30.225 vtk=
global_step=1358 mode=scan layer=11/13 highest_printed_layer=11 hatch=4/4 scan=5/8 front_z=0.011 active_window_cells=63700/109200 printed_cells=63700/109200 cooling_only_cells=0/109200 mechanics_current=0 mechanics_source_step=1344 T_min=347.05 T_max=1362.3722636 u_max=7.99870500844e-05 vm_max=640400290.4 laser_center=[0.03214286 0.0025     0.011     ] laser_switch=1 effective_power=30.225 vtk=
global_step=1359 mode=scan layer=11/13 highest_printed_layer=11 hatch=4/4 scan=6/8 front_z=0.011 active_window_cells=63700/109200 printed_cells=63700/109200 cooling_only_cells=0/109200 mechanics_current=0 mechanics_source_step=1344 T_min=347.05 T_max=1370.31483049 u_max=7.99870500844e-05 vm_max=640400290.4 laser_center=[0.02142857 0.0025     0.011     ] laser_switch=1 effective_power=30.225 vtk=
global_step=1360 mode=scan layer=11/13 highest_printed_layer=11 hatch=4/4 scan=7/8 front_z=0.011 active_window_cells=63700/109200 printed_cells=63700/109200 cooling_only_cells=0/109200 mechanics_current=1 mechanics_source_step=1360 T_min=347.05 T_max=1360.35183734 u_max=7.85006776288e-05 vm_max=634425839.467 laser_center=[0.01071429 0.0025     0.011     ] laser_switch=1 effective_power=30.225 vtk=/home/user/work/output/amb_l0_20260731T092534Z/step_001360_scan.vtu
global_step=1361 mode=scan layer=11/13 highest_printed_layer=11 hatch=4/4 scan=8/8 front_z=0.011 active_window_cells=63700/109200 printed_cells=63700/109200 cooling_only_cells=0/109200 mechanics_current=0 mechanics_source_step=1360 T_min=347.05 T_max=1606.19218915 u_max=7.85006776288e-05 vm_max=634425839.467 laser_center=[0.     0.0025 0.011 ] laser_switch=1 effective_power=30.225 vtk=
global_step=1362 mode=layer_dwell layer=11/13 highest_printed_layer=11 hatch=4/4 scan=8/8 front_z=0.011 active_window_cells=63700/109200 printed_cells=63700/109200 cooling_only_cells=0/109200 mechanics_current=0 mechanics_source_step=1360 T_min=347.05 T_max=586.041509629 u_max=7.85006776288e-05 vm_max=634425839.467 laser_center=[0.     0.0025 0.011 ] laser_switch=0 effective_power=0 vtk=
global_step=1363 mode=layer_dwell layer=11/13 highest_printed_layer=11 hatch=4/4 scan=8/8 front_z=0.011 active_window_cells=63700/109200 printed_cells=63700/109200 cooling_only_cells=0/109200 mechanics_current=0 mechanics_source_step=1360 T_min=347.05 T_max=462.533622509 u_max=7.85006776288e-05 vm_max=634425839.467 laser_center=[0.     0.0025 0.011 ] laser_switch=0 effective_power=0 vtk=
global_step=1364 mode=layer_dwell layer=11/13 highest_printed_layer=11 hatch=4/4 scan=8/8 front_z=0.011 active_window_cells=63700/109200 printed_cells=63700/109200 cooling_only_cells=0/109200 mechanics_current=0 mechanics_source_step=1360 T_min=347.05 T_max=426.322708042 u_max=7.85006776288e-05 vm_max=634425839.467 laser_center=[0.     0.0025 0.011 ] laser_switch=0 effective_power=0 vtk=
global_step=1365 mode=layer_dwell layer=11/13 highest_printed_layer=11 hatch=4/4 scan=8/8 front_z=0.011 active_window_cells=63700/109200 printed_cells=63700/109200 cooling_only_cells=0/109200 mechanics_current=0 mechanics_source_step=1360 T_min=347.05 T_max=411.277254347 u_max=7.85006776288e-05 vm_max=634425839.467 laser_center=[0.     0.0025 0.011 ] laser_switch=0 effective_power=0 vtk=
global_step=1366 mode=layer_dwell layer=11/13 highest_printed_layer=11 hatch=4/4 scan=8/8 front_z=0.011 active_window_cells=63700/109200 printed_cells=63700/109200 cooling_only_cells=0/109200 mechanics_current=0 mechanics_source_step=1360 T_min=347.05 T_max=400.022017386 u_max=7.85006776288e-05 vm_max=634425839.467 laser_center=[0.     0.0025 0.011 ] laser_switch=0 effective_power=0 vtk=
global_step=1367 mode=layer_dwell layer=11/13 highest_printed_layer=11 hatch=4/4 scan=8/8 front_z=0.011 active_window_cells=63700/109200 printed_cells=63700/109200 cooling_only_cells=0/109200 mechanics_current=0 mechanics_source_step=1360 T_min=347.05 T_max=390.74038032 u_max=7.85006776288e-05 vm_max=634425839.467 laser_center=[0.     0.0025 0.011 ] laser_switch=0 effective_power=0 vtk=
global_step=1368 mode=layer_dwell layer=11/13 highest_printed_layer=11 hatch=4/4 scan=8/8 front_z=0.011 active_window_cells=63700/109200 printed_cells=63700/109200 cooling_only_cells=0/109200 mechanics_current=0 mechanics_source_step=1360 T_min=347.05 T_max=383.191359901 u_max=7.85006776288e-05 vm_max=634425839.467 laser_center=[0.     0.0025 0.011 ] laser_switch=0 effective_power=0 vtk=
global_step=1369 mode=layer_dwell layer=11/13 highest_printed_layer=11 hatch=4/4 scan=8/8 front_z=0.011 active_window_cells=63700/109200 printed_cells=63700/109200 cooling_only_cells=0/109200 mechanics_current=0 mechanics_source_step=1360 T_min=347.05 T_max=377.016779457 u_max=7.85006776288e-05 vm_max=634425839.467 laser_center=[0.     0.0025 0.011 ] laser_switch=0 effective_power=0 vtk=
global_step=1370 mode=layer_dwell layer=11/13 highest_printed_layer=11 hatch=4/4 scan=8/8 front_z=0.011 active_window_cells=63700/109200 printed_cells=63700/109200 cooling_only_cells=0/109200 mechanics_current=0 mechanics_source_step=1360 T_min=347.05 T_max=371.947358504 u_max=7.85006776288e-05 vm_max=634425839.467 laser_center=[0.     0.0025 0.011 ] laser_switch=0 effective_power=0 vtk=
global_step=1371 mode=layer_dwell layer=11/13 highest_printed_layer=11 hatch=4/4 scan=8/8 front_z=0.011 active_window_cells=63700/109200 printed_cells=63700/109200 cooling_only_cells=0/109200 mechanics_current=0 mechanics_source_step=1360 T_min=347.05 T_max=367.774877309 u_max=7.85006776288e-05 vm_max=634425839.467 laser_center=[0.     0.0025 0.011 ] laser_switch=0 effective_power=0 vtk=
global_step=1372 mode=layer_dwell layer=11/13 highest_printed_layer=11 hatch=4/4 scan=8/8 front_z=0.011 active_window_cells=63700/109200 printed_cells=63700/109200 cooling_only_cells=0/109200 mechanics_current=0 mechanics_source_step=1360 T_min=347.05 T_max=364.341222232 u_max=7.85006776288e-05 vm_max=634425839.467 laser_center=[0.     0.0025 0.011 ] laser_switch=0 effective_power=0 vtk=
global_step=1373 mode=layer_dwell layer=11/13 highest_printed_layer=11 hatch=4/4 scan=8/8 front_z=0.011 active_window_cells=63700/109200 printed_cells=63700/109200 cooling_only_cells=0/109200 mechanics_current=0 mechanics_source_step=1360 T_min=347.05 T_max=361.525211911 u_max=7.85006776288e-05 vm_max=634425839.467 laser_center=[0.     0.0025 0.011 ] laser_switch=0 effective_power=0 vtk=
global_step=1374 mode=layer_dwell layer=11/13 highest_printed_layer=11 hatch=4/4 scan=8/8 front_z=0.011 active_window_cells=63700/109200 printed_cells=63700/109200 cooling_only_cells=0/109200 mechanics_current=0 mechanics_source_step=1360 T_min=347.05 T_max=359.232169067 u_max=7.85006776288e-05 vm_max=634425839.467 laser_center=[0.     0.0025 0.011 ] laser_switch=0 effective_power=0 vtk=
global_step=1375 mode=layer_dwell layer=11/13 highest_printed_layer=11 hatch=4/4 scan=8/8 front_z=0.011 active_window_cells=63700/109200 printed_cells=63700/109200 cooling_only_cells=0/109200 mechanics_current=0 mechanics_source_step=1360 T_min=347.05 T_max=357.376054866 u_max=7.85006776288e-05 vm_max=634425839.467 laser_center=[0.     0.0025 0.011 ] laser_switch=0 effective_power=0 vtk=
global_step=1376 mode=layer_dwell layer=11/13 highest_printed_layer=11 hatch=4/4 scan=8/8 front_z=0.011 active_window_cells=63700/109200 printed_cells=63700/109200 cooling_only_cells=0/109200 mechanics_current=1 mechanics_source_step=1376 T_min=347.05 T_max=355.867903425 u_max=8.64512237087e-05 vm_max=647776473.899 laser_center=[0.     0.0025 0.011 ] laser_switch=0 effective_power=0 vtk=/home/user/work/output/amb_l0_20260731T092534Z/step_001376_layer_dwell.vtu
global_step=1377 mode=layer_dwell layer=11/13 highest_printed_layer=11 hatch=4/4 scan=8/8 front_z=0.011 active_window_cells=63700/109200 printed_cells=63700/109200 cooling_only_cells=0/109200 mechanics_current=0 mechanics_source_step=1376 T_min=347.05 T_max=354.631572017 u_max=8.64512237087e-05 vm_max=647776473.899 laser_center=[0.     0.0025 0.011 ] laser_switch=0 effective_power=0 vtk=
global_step=1378 mode=layer_dwell layer=11/13 highest_printed_layer=11 hatch=4/4 scan=8/8 front_z=0.011 active_window_cells=63700/109200 printed_cells=63700/109200 cooling_only_cells=0/109200 mechanics_current=0 mechanics_source_step=1376 T_min=347.05 T_max=353.613243974 u_max=8.64512237087e-05 vm_max=647776473.899 laser_center=[0.     0.0025 0.011 ] laser_switch=0 effective_power=0 vtk=
global_step=1379 mode=layer_dwell layer=11/13 highest_printed_layer=11 hatch=4/4 scan=8/8 front_z=0.011 active_window_cells=63700/109200 printed_cells=63700/109200 cooling_only_cells=0/109200 mechanics_current=0 mechanics_source_step=1376 T_min=347.05 T_max=352.765492689 u_max=8.64512237087e-05 vm_max=647776473.899 laser_center=[0.     0.0025 0.011 ] laser_switch=0 effective_power=0 vtk=
global_step=1380 mode=layer_dwell layer=11/13 highest_printed_layer=11 hatch=4/4 scan=8/8 front_z=0.011 active_window_cells=63700/109200 printed_cells=63700/109200 cooling_only_cells=0/109200 mechanics_current=0 mechanics_source_step=1376 T_min=347.05 T_max=352.053906649 u_max=8.64512237087e-05 vm_max=647776473.899 laser_center=[0.     0.0025 0.011 ] laser_switch=0 effective_power=0 vtk=
global_step=1381 mode=layer_dwell layer=11/13 highest_printed_layer=11 hatch=4/4 scan=8/8 front_z=0.011 active_window_cells=63700/109200 printed_cells=63700/109200 cooling_only_cells=0/109200 mechanics_current=0 mechanics_source_step=1376 T_min=347.05 T_max=351.456813053 u_max=8.64512237087e-05 vm_max=647776473.899 laser_center=[0.     0.0025 0.011 ] laser_switch=0 effective_power=0 vtk=
global_step=1382 mode=layer_dwell layer=11/13 highest_printed_layer=11 hatch=4/4 scan=8/8 front_z=0.011 active_window_cells=63700/109200 printed_cells=63700/109200 cooling_only_cells=0/109200 mechanics_current=0 mechanics_source_step=1376 T_min=347.05 T_max=350.948018125 u_max=8.64512237087e-05 vm_max=647776473.899 laser_center=[0.     0.0025 0.011 ] laser_switch=0 effective_power=0 vtk=
global_step=1383 mode=layer_dwell layer=11/13 highest_printed_layer=11 hatch=4/4 scan=8/8 front_z=0.011 active_window_cells=63700/109200 printed_cells=63700/109200 cooling_only_cells=0/109200 mechanics_current=0 mechanics_source_step=1376 T_min=347.05 T_max=350.514534999 u_max=8.64512237087e-05 vm_max=647776473.899 laser_center=[0.     0.0025 0.011 ] laser_switch=0 effective_power=0 vtk=
global_step=1384 mode=layer_dwell layer=11/13 highest_printed_layer=11 hatch=4/4 scan=8/8 front_z=0.011 active_window_cells=63700/109200 printed_cells=63700/109200 cooling_only_cells=0/109200 mechanics_current=0 mechanics_source_step=1376 T_min=347.05 T_max=350.141340288 u_max=8.64512237087e-05 vm_max=647776473.899 laser_center=[0.     0.0025 0.011 ] laser_switch=0 effective_power=0 vtk=
global_step=1385 mode=layer_dwell layer=11/13 highest_printed_layer=11 hatch=4/4 scan=8/8 front_z=0.011 active_window_cells=63700/109200 printed_cells=63700/109200 cooling_only_cells=0/109200 mechanics_current=0 mechanics_source_step=1376 T_min=347.05 T_max=349.818921667 u_max=8.64512237087e-05 vm_max=647776473.899 laser_center=[0.     0.0025 0.011 ] laser_switch=0 effective_power=0 vtk=
global_step=1386 mode=layer_dwell layer=11/13 highest_printed_layer=11 hatch=4/4 scan=8/8 front_z=0.011 active_window_cells=63700/109200 printed_cells=63700/109200 cooling_only_cells=0/109200 mechanics_current=0 mechanics_source_step=1376 T_min=347.05 T_max=349.531971101 u_max=8.64512237087e-05 vm_max=647776473.899 laser_center=[0.     0.0025 0.011 ] laser_switch=0 effective_power=0 vtk=
global_step=1387 mode=layer_dwell layer=11/13 highest_printed_layer=11 hatch=4/4 scan=8/8 front_z=0.011 active_window_cells=63700/109200 printed_cells=63700/109200 cooling_only_cells=0/109200 mechanics_current=0 mechanics_source_step=1376 T_min=347.05 T_max=349.271966294 u_max=8.64512237087e-05 vm_max=647776473.899 laser_center=[0.     0.0025 0.011 ] laser_switch=0 effective_power=0 vtk=
global_step=1388 mode=layer_dwell layer=11/13 highest_printed_layer=11 hatch=4/4 scan=8/8 front_z=0.011 active_window_cells=63700/109200 printed_cells=63700/109200 cooling_only_cells=0/109200 mechanics_current=0 mechanics_source_step=1376 T_min=347.05 T_max=349.036947478 u_max=8.64512237087e-05 vm_max=647776473.899 laser_center=[0.     0.0025 0.011 ] laser_switch=0 effective_power=0 vtk=
global_step=1389 mode=layer_dwell layer=11/13 highest_printed_layer=11 hatch=4/4 scan=8/8 front_z=0.011 active_window_cells=63700/109200 printed_cells=63700/109200 cooling_only_cells=0/109200 mechanics_current=0 mechanics_source_step=1376 T_min=347.05 T_max=348.824965848 u_max=8.64512237087e-05 vm_max=647776473.899 laser_center=[0.     0.0025 0.011 ] laser_switch=0 effective_power=0 vtk=
global_step=1390 mode=layer_dwell layer=11/13 highest_printed_layer=11 hatch=4/4 scan=8/8 front_z=0.011 active_window_cells=63700/109200 printed_cells=63700/109200 cooling_only_cells=0/109200 mechanics_current=0 mechanics_source_step=1376 T_min=347.05 T_max=348.63412337 u_max=8.64512237087e-05 vm_max=647776473.899 laser_center=[0.     0.0025 0.011 ] laser_switch=0 effective_power=0 vtk=
global_step=1391 mode=layer_dwell layer=11/13 highest_printed_layer=11 hatch=4/4 scan=8/8 front_z=0.011 active_window_cells=63700/109200 printed_cells=63700/109200 cooling_only_cells=0/109200 mechanics_current=0 mechanics_source_step=1376 T_min=347.05 T_max=348.462599902 u_max=8.64512237087e-05 vm_max=647776473.899 laser_center=[0.     0.0025 0.011 ] laser_switch=0 effective_power=0 vtk=
global_step=1392 mode=layer_dwell layer=11/13 highest_printed_layer=11 hatch=4/4 scan=8/8 front_z=0.011 active_window_cells=63700/109200 printed_cells=63700/109200 cooling_only_cells=0/109200 mechanics_current=1 mechanics_source_step=1392 T_min=347.05 T_max=348.30867075 u_max=8.75905902415e-05 vm_max=648290074.685 laser_center=[0.     0.0025 0.011 ] laser_switch=0 effective_power=0 vtk=/home/user/work/output/amb_l0_20260731T092534Z/step_001392_layer_dwell.vtu
global_step=1393 mode=layer_dwell layer=11/13 highest_printed_layer=11 hatch=4/4 scan=8/8 front_z=0.011 active_window_cells=63700/109200 printed_cells=63700/109200 cooling_only_cells=0/109200 mechanics_current=0 mechanics_source_step=1392 T_min=347.05 T_max=348.17071707 u_max=8.75905902415e-05 vm_max=648290074.685 laser_center=[0.     0.0025 0.011 ] laser_switch=0 effective_power=0 vtk=
global_step=1394 mode=layer_dwell layer=11/13 highest_printed_layer=11 hatch=4/4 scan=8/8 front_z=0.011 active_window_cells=63700/109200 printed_cells=63700/109200 cooling_only_cells=0/109200 mechanics_current=0 mechanics_source_step=1392 T_min=347.05 T_max=348.047230968 u_max=8.75905902415e-05 vm_max=648290074.685 laser_center=[0.     0.0025 0.011 ] laser_switch=0 effective_power=0 vtk=
global_step=1395 mode=layer_dwell layer=11/13 highest_printed_layer=11 hatch=4/4 scan=8/8 front_z=0.011 active_window_cells=63700/109200 printed_cells=63700/109200 cooling_only_cells=0/109200 mechanics_current=0 mechanics_source_step=1392 T_min=347.05 T_max=347.936816723 u_max=8.75905902415e-05 vm_max=648290074.685 laser_center=[0.     0.0025 0.011 ] laser_switch=0 effective_power=0 vtk=
global_step=1396 mode=layer_dwell layer=11/13 highest_printed_layer=11 hatch=4/4 scan=8/8 front_z=0.011 active_window_cells=63700/109200 printed_cells=63700/109200 cooling_only_cells=0/109200 mechanics_current=0 mechanics_source_step=1392 T_min=347.05 T_max=347.838189229 u_max=8.75905902415e-05 vm_max=648290074.685 laser_center=[0.     0.0025 0.011 ] laser_switch=0 effective_power=0 vtk=
global_step=1397 mode=layer_dwell layer=11/13 highest_printed_layer=11 hatch=4/4 scan=8/8 front_z=0.011 active_window_cells=63700/109200 printed_cells=63700/109200 cooling_only_cells=0/109200 mechanics_current=0 mechanics_source_step=1392 T_min=347.05 T_max=347.750170488 u_max=8.75905902415e-05 vm_max=648290074.685 laser_center=[0.     0.0025 0.011 ] laser_switch=0 effective_power=0 vtk=
global_step=1398 mode=layer_dwell layer=11/13 highest_printed_layer=11 hatch=4/4 scan=8/8 front_z=0.011 active_window_cells=63700/109200 printed_cells=63700/109200 cooling_only_cells=0/109200 mechanics_current=0 mechanics_source_step=1392 T_min=347.05 T_max=347.671684793 u_max=8.75905902415e-05 vm_max=648290074.685 laser_center=[0.     0.0025 0.011 ] laser_switch=0 effective_power=0 vtk=
global_step=1399 mode=layer_dwell layer=11/13 highest_printed_layer=11 hatch=4/4 scan=8/8 front_z=0.011 active_window_cells=63700/109200 printed_cells=63700/109200 cooling_only_cells=0/109200 mechanics_current=0 mechanics_source_step=1392 T_min=347.05 T_max=347.601753069 u_max=8.75905902415e-05 vm_max=648290074.685 laser_center=[0.     0.0025 0.011 ] laser_switch=0 effective_power=0 vtk=
global_step=1400 mode=layer_dwell layer=11/13 highest_printed_layer=11 hatch=4/4 scan=8/8 front_z=0.011 active_window_cells=63700/109200 printed_cells=63700/109200 cooling_only_cells=0/109200 mechanics_current=0 mechanics_source_step=1392 T_min=347.05 T_max=347.539486742 u_max=8.75905902415e-05 vm_max=648290074.685 laser_center=[0.     0.0025 0.011 ] laser_switch=0 effective_power=0 vtk=
global_step=1401 mode=layer_dwell layer=11/13 highest_printed_layer=11 hatch=4/4 scan=8/8 front_z=0.011 active_window_cells=63700/109200 printed_cells=63700/109200 cooling_only_cells=0/109200 mechanics_current=0 mechanics_source_step=1392 T_min=347.05 T_max=347.484081397 u_max=8.75905902415e-05 vm_max=648290074.685 laser_center=[0.     0.0025 0.011 ] laser_switch=0 effective_power=0 vtk=
global_step=1402 mode=layer_dwell layer=11/13 highest_printed_layer=11 hatch=4/4 scan=8/8 front_z=0.011 active_window_cells=63700/109200 printed_cells=63700/109200 cooling_only_cells=0/109200 mechanics_current=0 mechanics_source_step=1392 T_min=347.05 T_max=347.434810425 u_max=8.75905902415e-05 vm_max=648290074.685 laser_center=[0.     0.0025 0.011 ] laser_switch=0 effective_power=0 vtk=
global_step=1403 mode=layer_dwell layer=11/13 highest_printed_layer=11 hatch=4/4 scan=8/8 front_z=0.011 active_window_cells=63700/109200 printed_cells=63700/109200 cooling_only_cells=0/109200 mechanics_current=0 mechanics_source_step=1392 T_min=347.05 T_max=347.391018781 u_max=8.75905902415e-05 vm_max=648290074.685 laser_center=[0.     0.0025 0.011 ] laser_switch=0 effective_power=0 vtk=
global_step=1404 mode=layer_dwell layer=11/13 highest_printed_layer=11 hatch=4/4 scan=8/8 front_z=0.011 active_window_cells=63700/109200 printed_cells=63700/109200 cooling_only_cells=0/109200 mechanics_current=0 mechanics_source_step=1392 T_min=347.05 T_max=347.352116983 u_max=8.75905902415e-05 vm_max=648290074.685 laser_center=[0.     0.0025 0.011 ] laser_switch=0 effective_power=0 vtk=
global_step=1405 mode=layer_dwell layer=11/13 highest_printed_layer=11 hatch=4/4 scan=8/8 front_z=0.011 active_window_cells=63700/109200 printed_cells=63700/109200 cooling_only_cells=0/109200 mechanics_current=0 mechanics_source_step=1392 T_min=347.05 T_max=347.317575377 u_max=8.75905902415e-05 vm_max=648290074.685 laser_center=[0.     0.0025 0.011 ] laser_switch=0 effective_power=0 vtk=
global_step=1406 mode=layer_dwell layer=11/13 highest_printed_layer=11 hatch=4/4 scan=8/8 front_z=0.011 active_window_cells=63700/109200 printed_cells=63700/109200 cooling_only_cells=0/109200 mechanics_current=0 mechanics_source_step=1392 T_min=347.05 T_max=347.286918749 u_max=8.75905902415e-05 vm_max=648290074.685 laser_center=[0.     0.0025 0.011 ] laser_switch=0 effective_power=0 vtk=
global_step=1407 mode=layer_dwell layer=11/13 highest_printed_layer=11 hatch=4/4 scan=8/8 front_z=0.011 active_window_cells=63700/109200 printed_cells=63700/109200 cooling_only_cells=0/109200 mechanics_current=0 mechanics_source_step=1392 T_min=347.05 T_max=347.259721272 u_max=8.75905902415e-05 vm_max=648290074.685 laser_center=[0.     0.0025 0.011 ] laser_switch=0 effective_power=0 vtk=
global_step=1408 mode=layer_dwell layer=11/13 highest_printed_layer=11 hatch=4/4 scan=8/8 front_z=0.011 active_window_cells=63700/109200 printed_cells=63700/109200 cooling_only_cells=0/109200 mechanics_current=1 mechanics_source_step=1408 T_min=347.05 T_max=347.235601821 u_max=8.76784106222e-05 vm_max=648320826.737 laser_center=[0.     0.0025 0.011 ] laser_switch=0 effective_power=0 vtk=/home/user/work/output/amb_l0_20260731T092534Z/step_001408_layer_dwell.vtu
global_step=1409 mode=layer_dwell layer=11/13 highest_printed_layer=11 hatch=4/4 scan=8/8 front_z=0.011 active_window_cells=63700/109200 printed_cells=63700/109200 cooling_only_cells=0/109200 mechanics_current=0 mechanics_source_step=1408 T_min=347.05 T_max=347.214219639 u_max=8.76784106222e-05 vm_max=648320826.737 laser_center=[0.     0.0025 0.011 ] laser_switch=0 effective_power=0 vtk=
global_step=1410 mode=layer_dwell layer=11/13 highest_printed_layer=11 hatch=4/4 scan=8/8 front_z=0.011 active_window_cells=63700/109200 printed_cells=63700/109200 cooling_only_cells=0/109200 mechanics_current=0 mechanics_source_step=1408 T_min=347.05 T_max=347.195270363 u_max=8.76784106222e-05 vm_max=648320826.737 laser_center=[0.     0.0025 0.011 ] laser_switch=0 effective_power=0 vtk=
global_step=1411 mode=layer_dwell layer=11/13 highest_printed_layer=11 hatch=4/4 scan=8/8 front_z=0.011 active_window_cells=63700/109200 printed_cells=63700/109200 cooling_only_cells=0/109200 mechanics_current=0 mechanics_source_step=1408 T_min=347.05 T_max=347.178482372 u_max=8.76784106222e-05 vm_max=648320826.737 laser_center=[0.     0.0025 0.011 ] laser_switch=0 effective_power=0 vtk=
global_step=1412 mode=layer_dwell layer=11/13 highest_printed_layer=11 hatch=4/4 scan=8/8 front_z=0.011 active_window_cells=63700/109200 printed_cells=63700/109200 cooling_only_cells=0/109200 mechanics_current=0 mechanics_source_step=1408 T_min=347.05 T_max=347.163613464 u_max=8.76784106222e-05 vm_max=648320826.737 laser_center=[0.     0.0025 0.011 ] laser_switch=0 effective_power=0 vtk=
global_step=1413 mode=layer_dwell layer=11/13 highest_printed_layer=11 hatch=4/4 scan=8/8 front_z=0.011 active_window_cells=63700/109200 printed_cells=63700/109200 cooling_only_cells=0/109200 mechanics_current=0 mechanics_source_step=1408 T_min=347.05 T_max=347.150447834 u_max=8.76784106222e-05 vm_max=648320826.737 laser_center=[0.     0.0025 0.011 ] laser_switch=0 effective_power=0 vtk=
global_step=1414 mode=layer_dwell layer=11/13 highest_printed_layer=11 hatch=4/4 scan=8/8 front_z=0.011 active_window_cells=63700/109200 printed_cells=63700/109200 cooling_only_cells=0/109200 mechanics_current=0 mechanics_source_step=1408 T_min=347.05 T_max=347.138793326 u_max=8.76784106222e-05 vm_max=648320826.737 laser_center=[0.     0.0025 0.011 ] laser_switch=0 effective_power=0 vtk=
global_step=1415 mode=layer_dwell layer=11/13 highest_printed_layer=11 hatch=4/4 scan=8/8 front_z=0.011 active_window_cells=63700/109200 printed_cells=63700/109200 cooling_only_cells=0/109200 mechanics_current=0 mechanics_source_step=1408 T_min=347.05 T_max=347.128478954 u_max=8.76784106222e-05 vm_max=648320826.737 laser_center=[0.     0.0025 0.011 ] laser_switch=0 effective_power=0 vtk=
global_step=1416 mode=layer_dwell layer=11/13 highest_printed_layer=11 hatch=4/4 scan=8/8 front_z=0.011 active_window_cells=63700/109200 printed_cells=63700/109200 cooling_only_cells=0/109200 mechanics_current=0 mechanics_source_step=1408 T_min=347.05 T_max=347.119352655 u_max=8.76784106222e-05 vm_max=648320826.737 laser_center=[0.     0.0025 0.011 ] laser_switch=0 effective_power=0 vtk=
global_step=1417 mode=layer_dwell layer=11/13 highest_printed_layer=11 hatch=4/4 scan=8/8 front_z=0.011 active_window_cells=63700/109200 printed_cells=63700/109200 cooling_only_cells=0/109200 mechanics_current=0 mechanics_source_step=1408 T_min=347.05 T_max=347.111279275 u_max=8.76784106222e-05 vm_max=648320826.737 laser_center=[0.     0.0025 0.011 ] laser_switch=0 effective_power=0 vtk=
global_step=1418 mode=layer_dwell layer=11/13 highest_printed_layer=11 hatch=4/4 scan=8/8 front_z=0.011 active_window_cells=63700/109200 printed_cells=63700/109200 cooling_only_cells=0/109200 mechanics_current=0 mechanics_source_step=1408 T_min=347.05 T_max=347.104138743 u_max=8.76784106222e-05 vm_max=648320826.737 laser_center=[0.     0.0025 0.011 ] laser_switch=0 effective_power=0 vtk=
global_step=1419 mode=layer_dwell layer=11/13 highest_printed_layer=11 hatch=4/4 scan=8/8 front_z=0.011 active_window_cells=63700/109200 printed_cells=63700/109200 cooling_only_cells=0/109200 mechanics_current=0 mechanics_source_step=1408 T_min=347.05 T_max=347.097824442 u_max=8.76784106222e-05 vm_max=648320826.737 laser_center=[0.     0.0025 0.011 ] laser_switch=0 effective_power=0 vtk=
global_step=1420 mode=layer_dwell layer=11/13 highest_printed_layer=11 hatch=4/4 scan=8/8 front_z=0.011 active_window_cells=63700/109200 printed_cells=63700/109200 cooling_only_cells=0/109200 mechanics_current=0 mechanics_source_step=1408 T_min=347.05 T_max=347.092241742 u_max=8.76784106222e-05 vm_max=648320826.737 laser_center=[0.     0.0025 0.011 ] laser_switch=0 effective_power=0 vtk=
global_step=1421 mode=layer_dwell layer=11/13 highest_printed_layer=11 hatch=4/4 scan=8/8 front_z=0.011 active_window_cells=63700/109200 printed_cells=63700/109200 cooling_only_cells=0/109200 mechanics_current=0 mechanics_source_step=1408 T_min=347.05 T_max=347.087306685 u_max=8.76784106222e-05 vm_max=648320826.737 laser_center=[0.     0.0025 0.011 ] laser_switch=0 effective_power=0 vtk=
global_step=1422 mode=layer_dwell layer=11/13 highest_printed_layer=11 hatch=4/4 scan=8/8 front_z=0.011 active_window_cells=63700/109200 printed_cells=63700/109200 cooling_only_cells=0/109200 mechanics_current=0 mechanics_source_step=1408 T_min=347.05 T_max=347.082944815 u_max=8.76784106222e-05 vm_max=648320826.737 laser_center=[0.     0.0025 0.011 ] laser_switch=0 effective_power=0 vtk=
global_step=1423 mode=layer_dwell layer=11/13 highest_printed_layer=11 hatch=4/4 scan=8/8 front_z=0.011 active_window_cells=63700/109200 printed_cells=63700/109200 cooling_only_cells=0/109200 mechanics_current=0 mechanics_source_step=1408 T_min=347.05 T_max=347.079090118 u_max=8.76784106222e-05 vm_max=648320826.737 laser_center=[0.     0.0025 0.011 ] laser_switch=0 effective_power=0 vtk=
global_step=1424 mode=layer_dwell layer=11/13 highest_printed_layer=11 hatch=4/4 scan=8/8 front_z=0.011 active_window_cells=63700/109200 printed_cells=63700/109200 cooling_only_cells=0/109200 mechanics_current=1 mechanics_source_step=1424 T_min=347.05 T_max=347.07568409 u_max=8.76863609242e-05 vm_max=648323444.223 laser_center=[0.     0.0025 0.011 ] laser_switch=0 effective_power=0 vtk=/home/user/work/output/amb_l0_20260731T092534Z/step_001424_layer_dwell.vtu
global_step=1425 mode=layer_dwell layer=11/13 highest_printed_layer=11 hatch=4/4 scan=8/8 front_z=0.011 active_window_cells=63700/109200 printed_cells=63700/109200 cooling_only_cells=0/109200 mechanics_current=0 mechanics_source_step=1424 T_min=347.05 T_max=347.072674898 u_max=8.76863609242e-05 vm_max=648323444.223 laser_center=[0.     0.0025 0.011 ] laser_switch=0 effective_power=0 vtk=
global_step=1426 mode=layer_dwell layer=11/13 highest_printed_layer=11 hatch=4/4 scan=8/8 front_z=0.011 active_window_cells=63700/109200 printed_cells=63700/109200 cooling_only_cells=0/109200 mechanics_current=0 mechanics_source_step=1424 T_min=347.05 T_max=347.070016631 u_max=8.76863609242e-05 vm_max=648323444.223 laser_center=[0.     0.0025 0.011 ] laser_switch=0 effective_power=0 vtk=
global_step=1427 mode=layer_dwell layer=11/13 highest_printed_layer=11 hatch=4/4 scan=8/8 front_z=0.011 active_window_cells=63700/109200 printed_cells=63700/109200 cooling_only_cells=0/109200 mechanics_current=0 mechanics_source_step=1424 T_min=347.05 T_max=347.067668635 u_max=8.76863609242e-05 vm_max=648323444.223 laser_center=[0.     0.0025 0.011 ] laser_switch=0 effective_power=0 vtk=
global_step=1428 mode=layer_dwell layer=11/13 highest_printed_layer=11 hatch=4/4 scan=8/8 front_z=0.011 active_window_cells=63700/109200 printed_cells=63700/109200 cooling_only_cells=0/109200 mechanics_current=0 mechanics_source_step=1424 T_min=347.05 T_max=347.065594923 u_max=8.76863609242e-05 vm_max=648323444.223 laser_center=[0.     0.0025 0.011 ] laser_switch=0 effective_power=0 vtk=
global_step=1429 mode=layer_dwell layer=11/13 highest_printed_layer=11 hatch=4/4 scan=8/8 front_z=0.011 active_window_cells=63700/109200 printed_cells=63700/109200 cooling_only_cells=0/109200 mechanics_current=0 mechanics_source_step=1424 T_min=347.05 T_max=347.06376364 u_max=8.76863609242e-05 vm_max=648323444.223 laser_center=[0.     0.0025 0.011 ] laser_switch=0 effective_power=0 vtk=
global_step=1430 mode=layer_dwell layer=11/13 highest_printed_layer=11 hatch=4/4 scan=8/8 front_z=0.011 active_window_cells=63700/109200 printed_cells=63700/109200 cooling_only_cells=0/109200 mechanics_current=0 mechanics_source_step=1424 T_min=347.05 T_max=347.062146604 u_max=8.76863609242e-05 vm_max=648323444.223 laser_center=[0.     0.0025 0.011 ] laser_switch=0 effective_power=0 vtk=
global_step=1431 mode=layer_dwell layer=11/13 highest_printed_layer=11 hatch=4/4 scan=8/8 front_z=0.011 active_window_cells=63700/109200 printed_cells=63700/109200 cooling_only_cells=0/109200 mechanics_current=0 mechanics_source_step=1424 T_min=347.05 T_max=347.060718879 u_max=8.76863609242e-05 vm_max=648323444.223 laser_center=[0.     0.0025 0.011 ] laser_switch=0 effective_power=0 vtk=
global_step=1432 mode=layer_dwell layer=11/13 highest_printed_layer=11 hatch=4/4 scan=8/8 front_z=0.011 active_window_cells=63700/109200 printed_cells=63700/109200 cooling_only_cells=0/109200 mechanics_current=0 mechanics_source_step=1424 T_min=347.05 T_max=347.059458412 u_max=8.76863609242e-05 vm_max=648323444.223 laser_center=[0.     0.0025 0.011 ] laser_switch=0 effective_power=0 vtk=
global_step=1433 mode=layer_dwell layer=11/13 highest_printed_layer=11 hatch=4/4 scan=8/8 front_z=0.011 active_window_cells=63700/109200 printed_cells=63700/109200 cooling_only_cells=0/109200 mechanics_current=0 mechanics_source_step=1424 T_min=347.05 T_max=347.058345701 u_max=8.76863609242e-05 vm_max=648323444.223 laser_center=[0.     0.0025 0.011 ] laser_switch=0 effective_power=0 vtk=
global_step=1434 mode=layer_dwell layer=11/13 highest_printed_layer=11 hatch=4/4 scan=8/8 front_z=0.011 active_window_cells=63700/109200 printed_cells=63700/109200 cooling_only_cells=0/109200 mechanics_current=0 mechanics_source_step=1424 T_min=347.05 T_max=347.057363501 u_max=8.76863609242e-05 vm_max=648323444.223 laser_center=[0.     0.0025 0.011 ] laser_switch=0 effective_power=0 vtk=
global_step=1435 mode=layer_dwell layer=11/13 highest_printed_layer=11 hatch=4/4 scan=8/8 front_z=0.011 active_window_cells=63700/109200 printed_cells=63700/109200 cooling_only_cells=0/109200 mechanics_current=0 mechanics_source_step=1424 T_min=347.05 T_max=347.056496569 u_max=8.76863609242e-05 vm_max=648323444.223 laser_center=[0.     0.0025 0.011 ] laser_switch=0 effective_power=0 vtk=
global_step=1436 mode=layer_dwell layer=11/13 highest_printed_layer=11 hatch=4/4 scan=8/8 front_z=0.011 active_window_cells=63700/109200 printed_cells=63700/109200 cooling_only_cells=0/109200 mechanics_current=0 mechanics_source_step=1424 T_min=347.05 T_max=347.055731429 u_max=8.76863609242e-05 vm_max=648323444.223 laser_center=[0.     0.0025 0.011 ] laser_switch=0 effective_power=0 vtk=
global_step=1437 mode=layer_dwell layer=11/13 highest_printed_layer=11 hatch=4/4 scan=8/8 front_z=0.011 active_window_cells=63700/109200 printed_cells=63700/109200 cooling_only_cells=0/109200 mechanics_current=0 mechanics_source_step=1424 T_min=347.05 T_max=347.055056176 u_max=8.76863609242e-05 vm_max=648323444.223 laser_center=[0.     0.0025 0.011 ] laser_switch=0 effective_power=0 vtk=
global_step=1438 mode=layer_dwell layer=11/13 highest_printed_layer=11 hatch=4/4 scan=8/8 front_z=0.011 active_window_cells=63700/109200 printed_cells=63700/109200 cooling_only_cells=0/109200 mechanics_current=0 mechanics_source_step=1424 T_min=347.05 T_max=347.054460286 u_max=8.76863609242e-05 vm_max=648323444.223 laser_center=[0.     0.0025 0.011 ] laser_switch=0 effective_power=0 vtk=
global_step=1439 mode=layer_dwell layer=11/13 highest_printed_layer=11 hatch=4/4 scan=8/8 front_z=0.011 active_window_cells=63700/109200 printed_cells=63700/109200 cooling_only_cells=0/109200 mechanics_current=0 mechanics_source_step=1424 T_min=347.05 T_max=347.053934464 u_max=8.76863609242e-05 vm_max=648323444.223 laser_center=[0.     0.0025 0.011 ] laser_switch=0 effective_power=0 vtk=
global_step=1440 mode=layer_dwell layer=11/13 highest_printed_layer=11 hatch=4/4 scan=8/8 front_z=0.011 active_window_cells=63700/109200 printed_cells=63700/109200 cooling_only_cells=0/109200 mechanics_current=1 mechanics_source_step=1440 T_min=347.05 T_max=347.053470496 u_max=8.76871933055e-05 vm_max=648323706.293 laser_center=[0.     0.0025 0.011 ] laser_switch=0 effective_power=0 vtk=/home/user/work/output/amb_l0_20260731T092534Z/step_001440_layer_dwell.vtu
global_step=1441 mode=layer_dwell layer=11/13 highest_printed_layer=11 hatch=4/4 scan=8/8 front_z=0.011 active_window_cells=63700/109200 printed_cells=63700/109200 cooling_only_cells=0/109200 mechanics_current=0 mechanics_source_step=1440 T_min=347.05 T_max=347.053061128 u_max=8.76871933055e-05 vm_max=648323706.293 laser_center=[0.     0.0025 0.011 ] laser_switch=0 effective_power=0 vtk=
global_step=1442 mode=layer_dwell layer=11/13 highest_printed_layer=11 hatch=4/4 scan=8/8 front_z=0.011 active_window_cells=63700/109200 printed_cells=63700/109200 cooling_only_cells=0/109200 mechanics_current=0 mechanics_source_step=1440 T_min=347.05 T_max=347.052699953 u_max=8.76871933055e-05 vm_max=648323706.293 laser_center=[0.     0.0025 0.011 ] laser_switch=0 effective_power=0 vtk=
global_step=1443 mode=layer_dwell layer=11/13 highest_printed_layer=11 hatch=4/4 scan=8/8 front_z=0.011 active_window_cells=63700/109200 printed_cells=63700/109200 cooling_only_cells=0/109200 mechanics_current=0 mechanics_source_step=1440 T_min=347.05 T_max=347.052381313 u_max=8.76871933055e-05 vm_max=648323706.293 laser_center=[0.     0.0025 0.011 ] laser_switch=0 effective_power=0 vtk=
global_step=1444 mode=layer_dwell layer=11/13 highest_printed_layer=11 hatch=4/4 scan=8/8 front_z=0.011 active_window_cells=63700/109200 printed_cells=63700/109200 cooling_only_cells=0/109200 mechanics_current=0 mechanics_source_step=1440 T_min=347.05 T_max=347.052100211 u_max=8.76871933055e-05 vm_max=648323706.293 laser_center=[0.     0.0025 0.011 ] laser_switch=0 effective_power=0 vtk=
global_step=1445 mode=layer_dwell layer=11/13 highest_printed_layer=11 hatch=4/4 scan=8/8 front_z=0.011 active_window_cells=63700/109200 printed_cells=63700/109200 cooling_only_cells=0/109200 mechanics_current=0 mechanics_source_step=1440 T_min=347.05 T_max=347.051852236 u_max=8.76871933055e-05 vm_max=648323706.293 laser_center=[0.     0.0025 0.011 ] laser_switch=0 effective_power=0 vtk=
global_step=1446 mode=layer_dwell layer=11/13 highest_printed_layer=11 hatch=4/4 scan=8/8 front_z=0.011 active_window_cells=63700/109200 printed_cells=63700/109200 cooling_only_cells=0/109200 mechanics_current=0 mechanics_source_step=1440 T_min=347.05 T_max=347.051633494 u_max=8.76871933055e-05 vm_max=648323706.293 laser_center=[0.     0.0025 0.011 ] laser_switch=0 effective_power=0 vtk=
global_step=1447 mode=layer_dwell layer=11/13 highest_printed_layer=11 hatch=4/4 scan=8/8 front_z=0.011 active_window_cells=63700/109200 printed_cells=63700/109200 cooling_only_cells=0/109200 mechanics_current=0 mechanics_source_step=1440 T_min=347.05 T_max=347.051440544 u_max=8.76871933055e-05 vm_max=648323706.293 laser_center=[0.     0.0025 0.011 ] laser_switch=0 effective_power=0 vtk=
global_step=1448 mode=layer_dwell layer=11/13 highest_printed_layer=11 hatch=4/4 scan=8/8 front_z=0.011 active_window_cells=63700/109200 printed_cells=63700/109200 cooling_only_cells=0/109200 mechanics_current=0 mechanics_source_step=1440 T_min=347.05 T_max=347.051440544 u_max=8.76871933055e-05 vm_max=648323706.293 laser_center=[0.     0.0025 0.011 ] laser_switch=0 effective_power=0 vtk=
global_step=1449 mode=layer_dwell layer=11/13 highest_printed_layer=11 hatch=4/4 scan=8/8 front_z=0.011 active_window_cells=63700/109200 printed_cells=63700/109200 cooling_only_cells=0/109200 mechanics_current=0 mechanics_source_step=1440 T_min=347.05 T_max=347.051440544 u_max=8.76871933055e-05 vm_max=648323706.293 laser_center=[0.     0.0025 0.011 ] laser_switch=0 effective_power=0 vtk=
global_step=1450 mode=layer_dwell layer=11/13 highest_printed_layer=11 hatch=4/4 scan=8/8 front_z=0.011 active_window_cells=63700/109200 printed_cells=63700/109200 cooling_only_cells=0/109200 mechanics_current=0 mechanics_source_step=1440 T_min=347.05 T_max=347.051440544 u_max=8.76871933055e-05 vm_max=648323706.293 laser_center=[0.     0.0025 0.011 ] laser_switch=0 effective_power=0 vtk=
global_step=1451 mode=layer_dwell layer=11/13 highest_printed_layer=11 hatch=4/4 scan=8/8 front_z=0.011 active_window_cells=63700/109200 printed_cells=63700/109200 cooling_only_cells=0/109200 mechanics_current=0 mechanics_source_step=1440 T_min=347.05 T_max=347.051440544 u_max=8.76871933055e-05 vm_max=648323706.293 laser_center=[0.     0.0025 0.011 ] laser_switch=0 effective_power=0 vtk=
global_step=1452 mode=layer_dwell layer=11/13 highest_printed_layer=11 hatch=4/4 scan=8/8 front_z=0.011 active_window_cells=63700/109200 printed_cells=63700/109200 cooling_only_cells=0/109200 mechanics_current=0 mechanics_source_step=1440 T_min=347.05 T_max=347.051440544 u_max=8.76871933055e-05 vm_max=648323706.293 laser_center=[0.     0.0025 0.011 ] laser_switch=0 effective_power=0 vtk=
global_step=1453 mode=layer_dwell layer=11/13 highest_printed_layer=11 hatch=4/4 scan=8/8 front_z=0.011 active_window_cells=63700/109200 printed_cells=63700/109200 cooling_only_cells=0/109200 mechanics_current=0 mechanics_source_step=1440 T_min=347.05 T_max=347.051440544 u_max=8.76871933055e-05 vm_max=648323706.293 laser_center=[0.     0.0025 0.011 ] laser_switch=0 effective_power=0 vtk=
global_step=1454 mode=layer_dwell layer=11/13 highest_printed_layer=11 hatch=4/4 scan=8/8 front_z=0.011 active_window_cells=63700/109200 printed_cells=63700/109200 cooling_only_cells=0/109200 mechanics_current=0 mechanics_source_step=1440 T_min=347.05 T_max=347.051440544 u_max=8.76871933055e-05 vm_max=648323706.293 laser_center=[0.     0.0025 0.011 ] laser_switch=0 effective_power=0 vtk=
global_step=1455 mode=layer_dwell layer=11/13 highest_printed_layer=11 hatch=4/4 scan=8/8 front_z=0.011 active_window_cells=63700/109200 printed_cells=63700/109200 cooling_only_cells=0/109200 mechanics_current=0 mechanics_source_step=1440 T_min=347.05 T_max=347.051440544 u_max=8.76871933055e-05 vm_max=648323706.293 laser_center=[0.     0.0025 0.011 ] laser_switch=0 effective_power=0 vtk=
global_step=1456 mode=layer_dwell layer=11/13 highest_printed_layer=11 hatch=4/4 scan=8/8 front_z=0.011 active_window_cells=63700/109200 printed_cells=63700/109200 cooling_only_cells=0/109200 mechanics_current=1 mechanics_source_step=1456 T_min=347.05 T_max=347.051440544 u_max=8.76872595652e-05 vm_max=648323726.122 laser_center=[0.     0.0025 0.011 ] laser_switch=0 effective_power=0 vtk=/home/user/work/output/amb_l0_20260731T092534Z/step_001456_layer_dwell.vtu
global_step=1457 mode=layer_dwell layer=11/13 highest_printed_layer=11 hatch=4/4 scan=8/8 front_z=0.011 active_window_cells=63700/109200 printed_cells=63700/109200 cooling_only_cells=0/109200 mechanics_current=0 mechanics_source_step=1456 T_min=347.05 T_max=347.051440544 u_max=8.76872595652e-05 vm_max=648323726.122 laser_center=[0.     0.0025 0.011 ] laser_switch=0 effective_power=0 vtk=
global_step=1458 mode=layer_dwell layer=11/13 highest_printed_layer=11 hatch=4/4 scan=8/8 front_z=0.011 active_window_cells=63700/109200 printed_cells=63700/109200 cooling_only_cells=0/109200 mechanics_current=0 mechanics_source_step=1456 T_min=347.05 T_max=347.051440544 u_max=8.76872595652e-05 vm_max=648323726.122 laser_center=[0.     0.0025 0.011 ] laser_switch=0 effective_power=0 vtk=
global_step=1459 mode=layer_dwell layer=11/13 highest_printed_layer=11 hatch=4/4 scan=8/8 front_z=0.011 active_window_cells=63700/109200 printed_cells=63700/109200 cooling_only_cells=0/109200 mechanics_current=0 mechanics_source_step=1456 T_min=347.05 T_max=347.051440544 u_max=8.76872595652e-05 vm_max=648323726.122 laser_center=[0.     0.0025 0.011 ] laser_switch=0 effective_power=0 vtk=
global_step=1460 mode=layer_dwell layer=11/13 highest_printed_layer=11 hatch=4/4 scan=8/8 front_z=0.011 active_window_cells=63700/109200 printed_cells=63700/109200 cooling_only_cells=0/109200 mechanics_current=0 mechanics_source_step=1456 T_min=347.05 T_max=347.051440544 u_max=8.76872595652e-05 vm_max=648323726.122 laser_center=[0.     0.0025 0.011 ] laser_switch=0 effective_power=0 vtk=
global_step=1461 mode=layer_dwell layer=11/13 highest_printed_layer=11 hatch=4/4 scan=8/8 front_z=0.011 active_window_cells=63700/109200 printed_cells=63700/109200 cooling_only_cells=0/109200 mechanics_current=0 mechanics_source_step=1456 T_min=347.05 T_max=347.051440544 u_max=8.76872595652e-05 vm_max=648323726.122 laser_center=[0.     0.0025 0.011 ] laser_switch=0 effective_power=0 vtk=
global_step=1462 mode=layer_dwell layer=11/13 highest_printed_layer=11 hatch=4/4 scan=8/8 front_z=0.011 active_window_cells=63700/109200 printed_cells=63700/109200 cooling_only_cells=0/109200 mechanics_current=0 mechanics_source_step=1456 T_min=347.05 T_max=347.051440544 u_max=8.76872595652e-05 vm_max=648323726.122 laser_center=[0.     0.0025 0.011 ] laser_switch=0 effective_power=0 vtk=
global_step=1463 mode=scan layer=12/13 highest_printed_layer=12 hatch=1/4 scan=1/8 front_z=0.012 active_window_cells=65180/109200 printed_cells=65180/109200 cooling_only_cells=0/109200 mechanics_current=1 mechanics_source_step=1463 T_min=347.05 T_max=2234.53409914 u_max=0.000104752618328 vm_max=600239868.297 laser_center=[ 0.     -0.0025  0.012 ] laser_switch=1 effective_power=30.225 vtk=/home/user/work/output/amb_l0_20260731T092534Z/step_001463_scan.vtu
global_step=1464 mode=scan layer=12/13 highest_printed_layer=12 hatch=1/4 scan=2/8 front_z=0.012 active_window_cells=65180/109200 printed_cells=65180/109200 cooling_only_cells=0/109200 mechanics_current=0 mechanics_source_step=1463 T_min=347.05 T_max=1483.73603241 u_max=0.000104752618328 vm_max=600239868.297 laser_center=[ 0.01071429 -0.0025      0.012     ] laser_switch=1 effective_power=30.225 vtk=
global_step=1465 mode=scan layer=12/13 highest_printed_layer=12 hatch=1/4 scan=3/8 front_z=0.012 active_window_cells=65180/109200 printed_cells=65180/109200 cooling_only_cells=0/109200 mechanics_current=0 mechanics_source_step=1463 T_min=347.05 T_max=1502.23225208 u_max=0.000104752618328 vm_max=600239868.297 laser_center=[ 0.02142857 -0.0025      0.012     ] laser_switch=1 effective_power=30.225 vtk=
global_step=1466 mode=scan layer=12/13 highest_printed_layer=12 hatch=1/4 scan=4/8 front_z=0.012 active_window_cells=65180/109200 printed_cells=65180/109200 cooling_only_cells=0/109200 mechanics_current=0 mechanics_source_step=1463 T_min=347.05 T_max=1489.03521918 u_max=0.000104752618328 vm_max=600239868.297 laser_center=[ 0.03214286 -0.0025      0.012     ] laser_switch=1 effective_power=30.225 vtk=
global_step=1467 mode=scan layer=12/13 highest_printed_layer=12 hatch=1/4 scan=5/8 front_z=0.012 active_window_cells=65180/109200 printed_cells=65180/109200 cooling_only_cells=0/109200 mechanics_current=0 mechanics_source_step=1463 T_min=347.05 T_max=1499.4517399 u_max=0.000104752618328 vm_max=600239868.297 laser_center=[ 0.04285714 -0.0025      0.012     ] laser_switch=1 effective_power=30.225 vtk=
global_step=1468 mode=scan layer=12/13 highest_printed_layer=12 hatch=1/4 scan=6/8 front_z=0.012 active_window_cells=65180/109200 printed_cells=65180/109200 cooling_only_cells=0/109200 mechanics_current=0 mechanics_source_step=1463 T_min=347.05 T_max=1493.24652732 u_max=0.000104752618328 vm_max=600239868.297 laser_center=[ 0.05357143 -0.0025      0.012     ] laser_switch=1 effective_power=30.225 vtk=
global_step=1469 mode=scan layer=12/13 highest_printed_layer=12 hatch=1/4 scan=7/8 front_z=0.012 active_window_cells=65180/109200 printed_cells=65180/109200 cooling_only_cells=0/109200 mechanics_current=0 mechanics_source_step=1463 T_min=347.05 T_max=1486.2097709 u_max=0.000104752618328 vm_max=600239868.297 laser_center=[ 0.06428571 -0.0025      0.012     ] laser_switch=1 effective_power=30.225 vtk=
global_step=1470 mode=scan layer=12/13 highest_printed_layer=12 hatch=1/4 scan=8/8 front_z=0.012 active_window_cells=65180/109200 printed_cells=65180/109200 cooling_only_cells=0/109200 mechanics_current=0 mechanics_source_step=1463 T_min=347.05 T_max=2321.18234541 u_max=0.000104752618328 vm_max=600239868.297 laser_center=[ 0.075  -0.0025  0.012 ] laser_switch=1 effective_power=30.225 vtk=
global_step=1471 mode=scan layer=12/13 highest_printed_layer=12 hatch=2/4 scan=1/8 front_z=0.012 active_window_cells=65180/109200 printed_cells=65180/109200 cooling_only_cells=0/109200 mechanics_current=0 mechanics_source_step=1463 T_min=347.05 T_max=1642.68700393 u_max=0.000104752618328 vm_max=600239868.297 laser_center=[ 0.075      -0.00083333  0.012     ] laser_switch=1 effective_power=30.225 vtk=
global_step=1472 mode=scan layer=12/13 highest_printed_layer=12 hatch=2/4 scan=2/8 front_z=0.012 active_window_cells=65180/109200 printed_cells=65180/109200 cooling_only_cells=0/109200 mechanics_current=1 mechanics_source_step=1472 T_min=347.05 T_max=759.82193595 u_max=8.32196402578e-05 vm_max=648522981.639 laser_center=[ 0.06428571 -0.00083333  0.012     ] laser_switch=1 effective_power=30.225 vtk=/home/user/work/output/amb_l0_20260731T092534Z/step_001472_scan.vtu
global_step=1473 mode=scan layer=12/13 highest_printed_layer=12 hatch=2/4 scan=3/8 front_z=0.012 active_window_cells=65180/109200 printed_cells=65180/109200 cooling_only_cells=0/109200 mechanics_current=0 mechanics_source_step=1472 T_min=347.05 T_max=753.543852838 u_max=8.32196402578e-05 vm_max=648522981.639 laser_center=[ 0.05357143 -0.00083333  0.012     ] laser_switch=1 effective_power=30.225 vtk=
global_step=1474 mode=scan layer=12/13 highest_printed_layer=12 hatch=2/4 scan=4/8 front_z=0.012 active_window_cells=65180/109200 printed_cells=65180/109200 cooling_only_cells=0/109200 mechanics_current=0 mechanics_source_step=1472 T_min=347.05 T_max=751.596914037 u_max=8.32196402578e-05 vm_max=648522981.639 laser_center=[ 0.04285714 -0.00083333  0.012     ] laser_switch=1 effective_power=30.225 vtk=
global_step=1475 mode=scan layer=12/13 highest_printed_layer=12 hatch=2/4 scan=5/8 front_z=0.012 active_window_cells=65180/109200 printed_cells=65180/109200 cooling_only_cells=0/109200 mechanics_current=0 mechanics_source_step=1472 T_min=347.05 T_max=745.755476207 u_max=8.32196402578e-05 vm_max=648522981.639 laser_center=[ 0.03214286 -0.00083333  0.012     ] laser_switch=1 effective_power=30.225 vtk=
global_step=1476 mode=scan layer=12/13 highest_printed_layer=12 hatch=2/4 scan=6/8 front_z=0.012 active_window_cells=65180/109200 printed_cells=65180/109200 cooling_only_cells=0/109200 mechanics_current=0 mechanics_source_step=1472 T_min=347.05 T_max=747.923398418 u_max=8.32196402578e-05 vm_max=648522981.639 laser_center=[ 0.02142857 -0.00083333  0.012     ] laser_switch=1 effective_power=30.225 vtk=
global_step=1477 mode=scan layer=12/13 highest_printed_layer=12 hatch=2/4 scan=7/8 front_z=0.012 active_window_cells=65180/109200 printed_cells=65180/109200 cooling_only_cells=0/109200 mechanics_current=0 mechanics_source_step=1472 T_min=347.05 T_max=743.052633047 u_max=8.32196402578e-05 vm_max=648522981.639 laser_center=[ 0.01071429 -0.00083333  0.012     ] laser_switch=1 effective_power=30.225 vtk=
global_step=1478 mode=scan layer=12/13 highest_printed_layer=12 hatch=2/4 scan=8/8 front_z=0.012 active_window_cells=65180/109200 printed_cells=65180/109200 cooling_only_cells=0/109200 mechanics_current=0 mechanics_source_step=1472 T_min=347.05 T_max=1557.30479987 u_max=8.32196402578e-05 vm_max=648522981.639 laser_center=[ 0.         -0.00083333  0.012     ] laser_switch=1 effective_power=30.225 vtk=
global_step=1479 mode=scan layer=12/13 highest_printed_layer=12 hatch=3/4 scan=1/8 front_z=0.012 active_window_cells=65180/109200 printed_cells=65180/109200 cooling_only_cells=0/109200 mechanics_current=0 mechanics_source_step=1472 T_min=347.05 T_max=1382.50917855 u_max=8.32196402578e-05 vm_max=648522981.639 laser_center=[0.         0.00083333 0.012     ] laser_switch=1 effective_power=30.225 vtk=
global_step=1480 mode=scan layer=12/13 highest_printed_layer=12 hatch=3/4 scan=2/8 front_z=0.012 active_window_cells=65180/109200 printed_cells=65180/109200 cooling_only_cells=0/109200 mechanics_current=0 mechanics_source_step=1472 T_min=347.05 T_max=769.283561496 u_max=8.32196402578e-05 vm_max=648522981.639 laser_center=[0.01071429 0.00083333 0.012     ] laser_switch=1 effective_power=30.225 vtk=
global_step=1481 mode=scan layer=12/13 highest_printed_layer=12 hatch=3/4 scan=3/8 front_z=0.012 active_window_cells=65180/109200 printed_cells=65180/109200 cooling_only_cells=0/109200 mechanics_current=0 mechanics_source_step=1472 T_min=347.05 T_max=761.211375341 u_max=8.32196402578e-05 vm_max=648522981.639 laser_center=[0.02142857 0.00083333 0.012     ] laser_switch=1 effective_power=30.225 vtk=
global_step=1482 mode=scan layer=12/13 highest_printed_layer=12 hatch=3/4 scan=4/8 front_z=0.012 active_window_cells=65180/109200 printed_cells=65180/109200 cooling_only_cells=0/109200 mechanics_current=0 mechanics_source_step=1472 T_min=347.05 T_max=752.41875965 u_max=8.32196402578e-05 vm_max=648522981.639 laser_center=[0.03214286 0.00083333 0.012     ] laser_switch=1 effective_power=30.225 vtk=
global_step=1483 mode=scan layer=12/13 highest_printed_layer=12 hatch=3/4 scan=5/8 front_z=0.012 active_window_cells=65180/109200 printed_cells=65180/109200 cooling_only_cells=0/109200 mechanics_current=0 mechanics_source_step=1472 T_min=347.05 T_max=750.147573049 u_max=8.32196402578e-05 vm_max=648522981.639 laser_center=[0.04285714 0.00083333 0.012     ] laser_switch=1 effective_power=30.225 vtk=
global_step=1484 mode=scan layer=12/13 highest_printed_layer=12 hatch=3/4 scan=6/8 front_z=0.012 active_window_cells=65180/109200 printed_cells=65180/109200 cooling_only_cells=0/109200 mechanics_current=0 mechanics_source_step=1472 T_min=347.05 T_max=746.176576243 u_max=8.32196402578e-05 vm_max=648522981.639 laser_center=[0.05357143 0.00083333 0.012     ] laser_switch=1 effective_power=30.225 vtk=
global_step=1485 mode=scan layer=12/13 highest_printed_layer=12 hatch=3/4 scan=7/8 front_z=0.012 active_window_cells=65180/109200 printed_cells=65180/109200 cooling_only_cells=0/109200 mechanics_current=0 mechanics_source_step=1472 T_min=347.05 T_max=739.95940248 u_max=8.32196402578e-05 vm_max=648522981.639 laser_center=[0.06428571 0.00083333 0.012     ] laser_switch=1 effective_power=30.225 vtk=
global_step=1486 mode=scan layer=12/13 highest_printed_layer=12 hatch=3/4 scan=8/8 front_z=0.012 active_window_cells=65180/109200 printed_cells=65180/109200 cooling_only_cells=0/109200 mechanics_current=0 mechanics_source_step=1472 T_min=347.05 T_max=1779.48055422 u_max=8.32196402578e-05 vm_max=648522981.639 laser_center=[0.075      0.00083333 0.012     ] laser_switch=1 effective_power=30.225 vtk=
global_step=1487 mode=scan layer=12/13 highest_printed_layer=12 hatch=4/4 scan=1/8 front_z=0.012 active_window_cells=65180/109200 printed_cells=65180/109200 cooling_only_cells=0/109200 mechanics_current=0 mechanics_source_step=1472 T_min=347.05 T_max=2005.20623755 u_max=8.32196402578e-05 vm_max=648522981.639 laser_center=[0.075  0.0025 0.012 ] laser_switch=1 effective_power=30.225 vtk=
global_step=1488 mode=scan layer=12/13 highest_printed_layer=12 hatch=4/4 scan=2/8 front_z=0.012 active_window_cells=65180/109200 printed_cells=65180/109200 cooling_only_cells=0/109200 mechanics_current=1 mechanics_source_step=1488 T_min=347.05 T_max=1450.51303485 u_max=8.29078189271e-05 vm_max=648576515.716 laser_center=[0.06428571 0.0025     0.012     ] laser_switch=1 effective_power=30.225 vtk=/home/user/work/output/amb_l0_20260731T092534Z/step_001488_scan.vtu
global_step=1489 mode=scan layer=12/13 highest_printed_layer=12 hatch=4/4 scan=3/8 front_z=0.012 active_window_cells=65180/109200 printed_cells=65180/109200 cooling_only_cells=0/109200 mechanics_current=0 mechanics_source_step=1488 T_min=347.05 T_max=1474.20416031 u_max=8.29078189271e-05 vm_max=648576515.716 laser_center=[0.05357143 0.0025     0.012     ] laser_switch=1 effective_power=30.225 vtk=
global_step=1490 mode=scan layer=12/13 highest_printed_layer=12 hatch=4/4 scan=4/8 front_z=0.012 active_window_cells=65180/109200 printed_cells=65180/109200 cooling_only_cells=0/109200 mechanics_current=0 mechanics_source_step=1488 T_min=347.05 T_max=1488.03711186 u_max=8.29078189271e-05 vm_max=648576515.716 laser_center=[0.04285714 0.0025     0.012     ] laser_switch=1 effective_power=30.225 vtk=
global_step=1491 mode=scan layer=12/13 highest_printed_layer=12 hatch=4/4 scan=5/8 front_z=0.012 active_window_cells=65180/109200 printed_cells=65180/109200 cooling_only_cells=0/109200 mechanics_current=0 mechanics_source_step=1488 T_min=347.05 T_max=1481.83383654 u_max=8.29078189271e-05 vm_max=648576515.716 laser_center=[0.03214286 0.0025     0.012     ] laser_switch=1 effective_power=30.225 vtk=
global_step=1492 mode=scan layer=12/13 highest_printed_layer=12 hatch=4/4 scan=6/8 front_z=0.012 active_window_cells=65180/109200 printed_cells=65180/109200 cooling_only_cells=0/109200 mechanics_current=0 mechanics_source_step=1488 T_min=347.05 T_max=1497.92130597 u_max=8.29078189271e-05 vm_max=648576515.716 laser_center=[0.02142857 0.0025     0.012     ] laser_switch=1 effective_power=30.225 vtk=
global_step=1493 mode=scan layer=12/13 highest_printed_layer=12 hatch=4/4 scan=7/8 front_z=0.012 active_window_cells=65180/109200 printed_cells=65180/109200 cooling_only_cells=0/109200 mechanics_current=0 mechanics_source_step=1488 T_min=347.05 T_max=1480.6726749 u_max=8.29078189271e-05 vm_max=648576515.716 laser_center=[0.01071429 0.0025     0.012     ] laser_switch=1 effective_power=30.225 vtk=
global_step=1494 mode=scan layer=12/13 highest_printed_layer=12 hatch=4/4 scan=8/8 front_z=0.012 active_window_cells=65180/109200 printed_cells=65180/109200 cooling_only_cells=0/109200 mechanics_current=0 mechanics_source_step=1488 T_min=347.05 T_max=1752.90665786 u_max=8.29078189271e-05 vm_max=648576515.716 laser_center=[0.     0.0025 0.012 ] laser_switch=1 effective_power=30.225 vtk=
global_step=1495 mode=layer_dwell layer=12/13 highest_printed_layer=12 hatch=4/4 scan=8/8 front_z=0.012 active_window_cells=65180/109200 printed_cells=65180/109200 cooling_only_cells=0/109200 mechanics_current=0 mechanics_source_step=1488 T_min=347.05 T_max=608.801204066 u_max=8.29078189271e-05 vm_max=648576515.716 laser_center=[0.     0.0025 0.012 ] laser_switch=0 effective_power=0 vtk=
global_step=1496 mode=layer_dwell layer=12/13 highest_printed_layer=12 hatch=4/4 scan=8/8 front_z=0.012 active_window_cells=65180/109200 printed_cells=65180/109200 cooling_only_cells=0/109200 mechanics_current=0 mechanics_source_step=1488 T_min=347.05 T_max=462.580985104 u_max=8.29078189271e-05 vm_max=648576515.716 laser_center=[0.     0.0025 0.012 ] laser_switch=0 effective_power=0 vtk=
global_step=1497 mode=layer_dwell layer=12/13 highest_printed_layer=12 hatch=4/4 scan=8/8 front_z=0.012 active_window_cells=65180/109200 printed_cells=65180/109200 cooling_only_cells=0/109200 mechanics_current=0 mechanics_source_step=1488 T_min=347.05 T_max=425.712948769 u_max=8.29078189271e-05 vm_max=648576515.716 laser_center=[0.     0.0025 0.012 ] laser_switch=0 effective_power=0 vtk=
global_step=1498 mode=layer_dwell layer=12/13 highest_printed_layer=12 hatch=4/4 scan=8/8 front_z=0.012 active_window_cells=65180/109200 printed_cells=65180/109200 cooling_only_cells=0/109200 mechanics_current=0 mechanics_source_step=1488 T_min=347.05 T_max=410.856250124 u_max=8.29078189271e-05 vm_max=648576515.716 laser_center=[0.     0.0025 0.012 ] laser_switch=0 effective_power=0 vtk=
global_step=1499 mode=layer_dwell layer=12/13 highest_printed_layer=12 hatch=4/4 scan=8/8 front_z=0.012 active_window_cells=65180/109200 printed_cells=65180/109200 cooling_only_cells=0/109200 mechanics_current=0 mechanics_source_step=1488 T_min=347.05 T_max=399.933115299 u_max=8.29078189271e-05 vm_max=648576515.716 laser_center=[0.     0.0025 0.012 ] laser_switch=0 effective_power=0 vtk=
global_step=1500 mode=layer_dwell layer=12/13 highest_printed_layer=12 hatch=4/4 scan=8/8 front_z=0.012 active_window_cells=65180/109200 printed_cells=65180/109200 cooling_only_cells=0/109200 mechanics_current=0 mechanics_source_step=1488 T_min=347.05 T_max=390.952300158 u_max=8.29078189271e-05 vm_max=648576515.716 laser_center=[0.     0.0025 0.012 ] laser_switch=0 effective_power=0 vtk=
global_step=1501 mode=layer_dwell layer=12/13 highest_printed_layer=12 hatch=4/4 scan=8/8 front_z=0.012 active_window_cells=65180/109200 printed_cells=65180/109200 cooling_only_cells=0/109200 mechanics_current=0 mechanics_source_step=1488 T_min=347.05 T_max=383.638993313 u_max=8.29078189271e-05 vm_max=648576515.716 laser_center=[0.     0.0025 0.012 ] laser_switch=0 effective_power=0 vtk=
global_step=1502 mode=layer_dwell layer=12/13 highest_printed_layer=12 hatch=4/4 scan=8/8 front_z=0.012 active_window_cells=65180/109200 printed_cells=65180/109200 cooling_only_cells=0/109200 mechanics_current=0 mechanics_source_step=1488 T_min=347.05 T_max=377.598246056 u_max=8.29078189271e-05 vm_max=648576515.716 laser_center=[0.     0.0025 0.012 ] laser_switch=0 effective_power=0 vtk=
global_step=1503 mode=layer_dwell layer=12/13 highest_printed_layer=12 hatch=4/4 scan=8/8 front_z=0.012 active_window_cells=65180/109200 printed_cells=65180/109200 cooling_only_cells=0/109200 mechanics_current=0 mechanics_source_step=1488 T_min=347.05 T_max=372.599865143 u_max=8.29078189271e-05 vm_max=648576515.716 laser_center=[0.     0.0025 0.012 ] laser_switch=0 effective_power=0 vtk=
global_step=1504 mode=layer_dwell layer=12/13 highest_printed_layer=12 hatch=4/4 scan=8/8 front_z=0.012 active_window_cells=65180/109200 printed_cells=65180/109200 cooling_only_cells=0/109200 mechanics_current=1 mechanics_source_step=1504 T_min=347.05 T_max=368.451219366 u_max=8.52020814989e-05 vm_max=645207628.923 laser_center=[0.     0.0025 0.012 ] laser_switch=0 effective_power=0 vtk=/home/user/work/output/amb_l0_20260731T092534Z/step_001504_layer_dwell.vtu
global_step=1505 mode=layer_dwell layer=12/13 highest_printed_layer=12 hatch=4/4 scan=8/8 front_z=0.012 active_window_cells=65180/109200 printed_cells=65180/109200 cooling_only_cells=0/109200 mechanics_current=0 mechanics_source_step=1504 T_min=347.05 T_max=365.002674137 u_max=8.52020814989e-05 vm_max=645207628.923 laser_center=[0.     0.0025 0.012 ] laser_switch=0 effective_power=0 vtk=
global_step=1506 mode=layer_dwell layer=12/13 highest_printed_layer=12 hatch=4/4 scan=8/8 front_z=0.012 active_window_cells=65180/109200 printed_cells=65180/109200 cooling_only_cells=0/109200 mechanics_current=0 mechanics_source_step=1504 T_min=347.05 T_max=362.138324052 u_max=8.52020814989e-05 vm_max=645207628.923 laser_center=[0.     0.0025 0.012 ] laser_switch=0 effective_power=0 vtk=
global_step=1507 mode=layer_dwell layer=12/13 highest_printed_layer=12 hatch=4/4 scan=8/8 front_z=0.012 active_window_cells=65180/109200 printed_cells=65180/109200 cooling_only_cells=0/109200 mechanics_current=0 mechanics_source_step=1504 T_min=347.05 T_max=359.760132656 u_max=8.52020814989e-05 vm_max=645207628.923 laser_center=[0.     0.0025 0.012 ] laser_switch=0 effective_power=0 vtk=
global_step=1508 mode=layer_dwell layer=12/13 highest_printed_layer=12 hatch=4/4 scan=8/8 front_z=0.012 active_window_cells=65180/109200 printed_cells=65180/109200 cooling_only_cells=0/109200 mechanics_current=0 mechanics_source_step=1504 T_min=347.05 T_max=357.79746876 u_max=8.52020814989e-05 vm_max=645207628.923 laser_center=[0.     0.0025 0.012 ] laser_switch=0 effective_power=0 vtk=
global_step=1509 mode=layer_dwell layer=12/13 highest_printed_layer=12 hatch=4/4 scan=8/8 front_z=0.012 active_window_cells=65180/109200 printed_cells=65180/109200 cooling_only_cells=0/109200 mechanics_current=0 mechanics_source_step=1504 T_min=347.05 T_max=356.210104099 u_max=8.52020814989e-05 vm_max=645207628.923 laser_center=[0.     0.0025 0.012 ] laser_switch=0 effective_power=0 vtk=
global_step=1510 mode=layer_dwell layer=12/13 highest_printed_layer=12 hatch=4/4 scan=8/8 front_z=0.012 active_window_cells=65180/109200 printed_cells=65180/109200 cooling_only_cells=0/109200 mechanics_current=0 mechanics_source_step=1504 T_min=347.05 T_max=354.91789089 u_max=8.52020814989e-05 vm_max=645207628.923 laser_center=[0.     0.0025 0.012 ] laser_switch=0 effective_power=0 vtk=
global_step=1511 mode=layer_dwell layer=12/13 highest_printed_layer=12 hatch=4/4 scan=8/8 front_z=0.012 active_window_cells=65180/109200 printed_cells=65180/109200 cooling_only_cells=0/109200 mechanics_current=0 mechanics_source_step=1504 T_min=347.05 T_max=353.851601437 u_max=8.52020814989e-05 vm_max=645207628.923 laser_center=[0.     0.0025 0.012 ] laser_switch=0 effective_power=0 vtk=
global_step=1512 mode=layer_dwell layer=12/13 highest_printed_layer=12 hatch=4/4 scan=8/8 front_z=0.012 active_window_cells=65180/109200 printed_cells=65180/109200 cooling_only_cells=0/109200 mechanics_current=0 mechanics_source_step=1504 T_min=347.05 T_max=352.967504392 u_max=8.52020814989e-05 vm_max=645207628.923 laser_center=[0.     0.0025 0.012 ] laser_switch=0 effective_power=0 vtk=
global_step=1513 mode=layer_dwell layer=12/13 highest_printed_layer=12 hatch=4/4 scan=8/8 front_z=0.012 active_window_cells=65180/109200 printed_cells=65180/109200 cooling_only_cells=0/109200 mechanics_current=0 mechanics_source_step=1504 T_min=347.05 T_max=352.224885375 u_max=8.52020814989e-05 vm_max=645207628.923 laser_center=[0.     0.0025 0.012 ] laser_switch=0 effective_power=0 vtk=
global_step=1514 mode=layer_dwell layer=12/13 highest_printed_layer=12 hatch=4/4 scan=8/8 front_z=0.012 active_window_cells=65180/109200 printed_cells=65180/109200 cooling_only_cells=0/109200 mechanics_current=0 mechanics_source_step=1504 T_min=347.05 T_max=351.598660252 u_max=8.52020814989e-05 vm_max=645207628.923 laser_center=[0.     0.0025 0.012 ] laser_switch=0 effective_power=0 vtk=
global_step=1515 mode=layer_dwell layer=12/13 highest_printed_layer=12 hatch=4/4 scan=8/8 front_z=0.012 active_window_cells=65180/109200 printed_cells=65180/109200 cooling_only_cells=0/109200 mechanics_current=0 mechanics_source_step=1504 T_min=347.05 T_max=351.067405369 u_max=8.52020814989e-05 vm_max=645207628.923 laser_center=[0.     0.0025 0.012 ] laser_switch=0 effective_power=0 vtk=
global_step=1516 mode=layer_dwell layer=12/13 highest_printed_layer=12 hatch=4/4 scan=8/8 front_z=0.012 active_window_cells=65180/109200 printed_cells=65180/109200 cooling_only_cells=0/109200 mechanics_current=0 mechanics_source_step=1504 T_min=347.05 T_max=350.613365462 u_max=8.52020814989e-05 vm_max=645207628.923 laser_center=[0.     0.0025 0.012 ] laser_switch=0 effective_power=0 vtk=
global_step=1517 mode=layer_dwell layer=12/13 highest_printed_layer=12 hatch=4/4 scan=8/8 front_z=0.012 active_window_cells=65180/109200 printed_cells=65180/109200 cooling_only_cells=0/109200 mechanics_current=0 mechanics_source_step=1504 T_min=347.05 T_max=350.223154685 u_max=8.52020814989e-05 vm_max=645207628.923 laser_center=[0.     0.0025 0.012 ] laser_switch=0 effective_power=0 vtk=
global_step=1518 mode=layer_dwell layer=12/13 highest_printed_layer=12 hatch=4/4 scan=8/8 front_z=0.012 active_window_cells=65180/109200 printed_cells=65180/109200 cooling_only_cells=0/109200 mechanics_current=0 mechanics_source_step=1504 T_min=347.05 T_max=349.886389143 u_max=8.52020814989e-05 vm_max=645207628.923 laser_center=[0.     0.0025 0.012 ] laser_switch=0 effective_power=0 vtk=
global_step=1519 mode=layer_dwell layer=12/13 highest_printed_layer=12 hatch=4/4 scan=8/8 front_z=0.012 active_window_cells=65180/109200 printed_cells=65180/109200 cooling_only_cells=0/109200 mechanics_current=0 mechanics_source_step=1504 T_min=347.05 T_max=349.593339014 u_max=8.52020814989e-05 vm_max=645207628.923 laser_center=[0.     0.0025 0.012 ] laser_switch=0 effective_power=0 vtk=
global_step=1520 mode=layer_dwell layer=12/13 highest_printed_layer=12 hatch=4/4 scan=8/8 front_z=0.012 active_window_cells=65180/109200 printed_cells=65180/109200 cooling_only_cells=0/109200 mechanics_current=1 mechanics_source_step=1520 T_min=347.05 T_max=349.330808144 u_max=8.8372243988e-05 vm_max=649244270.289 laser_center=[0.     0.0025 0.012 ] laser_switch=0 effective_power=0 vtk=/home/user/work/output/amb_l0_20260731T092534Z/step_001520_layer_dwell.vtu
global_step=1521 mode=layer_dwell layer=12/13 highest_printed_layer=12 hatch=4/4 scan=8/8 front_z=0.012 active_window_cells=65180/109200 printed_cells=65180/109200 cooling_only_cells=0/109200 mechanics_current=0 mechanics_source_step=1520 T_min=347.05 T_max=349.092972452 u_max=8.8372243988e-05 vm_max=649244270.289 laser_center=[0.     0.0025 0.012 ] laser_switch=0 effective_power=0 vtk=
global_step=1522 mode=layer_dwell layer=12/13 highest_printed_layer=12 hatch=4/4 scan=8/8 front_z=0.012 active_window_cells=65180/109200 printed_cells=65180/109200 cooling_only_cells=0/109200 mechanics_current=0 mechanics_source_step=1520 T_min=347.05 T_max=348.877983246 u_max=8.8372243988e-05 vm_max=649244270.289 laser_center=[0.     0.0025 0.012 ] laser_switch=0 effective_power=0 vtk=
global_step=1523 mode=layer_dwell layer=12/13 highest_printed_layer=12 hatch=4/4 scan=8/8 front_z=0.012 active_window_cells=65180/109200 printed_cells=65180/109200 cooling_only_cells=0/109200 mechanics_current=0 mechanics_source_step=1520 T_min=347.05 T_max=348.684025446 u_max=8.8372243988e-05 vm_max=649244270.289 laser_center=[0.     0.0025 0.012 ] laser_switch=0 effective_power=0 vtk=
global_step=1524 mode=layer_dwell layer=12/13 highest_printed_layer=12 hatch=4/4 scan=8/8 front_z=0.012 active_window_cells=65180/109200 printed_cells=65180/109200 cooling_only_cells=0/109200 mechanics_current=0 mechanics_source_step=1520 T_min=347.05 T_max=348.509346563 u_max=8.8372243988e-05 vm_max=649244270.289 laser_center=[0.     0.0025 0.012 ] laser_switch=0 effective_power=0 vtk=
global_step=1525 mode=layer_dwell layer=12/13 highest_printed_layer=12 hatch=4/4 scan=8/8 front_z=0.012 active_window_cells=65180/109200 printed_cells=65180/109200 cooling_only_cells=0/109200 mechanics_current=0 mechanics_source_step=1520 T_min=347.05 T_max=348.352276151 u_max=8.8372243988e-05 vm_max=649244270.289 laser_center=[0.     0.0025 0.012 ] laser_switch=0 effective_power=0 vtk=
global_step=1526 mode=layer_dwell layer=12/13 highest_printed_layer=12 hatch=4/4 scan=8/8 front_z=0.012 active_window_cells=65180/109200 printed_cells=65180/109200 cooling_only_cells=0/109200 mechanics_current=0 mechanics_source_step=1520 T_min=347.05 T_max=348.21123802 u_max=8.8372243988e-05 vm_max=649244270.289 laser_center=[0.     0.0025 0.012 ] laser_switch=0 effective_power=0 vtk=
global_step=1527 mode=layer_dwell layer=12/13 highest_printed_layer=12 hatch=4/4 scan=8/8 front_z=0.012 active_window_cells=65180/109200 printed_cells=65180/109200 cooling_only_cells=0/109200 mechanics_current=0 mechanics_source_step=1520 T_min=347.05 T_max=348.084757029 u_max=8.8372243988e-05 vm_max=649244270.289 laser_center=[0.     0.0025 0.012 ] laser_switch=0 effective_power=0 vtk=
global_step=1528 mode=layer_dwell layer=12/13 highest_printed_layer=12 hatch=4/4 scan=8/8 front_z=0.012 active_window_cells=65180/109200 printed_cells=65180/109200 cooling_only_cells=0/109200 mechanics_current=0 mechanics_source_step=1520 T_min=347.05 T_max=347.971461855 u_max=8.8372243988e-05 vm_max=649244270.289 laser_center=[0.     0.0025 0.012 ] laser_switch=0 effective_power=0 vtk=
global_step=1529 mode=layer_dwell layer=12/13 highest_printed_layer=12 hatch=4/4 scan=8/8 front_z=0.012 active_window_cells=65180/109200 printed_cells=65180/109200 cooling_only_cells=0/109200 mechanics_current=0 mechanics_source_step=1520 T_min=347.05 T_max=347.870084811 u_max=8.8372243988e-05 vm_max=649244270.289 laser_center=[0.     0.0025 0.012 ] laser_switch=0 effective_power=0 vtk=
global_step=1530 mode=layer_dwell layer=12/13 highest_printed_layer=12 hatch=4/4 scan=8/8 front_z=0.012 active_window_cells=65180/109200 printed_cells=65180/109200 cooling_only_cells=0/109200 mechanics_current=0 mechanics_source_step=1520 T_min=347.05 T_max=347.779459561 u_max=8.8372243988e-05 vm_max=649244270.289 laser_center=[0.     0.0025 0.012 ] laser_switch=0 effective_power=0 vtk=
global_step=1531 mode=layer_dwell layer=12/13 highest_printed_layer=12 hatch=4/4 scan=8/8 front_z=0.012 active_window_cells=65180/109200 printed_cells=65180/109200 cooling_only_cells=0/109200 mechanics_current=0 mechanics_source_step=1520 T_min=347.05 T_max=347.698517353 u_max=8.8372243988e-05 vm_max=649244270.289 laser_center=[0.     0.0025 0.012 ] laser_switch=0 effective_power=0 vtk=
global_step=1532 mode=layer_dwell layer=12/13 highest_printed_layer=12 hatch=4/4 scan=8/8 front_z=0.012 active_window_cells=65180/109200 printed_cells=65180/109200 cooling_only_cells=0/109200 mechanics_current=0 mechanics_source_step=1520 T_min=347.05 T_max=347.626282278 u_max=8.8372243988e-05 vm_max=649244270.289 laser_center=[0.     0.0025 0.012 ] laser_switch=0 effective_power=0 vtk=
global_step=1533 mode=layer_dwell layer=12/13 highest_printed_layer=12 hatch=4/4 scan=8/8 front_z=0.012 active_window_cells=65180/109200 printed_cells=65180/109200 cooling_only_cells=0/109200 mechanics_current=0 mechanics_source_step=1520 T_min=347.05 T_max=347.56186592 u_max=8.8372243988e-05 vm_max=649244270.289 laser_center=[0.     0.0025 0.012 ] laser_switch=0 effective_power=0 vtk=
global_step=1534 mode=layer_dwell layer=12/13 highest_printed_layer=12 hatch=4/4 scan=8/8 front_z=0.012 active_window_cells=65180/109200 printed_cells=65180/109200 cooling_only_cells=0/109200 mechanics_current=0 mechanics_source_step=1520 T_min=347.05 T_max=347.50446167 u_max=8.8372243988e-05 vm_max=649244270.289 laser_center=[0.     0.0025 0.012 ] laser_switch=0 effective_power=0 vtk=
global_step=1535 mode=layer_dwell layer=12/13 highest_printed_layer=12 hatch=4/4 scan=8/8 front_z=0.012 active_window_cells=65180/109200 printed_cells=65180/109200 cooling_only_cells=0/109200 mechanics_current=0 mechanics_source_step=1520 T_min=347.05 T_max=347.453338927 u_max=8.8372243988e-05 vm_max=649244270.289 laser_center=[0.     0.0025 0.012 ] laser_switch=0 effective_power=0 vtk=
global_step=1536 mode=layer_dwell layer=12/13 highest_printed_layer=12 hatch=4/4 scan=8/8 front_z=0.012 active_window_cells=65180/109200 printed_cells=65180/109200 cooling_only_cells=0/109200 mechanics_current=1 mechanics_source_step=1536 T_min=347.05 T_max=347.40783732 u_max=8.86196619582e-05 vm_max=649520280.435 laser_center=[0.     0.0025 0.012 ] laser_switch=0 effective_power=0 vtk=/home/user/work/output/amb_l0_20260731T092534Z/step_001536_layer_dwell.vtu
global_step=1537 mode=layer_dwell layer=12/13 highest_printed_layer=12 hatch=4/4 scan=8/8 front_z=0.012 active_window_cells=65180/109200 printed_cells=65180/109200 cooling_only_cells=0/109200 mechanics_current=0 mechanics_source_step=1536 T_min=347.05 T_max=347.367361083 u_max=8.86196619582e-05 vm_max=649520280.435 laser_center=[0.     0.0025 0.012 ] laser_switch=0 effective_power=0 vtk=
global_step=1538 mode=layer_dwell layer=12/13 highest_printed_layer=12 hatch=4/4 scan=8/8 front_z=0.012 active_window_cells=65180/109200 printed_cells=65180/109200 cooling_only_cells=0/109200 mechanics_current=0 mechanics_source_step=1536 T_min=347.05 T_max=347.331373636 u_max=8.86196619582e-05 vm_max=649520280.435 laser_center=[0.     0.0025 0.012 ] laser_switch=0 effective_power=0 vtk=
global_step=1539 mode=layer_dwell layer=12/13 highest_printed_layer=12 hatch=4/4 scan=8/8 front_z=0.012 active_window_cells=65180/109200 printed_cells=65180/109200 cooling_only_cells=0/109200 mechanics_current=0 mechanics_source_step=1536 T_min=347.05 T_max=347.299392443 u_max=8.86196619582e-05 vm_max=649520280.435 laser_center=[0.     0.0025 0.012 ] laser_switch=0 effective_power=0 vtk=
global_step=1540 mode=layer_dwell layer=12/13 highest_printed_layer=12 hatch=4/4 scan=8/8 front_z=0.012 active_window_cells=65180/109200 printed_cells=65180/109200 cooling_only_cells=0/109200 mechanics_current=0 mechanics_source_step=1536 T_min=347.05 T_max=347.270984167 u_max=8.86196619582e-05 vm_max=649520280.435 laser_center=[0.     0.0025 0.012 ] laser_switch=0 effective_power=0 vtk=
global_step=1541 mode=layer_dwell layer=12/13 highest_printed_layer=12 hatch=4/4 scan=8/8 front_z=0.012 active_window_cells=65180/109200 printed_cells=65180/109200 cooling_only_cells=0/109200 mechanics_current=0 mechanics_source_step=1536 T_min=347.05 T_max=347.245760139 u_max=8.86196619582e-05 vm_max=649520280.435 laser_center=[0.     0.0025 0.012 ] laser_switch=0 effective_power=0 vtk=
global_step=1542 mode=layer_dwell layer=12/13 highest_printed_layer=12 hatch=4/4 scan=8/8 front_z=0.012 active_window_cells=65180/109200 printed_cells=65180/109200 cooling_only_cells=0/109200 mechanics_current=0 mechanics_source_step=1536 T_min=347.05 T_max=347.223372153 u_max=8.86196619582e-05 vm_max=649520280.435 laser_center=[0.     0.0025 0.012 ] laser_switch=0 effective_power=0 vtk=
global_step=1543 mode=layer_dwell layer=12/13 highest_printed_layer=12 hatch=4/4 scan=8/8 front_z=0.012 active_window_cells=65180/109200 printed_cells=65180/109200 cooling_only_cells=0/109200 mechanics_current=0 mechanics_source_step=1536 T_min=347.05 T_max=347.203508578 u_max=8.86196619582e-05 vm_max=649520280.435 laser_center=[0.     0.0025 0.012 ] laser_switch=0 effective_power=0 vtk=
global_step=1544 mode=layer_dwell layer=12/13 highest_printed_layer=12 hatch=4/4 scan=8/8 front_z=0.012 active_window_cells=65180/109200 printed_cells=65180/109200 cooling_only_cells=0/109200 mechanics_current=0 mechanics_source_step=1536 T_min=347.05 T_max=347.185890787 u_max=8.86196619582e-05 vm_max=649520280.435 laser_center=[0.     0.0025 0.012 ] laser_switch=0 effective_power=0 vtk=
global_step=1545 mode=layer_dwell layer=12/13 highest_printed_layer=12 hatch=4/4 scan=8/8 front_z=0.012 active_window_cells=65180/109200 printed_cells=65180/109200 cooling_only_cells=0/109200 mechanics_current=0 mechanics_source_step=1536 T_min=347.05 T_max=347.170269876 u_max=8.86196619582e-05 vm_max=649520280.435 laser_center=[0.     0.0025 0.012 ] laser_switch=0 effective_power=0 vtk=
global_step=1546 mode=layer_dwell layer=12/13 highest_printed_layer=12 hatch=4/4 scan=8/8 front_z=0.012 active_window_cells=65180/109200 printed_cells=65180/109200 cooling_only_cells=0/109200 mechanics_current=0 mechanics_source_step=1536 T_min=347.05 T_max=347.156423677 u_max=8.86196619582e-05 vm_max=649520280.435 laser_center=[0.     0.0025 0.012 ] laser_switch=0 effective_power=0 vtk=
global_step=1547 mode=layer_dwell layer=12/13 highest_printed_layer=12 hatch=4/4 scan=8/8 front_z=0.012 active_window_cells=65180/109200 printed_cells=65180/109200 cooling_only_cells=0/109200 mechanics_current=0 mechanics_source_step=1536 T_min=347.05 T_max=347.144154036 u_max=8.86196619582e-05 vm_max=649520280.435 laser_center=[0.     0.0025 0.012 ] laser_switch=0 effective_power=0 vtk=
global_step=1548 mode=layer_dwell layer=12/13 highest_printed_layer=12 hatch=4/4 scan=8/8 front_z=0.012 active_window_cells=65180/109200 printed_cells=65180/109200 cooling_only_cells=0/109200 mechanics_current=0 mechanics_source_step=1536 T_min=347.05 T_max=347.133284334 u_max=8.86196619582e-05 vm_max=649520280.435 laser_center=[0.     0.0025 0.012 ] laser_switch=0 effective_power=0 vtk=
global_step=1549 mode=layer_dwell layer=12/13 highest_printed_layer=12 hatch=4/4 scan=8/8 front_z=0.012 active_window_cells=65180/109200 printed_cells=65180/109200 cooling_only_cells=0/109200 mechanics_current=0 mechanics_source_step=1536 T_min=347.05 T_max=347.123657256 u_max=8.86196619582e-05 vm_max=649520280.435 laser_center=[0.     0.0025 0.012 ] laser_switch=0 effective_power=0 vtk=
global_step=1550 mode=layer_dwell layer=12/13 highest_printed_layer=12 hatch=4/4 scan=8/8 front_z=0.012 active_window_cells=65180/109200 printed_cells=65180/109200 cooling_only_cells=0/109200 mechanics_current=0 mechanics_source_step=1536 T_min=347.05 T_max=347.115132757 u_max=8.86196619582e-05 vm_max=649520280.435 laser_center=[0.     0.0025 0.012 ] laser_switch=0 effective_power=0 vtk=
global_step=1551 mode=layer_dwell layer=12/13 highest_printed_layer=12 hatch=4/4 scan=8/8 front_z=0.012 active_window_cells=65180/109200 printed_cells=65180/109200 cooling_only_cells=0/109200 mechanics_current=0 mechanics_source_step=1536 T_min=347.05 T_max=347.107586241 u_max=8.86196619582e-05 vm_max=649520280.435 laser_center=[0.     0.0025 0.012 ] laser_switch=0 effective_power=0 vtk=
global_step=1552 mode=layer_dwell layer=12/13 highest_printed_layer=12 hatch=4/4 scan=8/8 front_z=0.012 active_window_cells=65180/109200 printed_cells=65180/109200 cooling_only_cells=0/109200 mechanics_current=1 mechanics_source_step=1552 T_min=347.05 T_max=347.100906912 u_max=8.86418355652e-05 vm_max=649546926.019 laser_center=[0.     0.0025 0.012 ] laser_switch=0 effective_power=0 vtk=/home/user/work/output/amb_l0_20260731T092534Z/step_001552_layer_dwell.vtu
global_step=1553 mode=layer_dwell layer=12/13 highest_printed_layer=12 hatch=4/4 scan=8/8 front_z=0.012 active_window_cells=65180/109200 printed_cells=65180/109200 cooling_only_cells=0/109200 mechanics_current=0 mechanics_source_step=1552 T_min=347.05 T_max=347.094996292 u_max=8.86418355652e-05 vm_max=649546926.019 laser_center=[0.     0.0025 0.012 ] laser_switch=0 effective_power=0 vtk=
global_step=1554 mode=layer_dwell layer=12/13 highest_printed_layer=12 hatch=4/4 scan=8/8 front_z=0.012 active_window_cells=65180/109200 printed_cells=65180/109200 cooling_only_cells=0/109200 mechanics_current=0 mechanics_source_step=1552 T_min=347.05 T_max=347.089766893 u_max=8.86418355652e-05 vm_max=649546926.019 laser_center=[0.     0.0025 0.012 ] laser_switch=0 effective_power=0 vtk=
global_step=1555 mode=layer_dwell layer=12/13 highest_printed_layer=12 hatch=4/4 scan=8/8 front_z=0.012 active_window_cells=65180/109200 printed_cells=65180/109200 cooling_only_cells=0/109200 mechanics_current=0 mechanics_source_step=1552 T_min=347.05 T_max=347.085141021 u_max=8.86418355652e-05 vm_max=649546926.019 laser_center=[0.     0.0025 0.012 ] laser_switch=0 effective_power=0 vtk=
global_step=1556 mode=layer_dwell layer=12/13 highest_printed_layer=12 hatch=4/4 scan=8/8 front_z=0.012 active_window_cells=65180/109200 printed_cells=65180/109200 cooling_only_cells=0/109200 mechanics_current=0 mechanics_source_step=1552 T_min=347.05 T_max=347.081049709 u_max=8.86418355652e-05 vm_max=649546926.019 laser_center=[0.     0.0025 0.012 ] laser_switch=0 effective_power=0 vtk=
global_step=1557 mode=layer_dwell layer=12/13 highest_printed_layer=12 hatch=4/4 scan=8/8 front_z=0.012 active_window_cells=65180/109200 printed_cells=65180/109200 cooling_only_cells=0/109200 mechanics_current=0 mechanics_source_step=1552 T_min=347.05 T_max=347.077431758 u_max=8.86418355652e-05 vm_max=649546926.019 laser_center=[0.     0.0025 0.012 ] laser_switch=0 effective_power=0 vtk=
global_step=1558 mode=layer_dwell layer=12/13 highest_printed_layer=12 hatch=4/4 scan=8/8 front_z=0.012 active_window_cells=65180/109200 printed_cells=65180/109200 cooling_only_cells=0/109200 mechanics_current=0 mechanics_source_step=1552 T_min=347.05 T_max=347.074232881 u_max=8.86418355652e-05 vm_max=649546926.019 laser_center=[0.     0.0025 0.012 ] laser_switch=0 effective_power=0 vtk=
global_step=1559 mode=layer_dwell layer=12/13 highest_printed_layer=12 hatch=4/4 scan=8/8 front_z=0.012 active_window_cells=65180/109200 printed_cells=65180/109200 cooling_only_cells=0/109200 mechanics_current=0 mechanics_source_step=1552 T_min=347.05 T_max=347.071404939 u_max=8.86418355652e-05 vm_max=649546926.019 laser_center=[0.     0.0025 0.012 ] laser_switch=0 effective_power=0 vtk=
global_step=1560 mode=layer_dwell layer=12/13 highest_printed_layer=12 hatch=4/4 scan=8/8 front_z=0.012 active_window_cells=65180/109200 printed_cells=65180/109200 cooling_only_cells=0/109200 mechanics_current=0 mechanics_source_step=1552 T_min=347.05 T_max=347.068905256 u_max=8.86418355652e-05 vm_max=649546926.019 laser_center=[0.     0.0025 0.012 ] laser_switch=0 effective_power=0 vtk=
global_step=1561 mode=layer_dwell layer=12/13 highest_printed_layer=12 hatch=4/4 scan=8/8 front_z=0.012 active_window_cells=65180/109200 printed_cells=65180/109200 cooling_only_cells=0/109200 mechanics_current=0 mechanics_source_step=1552 T_min=347.05 T_max=347.066696012 u_max=8.86418355652e-05 vm_max=649546926.019 laser_center=[0.     0.0025 0.012 ] laser_switch=0 effective_power=0 vtk=
global_step=1562 mode=layer_dwell layer=12/13 highest_printed_layer=12 hatch=4/4 scan=8/8 front_z=0.012 active_window_cells=65180/109200 printed_cells=65180/109200 cooling_only_cells=0/109200 mechanics_current=0 mechanics_source_step=1552 T_min=347.05 T_max=347.064743697 u_max=8.86418355652e-05 vm_max=649546926.019 laser_center=[0.     0.0025 0.012 ] laser_switch=0 effective_power=0 vtk=
global_step=1563 mode=layer_dwell layer=12/13 highest_printed_layer=12 hatch=4/4 scan=8/8 front_z=0.012 active_window_cells=65180/109200 printed_cells=65180/109200 cooling_only_cells=0/109200 mechanics_current=0 mechanics_source_step=1552 T_min=347.05 T_max=347.06301863 u_max=8.86418355652e-05 vm_max=649546926.019 laser_center=[0.     0.0025 0.012 ] laser_switch=0 effective_power=0 vtk=
global_step=1564 mode=layer_dwell layer=12/13 highest_printed_layer=12 hatch=4/4 scan=8/8 front_z=0.012 active_window_cells=65180/109200 printed_cells=65180/109200 cooling_only_cells=0/109200 mechanics_current=0 mechanics_source_step=1552 T_min=347.05 T_max=347.061494527 u_max=8.86418355652e-05 vm_max=649546926.019 laser_center=[0.     0.0025 0.012 ] laser_switch=0 effective_power=0 vtk=
global_step=1565 mode=layer_dwell layer=12/13 highest_printed_layer=12 hatch=4/4 scan=8/8 front_z=0.012 active_window_cells=65180/109200 printed_cells=65180/109200 cooling_only_cells=0/109200 mechanics_current=0 mechanics_source_step=1552 T_min=347.05 T_max=347.060148116 u_max=8.86418355652e-05 vm_max=649546926.019 laser_center=[0.     0.0025 0.012 ] laser_switch=0 effective_power=0 vtk=
global_step=1566 mode=layer_dwell layer=12/13 highest_printed_layer=12 hatch=4/4 scan=8/8 front_z=0.012 active_window_cells=65180/109200 printed_cells=65180/109200 cooling_only_cells=0/109200 mechanics_current=0 mechanics_source_step=1552 T_min=347.05 T_max=347.058958798 u_max=8.86418355652e-05 vm_max=649546926.019 laser_center=[0.     0.0025 0.012 ] laser_switch=0 effective_power=0 vtk=
global_step=1567 mode=layer_dwell layer=12/13 highest_printed_layer=12 hatch=4/4 scan=8/8 front_z=0.012 active_window_cells=65180/109200 printed_cells=65180/109200 cooling_only_cells=0/109200 mechanics_current=0 mechanics_source_step=1552 T_min=347.05 T_max=347.057908342 u_max=8.86418355652e-05 vm_max=649546926.019 laser_center=[0.     0.0025 0.012 ] laser_switch=0 effective_power=0 vtk=
global_step=1568 mode=layer_dwell layer=12/13 highest_printed_layer=12 hatch=4/4 scan=8/8 front_z=0.012 active_window_cells=65180/109200 printed_cells=65180/109200 cooling_only_cells=0/109200 mechanics_current=1 mechanics_source_step=1568 T_min=347.05 T_max=347.056980619 u_max=8.86440848175e-05 vm_max=649549877.333 laser_center=[0.     0.0025 0.012 ] laser_switch=0 effective_power=0 vtk=/home/user/work/output/amb_l0_20260731T092534Z/step_001568_layer_dwell.vtu
global_step=1569 mode=layer_dwell layer=12/13 highest_printed_layer=12 hatch=4/4 scan=8/8 front_z=0.012 active_window_cells=65180/109200 printed_cells=65180/109200 cooling_only_cells=0/109200 mechanics_current=0 mechanics_source_step=1568 T_min=347.05 T_max=347.056161357 u_max=8.86440848175e-05 vm_max=649549877.333 laser_center=[0.     0.0025 0.012 ] laser_switch=0 effective_power=0 vtk=
global_step=1570 mode=layer_dwell layer=12/13 highest_printed_layer=12 hatch=4/4 scan=8/8 front_z=0.012 active_window_cells=65180/109200 printed_cells=65180/109200 cooling_only_cells=0/109200 mechanics_current=0 mechanics_source_step=1568 T_min=347.05 T_max=347.055437936 u_max=8.86440848175e-05 vm_max=649549877.333 laser_center=[0.     0.0025 0.012 ] laser_switch=0 effective_power=0 vtk=
global_step=1571 mode=layer_dwell layer=12/13 highest_printed_layer=12 hatch=4/4 scan=8/8 front_z=0.012 active_window_cells=65180/109200 printed_cells=65180/109200 cooling_only_cells=0/109200 mechanics_current=0 mechanics_source_step=1568 T_min=347.05 T_max=347.054799192 u_max=8.86440848175e-05 vm_max=649549877.333 laser_center=[0.     0.0025 0.012 ] laser_switch=0 effective_power=0 vtk=
global_step=1572 mode=layer_dwell layer=12/13 highest_printed_layer=12 hatch=4/4 scan=8/8 front_z=0.012 active_window_cells=65180/109200 printed_cells=65180/109200 cooling_only_cells=0/109200 mechanics_current=0 mechanics_source_step=1568 T_min=347.05 T_max=347.054235255 u_max=8.86440848175e-05 vm_max=649549877.333 laser_center=[0.     0.0025 0.012 ] laser_switch=0 effective_power=0 vtk=
global_step=1573 mode=layer_dwell layer=12/13 highest_printed_layer=12 hatch=4/4 scan=8/8 front_z=0.012 active_window_cells=65180/109200 printed_cells=65180/109200 cooling_only_cells=0/109200 mechanics_current=0 mechanics_source_step=1568 T_min=347.05 T_max=347.0537374 u_max=8.86440848175e-05 vm_max=649549877.333 laser_center=[0.     0.0025 0.012 ] laser_switch=0 effective_power=0 vtk=
global_step=1574 mode=layer_dwell layer=12/13 highest_printed_layer=12 hatch=4/4 scan=8/8 front_z=0.012 active_window_cells=65180/109200 printed_cells=65180/109200 cooling_only_cells=0/109200 mechanics_current=0 mechanics_source_step=1568 T_min=347.05 T_max=347.053297911 u_max=8.86440848175e-05 vm_max=649549877.333 laser_center=[0.     0.0025 0.012 ] laser_switch=0 effective_power=0 vtk=
global_step=1575 mode=layer_dwell layer=12/13 highest_printed_layer=12 hatch=4/4 scan=8/8 front_z=0.012 active_window_cells=65180/109200 printed_cells=65180/109200 cooling_only_cells=0/109200 mechanics_current=0 mechanics_source_step=1568 T_min=347.05 T_max=347.052909972 u_max=8.86440848175e-05 vm_max=649549877.333 laser_center=[0.     0.0025 0.012 ] laser_switch=0 effective_power=0 vtk=
global_step=1576 mode=layer_dwell layer=12/13 highest_printed_layer=12 hatch=4/4 scan=8/8 front_z=0.012 active_window_cells=65180/109200 printed_cells=65180/109200 cooling_only_cells=0/109200 mechanics_current=0 mechanics_source_step=1568 T_min=347.05 T_max=347.052567555 u_max=8.86440848175e-05 vm_max=649549877.333 laser_center=[0.     0.0025 0.012 ] laser_switch=0 effective_power=0 vtk=
global_step=1577 mode=layer_dwell layer=12/13 highest_printed_layer=12 hatch=4/4 scan=8/8 front_z=0.012 active_window_cells=65180/109200 printed_cells=65180/109200 cooling_only_cells=0/109200 mechanics_current=0 mechanics_source_step=1568 T_min=347.05 T_max=347.052265337 u_max=8.86440848175e-05 vm_max=649549877.333 laser_center=[0.     0.0025 0.012 ] laser_switch=0 effective_power=0 vtk=
global_step=1578 mode=layer_dwell layer=12/13 highest_printed_layer=12 hatch=4/4 scan=8/8 front_z=0.012 active_window_cells=65180/109200 printed_cells=65180/109200 cooling_only_cells=0/109200 mechanics_current=0 mechanics_source_step=1568 T_min=347.05 T_max=347.051998614 u_max=8.86440848175e-05 vm_max=649549877.333 laser_center=[0.     0.0025 0.012 ] laser_switch=0 effective_power=0 vtk=
global_step=1579 mode=layer_dwell layer=12/13 highest_printed_layer=12 hatch=4/4 scan=8/8 front_z=0.012 active_window_cells=65180/109200 printed_cells=65180/109200 cooling_only_cells=0/109200 mechanics_current=0 mechanics_source_step=1568 T_min=347.05 T_max=347.051763228 u_max=8.86440848175e-05 vm_max=649549877.333 laser_center=[0.     0.0025 0.012 ] laser_switch=0 effective_power=0 vtk=
global_step=1580 mode=layer_dwell layer=12/13 highest_printed_layer=12 hatch=4/4 scan=8/8 front_z=0.012 active_window_cells=65180/109200 printed_cells=65180/109200 cooling_only_cells=0/109200 mechanics_current=0 mechanics_source_step=1568 T_min=347.05 T_max=347.051555509 u_max=8.86440848175e-05 vm_max=649549877.333 laser_center=[0.     0.0025 0.012 ] laser_switch=0 effective_power=0 vtk=
global_step=1581 mode=layer_dwell layer=12/13 highest_printed_layer=12 hatch=4/4 scan=8/8 front_z=0.012 active_window_cells=65180/109200 printed_cells=65180/109200 cooling_only_cells=0/109200 mechanics_current=0 mechanics_source_step=1568 T_min=347.05 T_max=347.051555509 u_max=8.86440848175e-05 vm_max=649549877.333 laser_center=[0.     0.0025 0.012 ] laser_switch=0 effective_power=0 vtk=
global_step=1582 mode=layer_dwell layer=12/13 highest_printed_layer=12 hatch=4/4 scan=8/8 front_z=0.012 active_window_cells=65180/109200 printed_cells=65180/109200 cooling_only_cells=0/109200 mechanics_current=0 mechanics_source_step=1568 T_min=347.05 T_max=347.051555509 u_max=8.86440848175e-05 vm_max=649549877.333 laser_center=[0.     0.0025 0.012 ] laser_switch=0 effective_power=0 vtk=
global_step=1583 mode=layer_dwell layer=12/13 highest_printed_layer=12 hatch=4/4 scan=8/8 front_z=0.012 active_window_cells=65180/109200 printed_cells=65180/109200 cooling_only_cells=0/109200 mechanics_current=0 mechanics_source_step=1568 T_min=347.05 T_max=347.051555509 u_max=8.86440848175e-05 vm_max=649549877.333 laser_center=[0.     0.0025 0.012 ] laser_switch=0 effective_power=0 vtk=
global_step=1584 mode=layer_dwell layer=12/13 highest_printed_layer=12 hatch=4/4 scan=8/8 front_z=0.012 active_window_cells=65180/109200 printed_cells=65180/109200 cooling_only_cells=0/109200 mechanics_current=1 mechanics_source_step=1584 T_min=347.05 T_max=347.051555509 u_max=8.86443128858e-05 vm_max=649550192.039 laser_center=[0.     0.0025 0.012 ] laser_switch=0 effective_power=0 vtk=/home/user/work/output/amb_l0_20260731T092534Z/step_001584_layer_dwell.vtu
global_step=1585 mode=layer_dwell layer=12/13 highest_printed_layer=12 hatch=4/4 scan=8/8 front_z=0.012 active_window_cells=65180/109200 printed_cells=65180/109200 cooling_only_cells=0/109200 mechanics_current=0 mechanics_source_step=1584 T_min=347.05 T_max=347.051555509 u_max=8.86443128858e-05 vm_max=649550192.039 laser_center=[0.     0.0025 0.012 ] laser_switch=0 effective_power=0 vtk=
global_step=1586 mode=layer_dwell layer=12/13 highest_printed_layer=12 hatch=4/4 scan=8/8 front_z=0.012 active_window_cells=65180/109200 printed_cells=65180/109200 cooling_only_cells=0/109200 mechanics_current=0 mechanics_source_step=1584 T_min=347.05 T_max=347.051555509 u_max=8.86443128858e-05 vm_max=649550192.039 laser_center=[0.     0.0025 0.012 ] laser_switch=0 effective_power=0 vtk=
global_step=1587 mode=layer_dwell layer=12/13 highest_printed_layer=12 hatch=4/4 scan=8/8 front_z=0.012 active_window_cells=65180/109200 printed_cells=65180/109200 cooling_only_cells=0/109200 mechanics_current=0 mechanics_source_step=1584 T_min=347.05 T_max=347.051555509 u_max=8.86443128858e-05 vm_max=649550192.039 laser_center=[0.     0.0025 0.012 ] laser_switch=0 effective_power=0 vtk=
global_step=1588 mode=layer_dwell layer=12/13 highest_printed_layer=12 hatch=4/4 scan=8/8 front_z=0.012 active_window_cells=65180/109200 printed_cells=65180/109200 cooling_only_cells=0/109200 mechanics_current=0 mechanics_source_step=1584 T_min=347.05 T_max=347.051555509 u_max=8.86443128858e-05 vm_max=649550192.039 laser_center=[0.     0.0025 0.012 ] laser_switch=0 effective_power=0 vtk=
global_step=1589 mode=layer_dwell layer=12/13 highest_printed_layer=12 hatch=4/4 scan=8/8 front_z=0.012 active_window_cells=65180/109200 printed_cells=65180/109200 cooling_only_cells=0/109200 mechanics_current=0 mechanics_source_step=1584 T_min=347.05 T_max=347.051555509 u_max=8.86443128858e-05 vm_max=649550192.039 laser_center=[0.     0.0025 0.012 ] laser_switch=0 effective_power=0 vtk=
global_step=1590 mode=layer_dwell layer=12/13 highest_printed_layer=12 hatch=4/4 scan=8/8 front_z=0.012 active_window_cells=65180/109200 printed_cells=65180/109200 cooling_only_cells=0/109200 mechanics_current=0 mechanics_source_step=1584 T_min=347.05 T_max=347.051555509 u_max=8.86443128858e-05 vm_max=649550192.039 laser_center=[0.     0.0025 0.012 ] laser_switch=0 effective_power=0 vtk=
global_step=1591 mode=layer_dwell layer=12/13 highest_printed_layer=12 hatch=4/4 scan=8/8 front_z=0.012 active_window_cells=65180/109200 printed_cells=65180/109200 cooling_only_cells=0/109200 mechanics_current=0 mechanics_source_step=1584 T_min=347.05 T_max=347.051555509 u_max=8.86443128858e-05 vm_max=649550192.039 laser_center=[0.     0.0025 0.012 ] laser_switch=0 effective_power=0 vtk=
global_step=1592 mode=layer_dwell layer=12/13 highest_printed_layer=12 hatch=4/4 scan=8/8 front_z=0.012 active_window_cells=65180/109200 printed_cells=65180/109200 cooling_only_cells=0/109200 mechanics_current=0 mechanics_source_step=1584 T_min=347.05 T_max=347.051555509 u_max=8.86443128858e-05 vm_max=649550192.039 laser_center=[0.     0.0025 0.012 ] laser_switch=0 effective_power=0 vtk=
global_step=1593 mode=layer_dwell layer=12/13 highest_printed_layer=12 hatch=4/4 scan=8/8 front_z=0.012 active_window_cells=65180/109200 printed_cells=65180/109200 cooling_only_cells=0/109200 mechanics_current=0 mechanics_source_step=1584 T_min=347.05 T_max=347.051555509 u_max=8.86443128858e-05 vm_max=649550192.039 laser_center=[0.     0.0025 0.012 ] laser_switch=0 effective_power=0 vtk=
global_step=1594 mode=layer_dwell layer=12/13 highest_printed_layer=12 hatch=4/4 scan=8/8 front_z=0.012 active_window_cells=65180/109200 printed_cells=65180/109200 cooling_only_cells=0/109200 mechanics_current=0 mechanics_source_step=1584 T_min=347.05 T_max=347.051555509 u_max=8.86443128858e-05 vm_max=649550192.039 laser_center=[0.     0.0025 0.012 ] laser_switch=0 effective_power=0 vtk=
global_step=1595 mode=layer_dwell layer=12/13 highest_printed_layer=12 hatch=4/4 scan=8/8 front_z=0.012 active_window_cells=65180/109200 printed_cells=65180/109200 cooling_only_cells=0/109200 mechanics_current=0 mechanics_source_step=1584 T_min=347.05 T_max=347.051555509 u_max=8.86443128858e-05 vm_max=649550192.039 laser_center=[0.     0.0025 0.012 ] laser_switch=0 effective_power=0 vtk=
global_step=1596 mode=scan layer=13/13 highest_printed_layer=13 hatch=1/4 scan=1/8 front_z=0.01248 active_window_cells=65390/109200 printed_cells=65390/109200 cooling_only_cells=0/109200 mechanics_current=1 mechanics_source_step=1596 T_min=347.05 T_max=2071.14908973 u_max=9.33529031516e-05 vm_max=596369747.266 laser_center=[ 0.      -0.0025   0.01248] laser_switch=1 effective_power=30.225 vtk=/home/user/work/output/amb_l0_20260731T092534Z/step_001596_scan.vtu
global_step=1597 mode=scan layer=13/13 highest_printed_layer=13 hatch=1/4 scan=2/8 front_z=0.01248 active_window_cells=65390/109200 printed_cells=65390/109200 cooling_only_cells=0/109200 mechanics_current=0 mechanics_source_step=1596 T_min=347.05 T_max=1814.2710161 u_max=9.33529031516e-05 vm_max=596369747.266 laser_center=[ 0.01071429 -0.0025      0.01248   ] laser_switch=1 effective_power=30.225 vtk=
global_step=1598 mode=scan layer=13/13 highest_printed_layer=13 hatch=1/4 scan=3/8 front_z=0.01248 active_window_cells=65390/109200 printed_cells=65390/109200 cooling_only_cells=0/109200 mechanics_current=0 mechanics_source_step=1596 T_min=347.05 T_max=1838.77556399 u_max=9.33529031516e-05 vm_max=596369747.266 laser_center=[ 0.02142857 -0.0025      0.01248   ] laser_switch=1 effective_power=30.225 vtk=
global_step=1599 mode=scan layer=13/13 highest_printed_layer=13 hatch=1/4 scan=4/8 front_z=0.01248 active_window_cells=65390/109200 printed_cells=65390/109200 cooling_only_cells=0/109200 mechanics_current=0 mechanics_source_step=1596 T_min=347.05 T_max=1824.06565759 u_max=9.33529031516e-05 vm_max=596369747.266 laser_center=[ 0.03214286 -0.0025      0.01248   ] laser_switch=1 effective_power=30.225 vtk=
global_step=1600 mode=scan layer=13/13 highest_printed_layer=13 hatch=1/4 scan=5/8 front_z=0.01248 active_window_cells=65390/109200 printed_cells=65390/109200 cooling_only_cells=0/109200 mechanics_current=1 mechanics_source_step=1600 T_min=347.05 T_max=1819.15651678 u_max=8.38350351994e-05 vm_max=642136154.41 laser_center=[ 0.04285714 -0.0025      0.01248   ] laser_switch=1 effective_power=30.225 vtk=/home/user/work/output/amb_l0_20260731T092534Z/step_001600_scan.vtu
global_step=1601 mode=scan layer=13/13 highest_printed_layer=13 hatch=1/4 scan=6/8 front_z=0.01248 active_window_cells=65390/109200 printed_cells=65390/109200 cooling_only_cells=0/109200 mechanics_current=0 mechanics_source_step=1600 T_min=347.05 T_max=1830.18473228 u_max=8.38350351994e-05 vm_max=642136154.41 laser_center=[ 0.05357143 -0.0025      0.01248   ] laser_switch=1 effective_power=30.225 vtk=
global_step=1602 mode=scan layer=13/13 highest_printed_layer=13 hatch=1/4 scan=7/8 front_z=0.01248 active_window_cells=65390/109200 printed_cells=65390/109200 cooling_only_cells=0/109200 mechanics_current=0 mechanics_source_step=1600 T_min=347.05 T_max=1816.12191442 u_max=8.38350351994e-05 vm_max=642136154.41 laser_center=[ 0.06428571 -0.0025      0.01248   ] laser_switch=1 effective_power=30.225 vtk=
global_step=1603 mode=scan layer=13/13 highest_printed_layer=13 hatch=1/4 scan=8/8 front_z=0.01248 active_window_cells=65390/109200 printed_cells=65390/109200 cooling_only_cells=0/109200 mechanics_current=0 mechanics_source_step=1600 T_min=347.05 T_max=2630.57067557 u_max=8.38350351994e-05 vm_max=642136154.41 laser_center=[ 0.075   -0.0025   0.01248] laser_switch=1 effective_power=30.225 vtk=
global_step=1604 mode=scan layer=13/13 highest_printed_layer=13 hatch=2/4 scan=1/8 front_z=0.01248 active_window_cells=65390/109200 printed_cells=65390/109200 cooling_only_cells=0/109200 mechanics_current=0 mechanics_source_step=1600 T_min=347.05 T_max=1906.68630366 u_max=8.38350351994e-05 vm_max=642136154.41 laser_center=[ 0.075      -0.00083333  0.01248   ] laser_switch=1 effective_power=30.225 vtk=
global_step=1605 mode=scan layer=13/13 highest_printed_layer=13 hatch=2/4 scan=2/8 front_z=0.01248 active_window_cells=65390/109200 printed_cells=65390/109200 cooling_only_cells=0/109200 mechanics_current=0 mechanics_source_step=1600 T_min=347.05 T_max=1136.34560114 u_max=8.38350351994e-05 vm_max=642136154.41 laser_center=[ 0.06428571 -0.00083333  0.01248   ] laser_switch=1 effective_power=30.225 vtk=
global_step=1606 mode=scan layer=13/13 highest_printed_layer=13 hatch=2/4 scan=3/8 front_z=0.01248 active_window_cells=65390/109200 printed_cells=65390/109200 cooling_only_cells=0/109200 mechanics_current=0 mechanics_source_step=1600 T_min=347.05 T_max=1321.84172206 u_max=8.38350351994e-05 vm_max=642136154.41 laser_center=[ 0.05357143 -0.00083333  0.01248   ] laser_switch=1 effective_power=30.225 vtk=
global_step=1607 mode=scan layer=13/13 highest_printed_layer=13 hatch=2/4 scan=4/8 front_z=0.01248 active_window_cells=65390/109200 printed_cells=65390/109200 cooling_only_cells=0/109200 mechanics_current=0 mechanics_source_step=1600 T_min=347.05 T_max=1098.0610734 u_max=8.38350351994e-05 vm_max=642136154.41 laser_center=[ 0.04285714 -0.00083333  0.01248   ] laser_switch=1 effective_power=30.225 vtk=
global_step=1608 mode=scan layer=13/13 highest_printed_layer=13 hatch=2/4 scan=5/8 front_z=0.01248 active_window_cells=65390/109200 printed_cells=65390/109200 cooling_only_cells=0/109200 mechanics_current=0 mechanics_source_step=1600 T_min=347.05 T_max=1325.36955785 u_max=8.38350351994e-05 vm_max=642136154.41 laser_center=[ 0.03214286 -0.00083333  0.01248   ] laser_switch=1 effective_power=30.225 vtk=
global_step=1609 mode=scan layer=13/13 highest_printed_layer=13 hatch=2/4 scan=6/8 front_z=0.01248 active_window_cells=65390/109200 printed_cells=65390/109200 cooling_only_cells=0/109200 mechanics_current=0 mechanics_source_step=1600 T_min=347.05 T_max=1236.96299226 u_max=8.38350351994e-05 vm_max=642136154.41 laser_center=[ 0.02142857 -0.00083333  0.01248   ] laser_switch=1 effective_power=30.225 vtk=
global_step=1610 mode=scan layer=13/13 highest_printed_layer=13 hatch=2/4 scan=7/8 front_z=0.01248 active_window_cells=65390/109200 printed_cells=65390/109200 cooling_only_cells=0/109200 mechanics_current=0 mechanics_source_step=1600 T_min=347.05 T_max=1322.12764454 u_max=8.38350351994e-05 vm_max=642136154.41 laser_center=[ 0.01071429 -0.00083333  0.01248   ] laser_switch=1 effective_power=30.225 vtk=
global_step=1611 mode=scan layer=13/13 highest_printed_layer=13 hatch=2/4 scan=8/8 front_z=0.01248 active_window_cells=65390/109200 printed_cells=65390/109200 cooling_only_cells=0/109200 mechanics_current=0 mechanics_source_step=1600 T_min=347.05 T_max=1866.92979199 u_max=8.38350351994e-05 vm_max=642136154.41 laser_center=[ 0.         -0.00083333  0.01248   ] laser_switch=1 effective_power=30.225 vtk=
global_step=1612 mode=scan layer=13/13 highest_printed_layer=13 hatch=3/4 scan=1/8 front_z=0.01248 active_window_cells=65390/109200 printed_cells=65390/109200 cooling_only_cells=0/109200 mechanics_current=0 mechanics_source_step=1600 T_min=347.05 T_max=1622.49103657 u_max=8.38350351994e-05 vm_max=642136154.41 laser_center=[0.         0.00083333 0.01248   ] laser_switch=1 effective_power=30.225 vtk=
global_step=1613 mode=scan layer=13/13 highest_printed_layer=13 hatch=3/4 scan=2/8 front_z=0.01248 active_window_cells=65390/109200 printed_cells=65390/109200 cooling_only_cells=0/109200 mechanics_current=0 mechanics_source_step=1600 T_min=347.05 T_max=1291.54891143 u_max=8.38350351994e-05 vm_max=642136154.41 laser_center=[0.01071429 0.00083333 0.01248   ] laser_switch=1 effective_power=30.225 vtk=
global_step=1614 mode=scan layer=13/13 highest_printed_layer=13 hatch=3/4 scan=3/8 front_z=0.01248 active_window_cells=65390/109200 printed_cells=65390/109200 cooling_only_cells=0/109200 mechanics_current=0 mechanics_source_step=1600 T_min=347.05 T_max=1227.02762769 u_max=8.38350351994e-05 vm_max=642136154.41 laser_center=[0.02142857 0.00083333 0.01248   ] laser_switch=1 effective_power=30.225 vtk=
global_step=1615 mode=scan layer=13/13 highest_printed_layer=13 hatch=3/4 scan=4/8 front_z=0.01248 active_window_cells=65390/109200 printed_cells=65390/109200 cooling_only_cells=0/109200 mechanics_current=0 mechanics_source_step=1600 T_min=347.05 T_max=1320.30624611 u_max=8.38350351994e-05 vm_max=642136154.41 laser_center=[0.03214286 0.00083333 0.01248   ] laser_switch=1 effective_power=30.225 vtk=
global_step=1616 mode=scan layer=13/13 highest_printed_layer=13 hatch=3/4 scan=5/8 front_z=0.01248 active_window_cells=65390/109200 printed_cells=65390/109200 cooling_only_cells=0/109200 mechanics_current=1 mechanics_source_step=1616 T_min=347.05 T_max=1097.93870223 u_max=8.22133071148e-05 vm_max=631025758.085 laser_center=[0.04285714 0.00083333 0.01248   ] laser_switch=1 effective_power=30.225 vtk=/home/user/work/output/amb_l0_20260731T092534Z/step_001616_scan.vtu
global_step=1617 mode=scan layer=13/13 highest_printed_layer=13 hatch=3/4 scan=6/8 front_z=0.01248 active_window_cells=65390/109200 printed_cells=65390/109200 cooling_only_cells=0/109200 mechanics_current=0 mechanics_source_step=1616 T_min=347.05 T_max=1329.51352751 u_max=8.22133071148e-05 vm_max=631025758.085 laser_center=[0.05357143 0.00083333 0.01248   ] laser_switch=1 effective_power=30.225 vtk=
global_step=1618 mode=scan layer=13/13 highest_printed_layer=13 hatch=3/4 scan=7/8 front_z=0.01248 active_window_cells=65390/109200 printed_cells=65390/109200 cooling_only_cells=0/109200 mechanics_current=0 mechanics_source_step=1616 T_min=347.05 T_max=1148.89320246 u_max=8.22133071148e-05 vm_max=631025758.085 laser_center=[0.06428571 0.00083333 0.01248   ] laser_switch=1 effective_power=30.225 vtk=
global_step=1619 mode=scan layer=13/13 highest_printed_layer=13 hatch=3/4 scan=8/8 front_z=0.01248 active_window_cells=65390/109200 printed_cells=65390/109200 cooling_only_cells=0/109200 mechanics_current=0 mechanics_source_step=1616 T_min=347.05 T_max=2075.8237858 u_max=8.22133071148e-05 vm_max=631025758.085 laser_center=[0.075      0.00083333 0.01248   ] laser_switch=1 effective_power=30.225 vtk=
global_step=1620 mode=scan layer=13/13 highest_printed_layer=13 hatch=4/4 scan=1/8 front_z=0.01248 active_window_cells=65390/109200 printed_cells=65390/109200 cooling_only_cells=0/109200 mechanics_current=0 mechanics_source_step=1616 T_min=347.05 T_max=2274.0686327 u_max=8.22133071148e-05 vm_max=631025758.085 laser_center=[0.075   0.0025  0.01248] laser_switch=1 effective_power=30.225 vtk=
global_step=1621 mode=scan layer=13/13 highest_printed_layer=13 hatch=4/4 scan=2/8 front_z=0.01248 active_window_cells=65390/109200 printed_cells=65390/109200 cooling_only_cells=0/109200 mechanics_current=0 mechanics_source_step=1616 T_min=347.05 T_max=1765.6485775 u_max=8.22133071148e-05 vm_max=631025758.085 laser_center=[0.06428571 0.0025     0.01248   ] laser_switch=1 effective_power=30.225 vtk=
global_step=1622 mode=scan layer=13/13 highest_printed_layer=13 hatch=4/4 scan=3/8 front_z=0.01248 active_window_cells=65390/109200 printed_cells=65390/109200 cooling_only_cells=0/109200 mechanics_current=0 mechanics_source_step=1616 T_min=347.05 T_max=1797.33093678 u_max=8.22133071148e-05 vm_max=631025758.085 laser_center=[0.05357143 0.0025     0.01248   ] laser_switch=1 effective_power=30.225 vtk=
global_step=1623 mode=scan layer=13/13 highest_printed_layer=13 hatch=4/4 scan=4/8 front_z=0.01248 active_window_cells=65390/109200 printed_cells=65390/109200 cooling_only_cells=0/109200 mechanics_current=0 mechanics_source_step=1616 T_min=347.05 T_max=1800.68802212 u_max=8.22133071148e-05 vm_max=631025758.085 laser_center=[0.04285714 0.0025     0.01248   ] laser_switch=1 effective_power=30.225 vtk=
global_step=1624 mode=scan layer=13/13 highest_printed_layer=13 hatch=4/4 scan=5/8 front_z=0.01248 active_window_cells=65390/109200 printed_cells=65390/109200 cooling_only_cells=0/109200 mechanics_current=0 mechanics_source_step=1616 T_min=347.05 T_max=1809.9380032 u_max=8.22133071148e-05 vm_max=631025758.085 laser_center=[0.03214286 0.0025     0.01248   ] laser_switch=1 effective_power=30.225 vtk=
global_step=1625 mode=scan layer=13/13 highest_printed_layer=13 hatch=4/4 scan=6/8 front_z=0.01248 active_window_cells=65390/109200 printed_cells=65390/109200 cooling_only_cells=0/109200 mechanics_current=0 mechanics_source_step=1616 T_min=347.05 T_max=1830.15869978 u_max=8.22133071148e-05 vm_max=631025758.085 laser_center=[0.02142857 0.0025     0.01248   ] laser_switch=1 effective_power=30.225 vtk=
global_step=1626 mode=scan layer=13/13 highest_printed_layer=13 hatch=4/4 scan=7/8 front_z=0.01248 active_window_cells=65390/109200 printed_cells=65390/109200 cooling_only_cells=0/109200 mechanics_current=0 mechanics_source_step=1616 T_min=347.05 T_max=1808.67276931 u_max=8.22133071148e-05 vm_max=631025758.085 laser_center=[0.01071429 0.0025     0.01248   ] laser_switch=1 effective_power=30.225 vtk=
global_step=1627 mode=scan layer=13/13 highest_printed_layer=13 hatch=4/4 scan=8/8 front_z=0.01248 active_window_cells=65390/109200 printed_cells=65390/109200 cooling_only_cells=0/109200 mechanics_current=0 mechanics_source_step=1616 T_min=347.05 T_max=2056.76709242 u_max=8.22133071148e-05 vm_max=631025758.085 laser_center=[0.      0.0025  0.01248] laser_switch=1 effective_power=30.225 vtk=
global_step=1628 mode=cooling layer=13/13 highest_printed_layer=13 hatch=1/4 scan=1/8 front_z=0.01248 active_window_cells=65390/109200 printed_cells=65390/109200 cooling_only_cells=0/109200 mechanics_current=0 mechanics_source_step=1616 T_min=347.05 T_max=561.11384241 u_max=8.22133071148e-05 vm_max=631025758.085 laser_center=[0.      0.0025  0.01248] laser_switch=0 effective_power=0 vtk=
global_step=1629 mode=cooling layer=13/13 highest_printed_layer=13 hatch=1/4 scan=1/8 front_z=0.01248 active_window_cells=65390/109200 printed_cells=65390/109200 cooling_only_cells=0/109200 mechanics_current=0 mechanics_source_step=1616 T_min=347.05 T_max=432.637593387 u_max=8.22133071148e-05 vm_max=631025758.085 laser_center=[0.      0.0025  0.01248] laser_switch=0 effective_power=0 vtk=
global_step=1630 mode=cooling layer=13/13 highest_printed_layer=13 hatch=1/4 scan=1/8 front_z=0.01248 active_window_cells=65390/109200 printed_cells=65390/109200 cooling_only_cells=0/109200 mechanics_current=0 mechanics_source_step=1616 T_min=347.05 T_max=405.308405914 u_max=8.22133071148e-05 vm_max=631025758.085 laser_center=[0.      0.0025  0.01248] laser_switch=0 effective_power=0 vtk=
global_step=1631 mode=cooling layer=13/13 highest_printed_layer=13 hatch=1/4 scan=1/8 front_z=0.01248 active_window_cells=65390/109200 printed_cells=65390/109200 cooling_only_cells=0/109200 mechanics_current=0 mechanics_source_step=1616 T_min=347.05 T_max=391.767646475 u_max=8.22133071148e-05 vm_max=631025758.085 laser_center=[0.      0.0025  0.01248] laser_switch=0 effective_power=0 vtk=
global_step=1632 mode=cooling layer=13/13 highest_printed_layer=13 hatch=1/4 scan=1/8 front_z=0.01248 active_window_cells=65390/109200 printed_cells=65390/109200 cooling_only_cells=0/109200 mechanics_current=1 mechanics_source_step=1632 T_min=347.05 T_max=381.486899451 u_max=8.31934963577e-05 vm_max=625821942.357 laser_center=[0.      0.0025  0.01248] laser_switch=0 effective_power=0 vtk=/home/user/work/output/amb_l0_20260731T092534Z/step_001632_cooling.vtu
global_step=1633 mode=cooling layer=13/13 highest_printed_layer=13 hatch=1/4 scan=1/8 front_z=0.01248 active_window_cells=65390/109200 printed_cells=65390/109200 cooling_only_cells=0/109200 mechanics_current=0 mechanics_source_step=1632 T_min=347.05 T_max=373.691879885 u_max=8.31934963577e-05 vm_max=625821942.357 laser_center=[0.      0.0025  0.01248] laser_switch=0 effective_power=0 vtk=
global_step=1634 mode=cooling layer=13/13 highest_printed_layer=13 hatch=1/4 scan=1/8 front_z=0.01248 active_window_cells=65390/109200 printed_cells=65390/109200 cooling_only_cells=0/109200 mechanics_current=0 mechanics_source_step=1632 T_min=347.05 T_max=367.711913424 u_max=8.31934963577e-05 vm_max=625821942.357 laser_center=[0.      0.0025  0.01248] laser_switch=0 effective_power=0 vtk=
global_step=1635 mode=cooling layer=13/13 highest_printed_layer=13 hatch=1/4 scan=1/8 front_z=0.01248 active_window_cells=65390/109200 printed_cells=65390/109200 cooling_only_cells=0/109200 mechanics_current=0 mechanics_source_step=1632 T_min=347.05 T_max=363.112005412 u_max=8.31934963577e-05 vm_max=625821942.357 laser_center=[0.      0.0025  0.01248] laser_switch=0 effective_power=0 vtk=
global_step=1636 mode=cooling layer=13/13 highest_printed_layer=13 hatch=1/4 scan=1/8 front_z=0.01248 active_window_cells=65390/109200 printed_cells=65390/109200 cooling_only_cells=0/109200 mechanics_current=0 mechanics_source_step=1632 T_min=347.05 T_max=359.578932799 u_max=8.31934963577e-05 vm_max=625821942.357 laser_center=[0.      0.0025  0.01248] laser_switch=0 effective_power=0 vtk=
global_step=1637 mode=cooling layer=13/13 highest_printed_layer=13 hatch=1/4 scan=1/8 front_z=0.01248 active_window_cells=65390/109200 printed_cells=65390/109200 cooling_only_cells=0/109200 mechanics_current=0 mechanics_source_step=1632 T_min=347.05 T_max=356.873314839 u_max=8.31934963577e-05 vm_max=625821942.357 laser_center=[0.      0.0025  0.01248] laser_switch=0 effective_power=0 vtk=
global_step=1638 mode=cooling layer=13/13 highest_printed_layer=13 hatch=1/4 scan=1/8 front_z=0.01248 active_window_cells=65390/109200 printed_cells=65390/109200 cooling_only_cells=0/109200 mechanics_current=0 mechanics_source_step=1632 T_min=347.05 T_max=354.852673481 u_max=8.31934963577e-05 vm_max=625821942.357 laser_center=[0.      0.0025  0.01248] laser_switch=0 effective_power=0 vtk=
global_step=1639 mode=cooling layer=13/13 highest_printed_layer=13 hatch=1/4 scan=1/8 front_z=0.01248 active_window_cells=65390/109200 printed_cells=65390/109200 cooling_only_cells=0/109200 mechanics_current=0 mechanics_source_step=1632 T_min=347.05 T_max=353.339823912 u_max=8.31934963577e-05 vm_max=625821942.357 laser_center=[0.      0.0025  0.01248] laser_switch=0 effective_power=0 vtk=
global_step=1640 mode=cooling layer=13/13 highest_printed_layer=13 hatch=1/4 scan=1/8 front_z=0.01248 active_window_cells=65390/109200 printed_cells=65390/109200 cooling_only_cells=0/109200 mechanics_current=0 mechanics_source_step=1632 T_min=347.05 T_max=352.18265083 u_max=8.31934963577e-05 vm_max=625821942.357 laser_center=[0.      0.0025  0.01248] laser_switch=0 effective_power=0 vtk=
global_step=1641 mode=cooling layer=13/13 highest_printed_layer=13 hatch=1/4 scan=1/8 front_z=0.01248 active_window_cells=65390/109200 printed_cells=65390/109200 cooling_only_cells=0/109200 mechanics_current=0 mechanics_source_step=1632 T_min=347.05 T_max=351.283181909 u_max=8.31934963577e-05 vm_max=625821942.357 laser_center=[0.      0.0025  0.01248] laser_switch=0 effective_power=0 vtk=
global_step=1642 mode=cooling layer=13/13 highest_printed_layer=13 hatch=1/4 scan=1/8 front_z=0.01248 active_window_cells=65390/109200 printed_cells=65390/109200 cooling_only_cells=0/109200 mechanics_current=0 mechanics_source_step=1632 T_min=347.05 T_max=350.57473238 u_max=8.31934963577e-05 vm_max=625821942.357 laser_center=[0.      0.0025  0.01248] laser_switch=0 effective_power=0 vtk=
global_step=1643 mode=cooling layer=13/13 highest_printed_layer=13 hatch=1/4 scan=1/8 front_z=0.01248 active_window_cells=65390/109200 printed_cells=65390/109200 cooling_only_cells=0/109200 mechanics_current=0 mechanics_source_step=1632 T_min=347.05 T_max=350.010411166 u_max=8.31934963577e-05 vm_max=625821942.357 laser_center=[0.      0.0025  0.01248] laser_switch=0 effective_power=0 vtk=
global_step=1644 mode=cooling layer=13/13 highest_printed_layer=13 hatch=1/4 scan=1/8 front_z=0.01248 active_window_cells=65390/109200 printed_cells=65390/109200 cooling_only_cells=0/109200 mechanics_current=0 mechanics_source_step=1632 T_min=347.05 T_max=349.555179153 u_max=8.31934963577e-05 vm_max=625821942.357 laser_center=[0.      0.0025  0.01248] laser_switch=0 effective_power=0 vtk=
global_step=1645 mode=cooling layer=13/13 highest_printed_layer=13 hatch=1/4 scan=1/8 front_z=0.01248 active_window_cells=65390/109200 printed_cells=65390/109200 cooling_only_cells=0/109200 mechanics_current=0 mechanics_source_step=1632 T_min=347.05 T_max=349.183880314 u_max=8.31934963577e-05 vm_max=625821942.357 laser_center=[0.      0.0025  0.01248] laser_switch=0 effective_power=0 vtk=
global_step=1646 mode=cooling layer=13/13 highest_printed_layer=13 hatch=1/4 scan=1/8 front_z=0.01248 active_window_cells=65390/109200 printed_cells=65390/109200 cooling_only_cells=0/109200 mechanics_current=0 mechanics_source_step=1632 T_min=347.05 T_max=348.868443118 u_max=8.31934963577e-05 vm_max=625821942.357 laser_center=[0.      0.0025  0.01248] laser_switch=0 effective_power=0 vtk=
global_step=1647 mode=cooling layer=13/13 highest_printed_layer=13 hatch=1/4 scan=1/8 front_z=0.01248 active_window_cells=65390/109200 printed_cells=65390/109200 cooling_only_cells=0/109200 mechanics_current=0 mechanics_source_step=1632 T_min=347.05 T_max=348.596214304 u_max=8.31934963577e-05 vm_max=625821942.357 laser_center=[0.      0.0025  0.01248] laser_switch=0 effective_power=0 vtk=
global_step=1648 mode=cooling layer=13/13 highest_printed_layer=13 hatch=1/4 scan=1/8 front_z=0.01248 active_window_cells=65390/109200 printed_cells=65390/109200 cooling_only_cells=0/109200 mechanics_current=1 mechanics_source_step=1648 T_min=347.05 T_max=348.362191811 u_max=8.86176061204e-05 vm_max=641247407.019 laser_center=[0.      0.0025  0.01248] laser_switch=0 effective_power=0 vtk=/home/user/work/output/amb_l0_20260731T092534Z/step_001648_cooling.vtu
global_step=1649 mode=cooling layer=13/13 highest_printed_layer=13 hatch=1/4 scan=1/8 front_z=0.01248 active_window_cells=65390/109200 printed_cells=65390/109200 cooling_only_cells=0/109200 mechanics_current=0 mechanics_source_step=1648 T_min=347.05 T_max=348.16168335 u_max=8.86176061204e-05 vm_max=641247407.019 laser_center=[0.      0.0025  0.01248] laser_switch=0 effective_power=0 vtk=
global_step=1650 mode=cooling layer=13/13 highest_printed_layer=13 hatch=1/4 scan=1/8 front_z=0.01248 active_window_cells=65390/109200 printed_cells=65390/109200 cooling_only_cells=0/109200 mechanics_current=0 mechanics_source_step=1648 T_min=347.05 T_max=347.99038217 u_max=8.86176061204e-05 vm_max=641247407.019 laser_center=[0.      0.0025  0.01248] laser_switch=0 effective_power=0 vtk=
global_step=1651 mode=cooling layer=13/13 highest_printed_layer=13 hatch=1/4 scan=1/8 front_z=0.01248 active_window_cells=65390/109200 printed_cells=65390/109200 cooling_only_cells=0/109200 mechanics_current=0 mechanics_source_step=1648 T_min=347.05 T_max=347.844398377 u_max=8.86176061204e-05 vm_max=641247407.019 laser_center=[0.      0.0025  0.01248] laser_switch=0 effective_power=0 vtk=
global_step=1652 mode=cooling layer=13/13 highest_printed_layer=13 hatch=1/4 scan=1/8 front_z=0.01248 active_window_cells=65390/109200 printed_cells=65390/109200 cooling_only_cells=0/109200 mechanics_current=0 mechanics_source_step=1648 T_min=347.05 T_max=347.720261396 u_max=8.86176061204e-05 vm_max=641247407.019 laser_center=[0.      0.0025  0.01248] laser_switch=0 effective_power=0 vtk=
global_step=1653 mode=cooling layer=13/13 highest_printed_layer=13 hatch=1/4 scan=1/8 front_z=0.01248 active_window_cells=65390/109200 printed_cells=65390/109200 cooling_only_cells=0/109200 mechanics_current=0 mechanics_source_step=1648 T_min=347.05 T_max=347.614904446 u_max=8.86176061204e-05 vm_max=641247407.019 laser_center=[0.      0.0025  0.01248] laser_switch=0 effective_power=0 vtk=
global_step=1654 mode=cooling layer=13/13 highest_printed_layer=13 hatch=1/4 scan=1/8 front_z=0.01248 active_window_cells=65390/109200 printed_cells=65390/109200 cooling_only_cells=0/109200 mechanics_current=0 mechanics_source_step=1648 T_min=347.05 T_max=347.525638423 u_max=8.86176061204e-05 vm_max=641247407.019 laser_center=[0.      0.0025  0.01248] laser_switch=0 effective_power=0 vtk=
global_step=1655 mode=cooling layer=13/13 highest_printed_layer=13 hatch=1/4 scan=1/8 front_z=0.01248 active_window_cells=65390/109200 printed_cells=65390/109200 cooling_only_cells=0/109200 mechanics_current=0 mechanics_source_step=1648 T_min=347.05 T_max=347.450120262 u_max=8.86176061204e-05 vm_max=641247407.019 laser_center=[0.      0.0025  0.01248] laser_switch=0 effective_power=0 vtk=
global_step=1656 mode=cooling layer=13/13 highest_printed_layer=13 hatch=1/4 scan=1/8 front_z=0.01248 active_window_cells=65390/109200 printed_cells=65390/109200 cooling_only_cells=0/109200 mechanics_current=0 mechanics_source_step=1648 T_min=347.05 T_max=347.38631911 u_max=8.86176061204e-05 vm_max=641247407.019 laser_center=[0.      0.0025  0.01248] laser_switch=0 effective_power=0 vtk=
global_step=1657 mode=cooling layer=13/13 highest_printed_layer=13 hatch=1/4 scan=1/8 front_z=0.01248 active_window_cells=65390/109200 printed_cells=65390/109200 cooling_only_cells=0/109200 mechanics_current=0 mechanics_source_step=1648 T_min=347.05 T_max=347.332482499 u_max=8.86176061204e-05 vm_max=641247407.019 laser_center=[0.      0.0025  0.01248] laser_switch=0 effective_power=0 vtk=
global_step=1658 mode=cooling layer=13/13 highest_printed_layer=13 hatch=1/4 scan=1/8 front_z=0.01248 active_window_cells=65390/109200 printed_cells=65390/109200 cooling_only_cells=0/109200 mechanics_current=0 mechanics_source_step=1648 T_min=347.05 T_max=347.287103879 u_max=8.86176061204e-05 vm_max=641247407.019 laser_center=[0.      0.0025  0.01248] laser_switch=0 effective_power=0 vtk=
global_step=1659 mode=cooling layer=13/13 highest_printed_layer=13 hatch=1/4 scan=1/8 front_z=0.01248 active_window_cells=65390/109200 printed_cells=65390/109200 cooling_only_cells=0/109200 mechanics_current=0 mechanics_source_step=1648 T_min=347.05 T_max=347.248892299 u_max=8.86176061204e-05 vm_max=641247407.019 laser_center=[0.      0.0025  0.01248] laser_switch=0 effective_power=0 vtk=
global_step=1660 mode=cooling layer=13/13 highest_printed_layer=13 hatch=1/4 scan=1/8 front_z=0.01248 active_window_cells=65390/109200 printed_cells=65390/109200 cooling_only_cells=0/109200 mechanics_current=0 mechanics_source_step=1648 T_min=347.05 T_max=347.216744664 u_max=8.86176061204e-05 vm_max=641247407.019 laser_center=[0.      0.0025  0.01248] laser_switch=0 effective_power=0 vtk=
global_step=1661 mode=cooling layer=13/13 highest_printed_layer=13 hatch=1/4 scan=1/8 front_z=0.01248 active_window_cells=65390/109200 printed_cells=65390/109200 cooling_only_cells=0/109200 mechanics_current=0 mechanics_source_step=1648 T_min=347.05 T_max=347.189720708 u_max=8.86176061204e-05 vm_max=641247407.019 laser_center=[0.      0.0025  0.01248] laser_switch=0 effective_power=0 vtk=
global_step=1662 mode=cooling layer=13/13 highest_printed_layer=13 hatch=1/4 scan=1/8 front_z=0.01248 active_window_cells=65390/109200 printed_cells=65390/109200 cooling_only_cells=0/109200 mechanics_current=0 mechanics_source_step=1648 T_min=347.05 T_max=347.167020691 u_max=8.86176061204e-05 vm_max=641247407.019 laser_center=[0.      0.0025  0.01248] laser_switch=0 effective_power=0 vtk=
global_step=1663 mode=cooling layer=13/13 highest_printed_layer=13 hatch=1/4 scan=1/8 front_z=0.01248 active_window_cells=65390/109200 printed_cells=65390/109200 cooling_only_cells=0/109200 mechanics_current=0 mechanics_source_step=1648 T_min=347.05 T_max=347.147965694 u_max=8.86176061204e-05 vm_max=641247407.019 laser_center=[0.      0.0025  0.01248] laser_switch=0 effective_power=0 vtk=
global_step=1664 mode=cooling layer=13/13 highest_printed_layer=13 hatch=1/4 scan=1/8 front_z=0.01248 active_window_cells=65390/109200 printed_cells=65390/109200 cooling_only_cells=0/109200 mechanics_current=1 mechanics_source_step=1664 T_min=347.05 T_max=347.131980346 u_max=8.87495459856e-05 vm_max=643815422.592 laser_center=[0.      0.0025  0.01248] laser_switch=0 effective_power=0 vtk=/home/user/work/output/amb_l0_20260731T092534Z/step_001664_cooling.vtu
global_step=1665 mode=cooling layer=13/13 highest_printed_layer=13 hatch=1/4 scan=1/8 front_z=0.01248 active_window_cells=65390/109200 printed_cells=65390/109200 cooling_only_cells=0/109200 mechanics_current=0 mechanics_source_step=1664 T_min=347.05 T_max=347.118577769 u_max=8.87495459856e-05 vm_max=643815422.592 laser_center=[0.      0.0025  0.01248] laser_switch=0 effective_power=0 vtk=
global_step=1666 mode=cooling layer=13/13 highest_printed_layer=13 hatch=1/4 scan=1/8 front_z=0.01248 active_window_cells=65390/109200 printed_cells=65390/109200 cooling_only_cells=0/109200 mechanics_current=0 mechanics_source_step=1664 T_min=347.05 T_max=347.107346527 u_max=8.87495459856e-05 vm_max=643815422.592 laser_center=[0.      0.0025  0.01248] laser_switch=0 effective_power=0 vtk=
global_step=1667 mode=cooling layer=13/13 highest_printed_layer=13 hatch=1/4 scan=1/8 front_z=0.01248 active_window_cells=65390/109200 printed_cells=65390/109200 cooling_only_cells=0/109200 mechanics_current=0 mechanics_source_step=1664 T_min=347.05 T_max=347.097939363 u_max=8.87495459856e-05 vm_max=643815422.592 laser_center=[0.      0.0025  0.01248] laser_switch=0 effective_power=0 vtk=
global_step=1668 mode=cooling layer=13/13 highest_printed_layer=13 hatch=1/4 scan=1/8 front_z=0.01248 active_window_cells=65390/109200 printed_cells=65390/109200 cooling_only_cells=0/109200 mechanics_current=0 mechanics_source_step=1664 T_min=347.05 T_max=347.090063509 u_max=8.87495459856e-05 vm_max=643815422.592 laser_center=[0.      0.0025  0.01248] laser_switch=0 effective_power=0 vtk=
global_step=1669 mode=cooling layer=13/13 highest_printed_layer=13 hatch=1/4 scan=1/8 front_z=0.01248 active_window_cells=65390/109200 printed_cells=65390/109200 cooling_only_cells=0/109200 mechanics_current=0 mechanics_source_step=1664 T_min=347.05 T_max=347.083472385 u_max=8.87495459856e-05 vm_max=643815422.592 laser_center=[0.      0.0025  0.01248] laser_switch=0 effective_power=0 vtk=
global_step=1670 mode=cooling layer=13/13 highest_printed_layer=13 hatch=1/4 scan=1/8 front_z=0.01248 active_window_cells=65390/109200 printed_cells=65390/109200 cooling_only_cells=0/109200 mechanics_current=0 mechanics_source_step=1664 T_min=347.05 T_max=347.077958498 u_max=8.87495459856e-05 vm_max=643815422.592 laser_center=[0.      0.0025  0.01248] laser_switch=0 effective_power=0 vtk=
global_step=1671 mode=cooling layer=13/13 highest_printed_layer=13 hatch=1/4 scan=1/8 front_z=0.01248 active_window_cells=65390/109200 printed_cells=65390/109200 cooling_only_cells=0/109200 mechanics_current=0 mechanics_source_step=1664 T_min=347.05 T_max=347.073347391 u_max=8.87495459856e-05 vm_max=643815422.592 laser_center=[0.      0.0025  0.01248] laser_switch=0 effective_power=0 vtk=
global_step=1672 mode=cooling layer=13/13 highest_printed_layer=13 hatch=1/4 scan=1/8 front_z=0.01248 active_window_cells=65390/109200 printed_cells=65390/109200 cooling_only_cells=0/109200 mechanics_current=0 mechanics_source_step=1664 T_min=347.05 T_max=347.069492497 u_max=8.87495459856e-05 vm_max=643815422.592 laser_center=[0.      0.0025  0.01248] laser_switch=0 effective_power=0 vtk=
global_step=1673 mode=cooling layer=13/13 highest_printed_layer=13 hatch=1/4 scan=1/8 front_z=0.01248 active_window_cells=65390/109200 printed_cells=65390/109200 cooling_only_cells=0/109200 mechanics_current=0 mechanics_source_step=1664 T_min=347.05 T_max=347.066270758 u_max=8.87495459856e-05 vm_max=643815422.592 laser_center=[0.      0.0025  0.01248] laser_switch=0 effective_power=0 vtk=
global_step=1674 mode=cooling layer=13/13 highest_printed_layer=13 hatch=1/4 scan=1/8 front_z=0.01248 active_window_cells=65390/109200 printed_cells=65390/109200 cooling_only_cells=0/109200 mechanics_current=0 mechanics_source_step=1664 T_min=347.05 T_max=347.063578925 u_max=8.87495459856e-05 vm_max=643815422.592 laser_center=[0.      0.0025  0.01248] laser_switch=0 effective_power=0 vtk=
global_step=1675 mode=cooling layer=13/13 highest_printed_layer=13 hatch=1/4 scan=1/8 front_z=0.01248 active_window_cells=65390/109200 printed_cells=65390/109200 cooling_only_cells=0/109200 mechanics_current=0 mechanics_source_step=1664 T_min=347.05 T_max=347.061330419 u_max=8.87495459856e-05 vm_max=643815422.592 laser_center=[0.      0.0025  0.01248] laser_switch=0 effective_power=0 vtk=
global_step=1676 mode=cooling layer=13/13 highest_printed_layer=13 hatch=1/4 scan=1/8 front_z=0.01248 active_window_cells=65390/109200 printed_cells=65390/109200 cooling_only_cells=0/109200 mechanics_current=0 mechanics_source_step=1664 T_min=347.05 T_max=347.059452674 u_max=8.87495459856e-05 vm_max=643815422.592 laser_center=[0.      0.0025  0.01248] laser_switch=0 effective_power=0 vtk=
global_step=1677 mode=cooling layer=13/13 highest_printed_layer=13 hatch=1/4 scan=1/8 front_z=0.01248 active_window_cells=65390/109200 printed_cells=65390/109200 cooling_only_cells=0/109200 mechanics_current=0 mechanics_source_step=1664 T_min=347.05 T_max=347.057884903 u_max=8.87495459856e-05 vm_max=643815422.592 laser_center=[0.      0.0025  0.01248] laser_switch=0 effective_power=0 vtk=
global_step=1678 mode=cooling layer=13/13 highest_printed_layer=13 hatch=1/4 scan=1/8 front_z=0.01248 active_window_cells=65390/109200 printed_cells=65390/109200 cooling_only_cells=0/109200 mechanics_current=0 mechanics_source_step=1664 T_min=347.05 T_max=347.056576206 u_max=8.87495459856e-05 vm_max=643815422.592 laser_center=[0.      0.0025  0.01248] laser_switch=0 effective_power=0 vtk=
global_step=1679 mode=cooling layer=13/13 highest_printed_layer=13 hatch=1/4 scan=1/8 front_z=0.01248 active_window_cells=65390/109200 printed_cells=65390/109200 cooling_only_cells=0/109200 mechanics_current=0 mechanics_source_step=1664 T_min=347.05 T_max=347.055483981 u_max=8.87495459856e-05 vm_max=643815422.592 laser_center=[0.      0.0025  0.01248] laser_switch=0 effective_power=0 vtk=
global_step=1680 mode=cooling layer=13/13 highest_printed_layer=13 hatch=1/4 scan=1/8 front_z=0.01248 active_window_cells=65390/109200 printed_cells=65390/109200 cooling_only_cells=0/109200 mechanics_current=1 mechanics_source_step=1680 T_min=347.05 T_max=347.054572585 u_max=8.87539192154e-05 vm_max=643910206.317 laser_center=[0.      0.0025  0.01248] laser_switch=0 effective_power=0 vtk=/home/user/work/output/amb_l0_20260731T092534Z/step_001680_cooling.vtu
global_step=1681 mode=cooling layer=13/13 highest_printed_layer=13 hatch=1/4 scan=1/8 front_z=0.01248 active_window_cells=65390/109200 printed_cells=65390/109200 cooling_only_cells=0/109200 mechanics_current=0 mechanics_source_step=1680 T_min=347.05 T_max=347.053812207 u_max=8.87539192154e-05 vm_max=643910206.317 laser_center=[0.      0.0025  0.01248] laser_switch=0 effective_power=0 vtk=
global_step=1682 mode=cooling layer=13/13 highest_printed_layer=13 hatch=1/4 scan=1/8 front_z=0.01248 active_window_cells=65390/109200 printed_cells=65390/109200 cooling_only_cells=0/109200 mechanics_current=0 mechanics_source_step=1680 T_min=347.05 T_max=347.053177922 u_max=8.87539192154e-05 vm_max=643910206.317 laser_center=[0.      0.0025  0.01248] laser_switch=0 effective_power=0 vtk=
global_step=1683 mode=cooling layer=13/13 highest_printed_layer=13 hatch=1/4 scan=1/8 front_z=0.01248 active_window_cells=65390/109200 printed_cells=65390/109200 cooling_only_cells=0/109200 mechanics_current=0 mechanics_source_step=1680 T_min=347.05 T_max=347.052648897 u_max=8.87539192154e-05 vm_max=643910206.317 laser_center=[0.      0.0025  0.01248] laser_switch=0 effective_power=0 vtk=
global_step=1684 mode=cooling layer=13/13 highest_printed_layer=13 hatch=1/4 scan=1/8 front_z=0.01248 active_window_cells=65390/109200 printed_cells=65390/109200 cooling_only_cells=0/109200 mechanics_current=0 mechanics_source_step=1680 T_min=347.05 T_max=347.052207725 u_max=8.87539192154e-05 vm_max=643910206.317 laser_center=[0.      0.0025  0.01248] laser_switch=0 effective_power=0 vtk=
global_step=1685 mode=cooling layer=13/13 highest_printed_layer=13 hatch=1/4 scan=1/8 front_z=0.01248 active_window_cells=65390/109200 printed_cells=65390/109200 cooling_only_cells=0/109200 mechanics_current=0 mechanics_source_step=1680 T_min=347.05 T_max=347.051839863 u_max=8.87539192154e-05 vm_max=643910206.317 laser_center=[0.      0.0025  0.01248] laser_switch=0 effective_power=0 vtk=
global_step=1686 mode=cooling layer=13/13 highest_printed_layer=13 hatch=1/4 scan=1/8 front_z=0.01248 active_window_cells=65390/109200 printed_cells=65390/109200 cooling_only_cells=0/109200 mechanics_current=0 mechanics_source_step=1680 T_min=347.05 T_max=347.051533166 u_max=8.87539192154e-05 vm_max=643910206.317 laser_center=[0.      0.0025  0.01248] laser_switch=0 effective_power=0 vtk=
global_step=1687 mode=cooling layer=13/13 highest_printed_layer=13 hatch=1/4 scan=1/8 front_z=0.01248 active_window_cells=65390/109200 printed_cells=65390/109200 cooling_only_cells=0/109200 mechanics_current=0 mechanics_source_step=1680 T_min=347.05 T_max=347.051533166 u_max=8.87539192154e-05 vm_max=643910206.317 laser_center=[0.      0.0025  0.01248] laser_switch=0 effective_power=0 vtk=
global_step=1688 mode=cooling layer=13/13 highest_printed_layer=13 hatch=1/4 scan=1/8 front_z=0.01248 active_window_cells=65390/109200 printed_cells=65390/109200 cooling_only_cells=0/109200 mechanics_current=0 mechanics_source_step=1680 T_min=347.05 T_max=347.051533166 u_max=8.87539192154e-05 vm_max=643910206.317 laser_center=[0.      0.0025  0.01248] laser_switch=0 effective_power=0 vtk=
global_step=1689 mode=cooling layer=13/13 highest_printed_layer=13 hatch=1/4 scan=1/8 front_z=0.01248 active_window_cells=65390/109200 printed_cells=65390/109200 cooling_only_cells=0/109200 mechanics_current=0 mechanics_source_step=1680 T_min=347.05 T_max=347.051533166 u_max=8.87539192154e-05 vm_max=643910206.317 laser_center=[0.      0.0025  0.01248] laser_switch=0 effective_power=0 vtk=
global_step=1690 mode=cooling layer=13/13 highest_printed_layer=13 hatch=1/4 scan=1/8 front_z=0.01248 active_window_cells=65390/109200 printed_cells=65390/109200 cooling_only_cells=0/109200 mechanics_current=0 mechanics_source_step=1680 T_min=347.05 T_max=347.051533166 u_max=8.87539192154e-05 vm_max=643910206.317 laser_center=[0.      0.0025  0.01248] laser_switch=0 effective_power=0 vtk=
global_step=1691 mode=cooling layer=13/13 highest_printed_layer=13 hatch=1/4 scan=1/8 front_z=0.01248 active_window_cells=65390/109200 printed_cells=65390/109200 cooling_only_cells=0/109200 mechanics_current=0 mechanics_source_step=1680 T_min=347.05 T_max=347.051533166 u_max=8.87539192154e-05 vm_max=643910206.317 laser_center=[0.      0.0025  0.01248] laser_switch=0 effective_power=0 vtk=
global_step=1692 mode=cooling layer=13/13 highest_printed_layer=13 hatch=1/4 scan=1/8 front_z=0.01248 active_window_cells=65390/109200 printed_cells=65390/109200 cooling_only_cells=0/109200 mechanics_current=0 mechanics_source_step=1680 T_min=347.05 T_max=347.051533166 u_max=8.87539192154e-05 vm_max=643910206.317 laser_center=[0.      0.0025  0.01248] laser_switch=0 effective_power=0 vtk=
global_step=1693 mode=cooling layer=13/13 highest_printed_layer=13 hatch=1/4 scan=1/8 front_z=0.01248 active_window_cells=65390/109200 printed_cells=65390/109200 cooling_only_cells=0/109200 mechanics_current=0 mechanics_source_step=1680 T_min=347.05 T_max=347.051533166 u_max=8.87539192154e-05 vm_max=643910206.317 laser_center=[0.      0.0025  0.01248] laser_switch=0 effective_power=0 vtk=
global_step=1694 mode=cooling layer=13/13 highest_printed_layer=13 hatch=1/4 scan=1/8 front_z=0.01248 active_window_cells=65390/109200 printed_cells=65390/109200 cooling_only_cells=0/109200 mechanics_current=0 mechanics_source_step=1680 T_min=347.05 T_max=347.051533166 u_max=8.87539192154e-05 vm_max=643910206.317 laser_center=[0.      0.0025  0.01248] laser_switch=0 effective_power=0 vtk=
global_step=1695 mode=cooling layer=13/13 highest_printed_layer=13 hatch=1/4 scan=1/8 front_z=0.01248 active_window_cells=65390/109200 printed_cells=65390/109200 cooling_only_cells=0/109200 mechanics_current=0 mechanics_source_step=1680 T_min=347.05 T_max=347.051533166 u_max=8.87539192154e-05 vm_max=643910206.317 laser_center=[0.      0.0025  0.01248] laser_switch=0 effective_power=0 vtk=
global_step=1696 mode=cooling layer=13/13 highest_printed_layer=13 hatch=1/4 scan=1/8 front_z=0.01248 active_window_cells=65390/109200 printed_cells=65390/109200 cooling_only_cells=0/109200 mechanics_current=1 mechanics_source_step=1696 T_min=347.05 T_max=347.051533166 u_max=8.87540481875e-05 vm_max=643913117.555 laser_center=[0.      0.0025  0.01248] laser_switch=0 effective_power=0 vtk=/home/user/work/output/amb_l0_20260731T092534Z/step_001696_cooling.vtu
global_step=1697 mode=cooling layer=13/13 highest_printed_layer=13 hatch=1/4 scan=1/8 front_z=0.01248 active_window_cells=65390/109200 printed_cells=65390/109200 cooling_only_cells=0/109200 mechanics_current=0 mechanics_source_step=1696 T_min=347.05 T_max=347.051533166 u_max=8.87540481875e-05 vm_max=643913117.555 laser_center=[0.      0.0025  0.01248] laser_switch=0 effective_power=0 vtk=
global_step=1698 mode=cooling layer=13/13 highest_printed_layer=13 hatch=1/4 scan=1/8 front_z=0.01248 active_window_cells=65390/109200 printed_cells=65390/109200 cooling_only_cells=0/109200 mechanics_current=0 mechanics_source_step=1696 T_min=347.05 T_max=347.051533166 u_max=8.87540481875e-05 vm_max=643913117.555 laser_center=[0.      0.0025  0.01248] laser_switch=0 effective_power=0 vtk=
global_step=1699 mode=cooling layer=13/13 highest_printed_layer=13 hatch=1/4 scan=1/8 front_z=0.01248 active_window_cells=65390/109200 printed_cells=65390/109200 cooling_only_cells=0/109200 mechanics_current=0 mechanics_source_step=1696 T_min=347.05 T_max=347.051533166 u_max=8.87540481875e-05 vm_max=643913117.555 laser_center=[0.      0.0025  0.01248] laser_switch=0 effective_power=0 vtk=
global_step=1700 mode=cooling layer=13/13 highest_printed_layer=13 hatch=1/4 scan=1/8 front_z=0.01248 active_window_cells=65390/109200 printed_cells=65390/109200 cooling_only_cells=0/109200 mechanics_current=0 mechanics_source_step=1696 T_min=347.05 T_max=347.051533166 u_max=8.87540481875e-05 vm_max=643913117.555 laser_center=[0.      0.0025  0.01248] laser_switch=0 effective_power=0 vtk=
global_step=1701 mode=cooling layer=13/13 highest_printed_layer=13 hatch=1/4 scan=1/8 front_z=0.01248 active_window_cells=65390/109200 printed_cells=65390/109200 cooling_only_cells=0/109200 mechanics_current=0 mechanics_source_step=1696 T_min=347.05 T_max=347.051533166 u_max=8.87540481875e-05 vm_max=643913117.555 laser_center=[0.      0.0025  0.01248] laser_switch=0 effective_power=0 vtk=
global_step=1702 mode=cooling layer=13/13 highest_printed_layer=13 hatch=1/4 scan=1/8 front_z=0.01248 active_window_cells=65390/109200 printed_cells=65390/109200 cooling_only_cells=0/109200 mechanics_current=0 mechanics_source_step=1696 T_min=347.05 T_max=347.051533166 u_max=8.87540481875e-05 vm_max=643913117.555 laser_center=[0.      0.0025  0.01248] laser_switch=0 effective_power=0 vtk=
global_step=1703 mode=cooling layer=13/13 highest_printed_layer=13 hatch=1/4 scan=1/8 front_z=0.01248 active_window_cells=65390/109200 printed_cells=65390/109200 cooling_only_cells=0/109200 mechanics_current=0 mechanics_source_step=1696 T_min=347.05 T_max=347.051533166 u_max=8.87540481875e-05 vm_max=643913117.555 laser_center=[0.      0.0025  0.01248] laser_switch=0 effective_power=0 vtk=
global_step=1704 mode=cooling layer=13/13 highest_printed_layer=13 hatch=1/4 scan=1/8 front_z=0.01248 active_window_cells=65390/109200 printed_cells=65390/109200 cooling_only_cells=0/109200 mechanics_current=0 mechanics_source_step=1696 T_min=347.05 T_max=347.051533166 u_max=8.87540481875e-05 vm_max=643913117.555 laser_center=[0.      0.0025  0.01248] laser_switch=0 effective_power=0 vtk=
global_step=1705 mode=cooling layer=13/13 highest_printed_layer=13 hatch=1/4 scan=1/8 front_z=0.01248 active_window_cells=65390/109200 printed_cells=65390/109200 cooling_only_cells=0/109200 mechanics_current=0 mechanics_source_step=1696 T_min=347.05 T_max=347.051533166 u_max=8.87540481875e-05 vm_max=643913117.555 laser_center=[0.      0.0025  0.01248] laser_switch=0 effective_power=0 vtk=
global_step=1706 mode=cooling layer=13/13 highest_printed_layer=13 hatch=1/4 scan=1/8 front_z=0.01248 active_window_cells=65390/109200 printed_cells=65390/109200 cooling_only_cells=0/109200 mechanics_current=0 mechanics_source_step=1696 T_min=347.05 T_max=347.051533166 u_max=8.87540481875e-05 vm_max=643913117.555 laser_center=[0.      0.0025  0.01248] laser_switch=0 effective_power=0 vtk=
global_step=1707 mode=cooling layer=13/13 highest_printed_layer=13 hatch=1/4 scan=1/8 front_z=0.01248 active_window_cells=65390/109200 printed_cells=65390/109200 cooling_only_cells=0/109200 mechanics_current=0 mechanics_source_step=1696 T_min=347.05 T_max=347.051533166 u_max=8.87540481875e-05 vm_max=643913117.555 laser_center=[0.      0.0025  0.01248] laser_switch=0 effective_power=0 vtk=
global_step=1708 mode=cooling layer=13/13 highest_printed_layer=13 hatch=1/4 scan=1/8 front_z=0.01248 active_window_cells=65390/109200 printed_cells=65390/109200 cooling_only_cells=0/109200 mechanics_current=0 mechanics_source_step=1696 T_min=347.05 T_max=347.051533166 u_max=8.87540481875e-05 vm_max=643913117.555 laser_center=[0.      0.0025  0.01248] laser_switch=0 effective_power=0 vtk=
global_step=1709 mode=cooling layer=13/13 highest_printed_layer=13 hatch=1/4 scan=1/8 front_z=0.01248 active_window_cells=65390/109200 printed_cells=65390/109200 cooling_only_cells=0/109200 mechanics_current=0 mechanics_source_step=1696 T_min=347.05 T_max=347.051533166 u_max=8.87540481875e-05 vm_max=643913117.555 laser_center=[0.      0.0025  0.01248] laser_switch=0 effective_power=0 vtk=
global_step=1710 mode=cooling layer=13/13 highest_printed_layer=13 hatch=1/4 scan=1/8 front_z=0.01248 active_window_cells=65390/109200 printed_cells=65390/109200 cooling_only_cells=0/109200 mechanics_current=0 mechanics_source_step=1696 T_min=347.05 T_max=347.051533166 u_max=8.87540481875e-05 vm_max=643913117.555 laser_center=[0.      0.0025  0.01248] laser_switch=0 effective_power=0 vtk=
global_step=1711 mode=cooling layer=13/13 highest_printed_layer=13 hatch=1/4 scan=1/8 front_z=0.01248 active_window_cells=65390/109200 printed_cells=65390/109200 cooling_only_cells=0/109200 mechanics_current=0 mechanics_source_step=1696 T_min=347.05 T_max=347.051533166 u_max=8.87540481875e-05 vm_max=643913117.555 laser_center=[0.      0.0025  0.01248] laser_switch=0 effective_power=0 vtk=
global_step=1712 mode=cooling layer=13/13 highest_printed_layer=13 hatch=1/4 scan=1/8 front_z=0.01248 active_window_cells=65390/109200 printed_cells=65390/109200 cooling_only_cells=0/109200 mechanics_current=1 mechanics_source_step=1712 T_min=347.05 T_max=347.051533166 u_max=8.8754048194e-05 vm_max=643913117.749 laser_center=[0.      0.0025  0.01248] laser_switch=0 effective_power=0 vtk=/home/user/work/output/amb_l0_20260731T092534Z/step_001712_cooling.vtu
global_step=1713 mode=cooling layer=13/13 highest_printed_layer=13 hatch=1/4 scan=1/8 front_z=0.01248 active_window_cells=65390/109200 printed_cells=65390/109200 cooling_only_cells=0/109200 mechanics_current=0 mechanics_source_step=1712 T_min=347.05 T_max=347.051533166 u_max=8.8754048194e-05 vm_max=643913117.749 laser_center=[0.      0.0025  0.01248] laser_switch=0 effective_power=0 vtk=
global_step=1714 mode=cooling layer=13/13 highest_printed_layer=13 hatch=1/4 scan=1/8 front_z=0.01248 active_window_cells=65390/109200 printed_cells=65390/109200 cooling_only_cells=0/109200 mechanics_current=0 mechanics_source_step=1712 T_min=347.05 T_max=347.051533166 u_max=8.8754048194e-05 vm_max=643913117.749 laser_center=[0.      0.0025  0.01248] laser_switch=0 effective_power=0 vtk=
global_step=1715 mode=cooling layer=13/13 highest_printed_layer=13 hatch=1/4 scan=1/8 front_z=0.01248 active_window_cells=65390/109200 printed_cells=65390/109200 cooling_only_cells=0/109200 mechanics_current=0 mechanics_source_step=1712 T_min=347.05 T_max=347.051533166 u_max=8.8754048194e-05 vm_max=643913117.749 laser_center=[0.      0.0025  0.01248] laser_switch=0 effective_power=0 vtk=
global_step=1716 mode=cooling layer=13/13 highest_printed_layer=13 hatch=1/4 scan=1/8 front_z=0.01248 active_window_cells=65390/109200 printed_cells=65390/109200 cooling_only_cells=0/109200 mechanics_current=0 mechanics_source_step=1712 T_min=347.05 T_max=347.051533166 u_max=8.8754048194e-05 vm_max=643913117.749 laser_center=[0.      0.0025  0.01248] laser_switch=0 effective_power=0 vtk=
global_step=1717 mode=cooling layer=13/13 highest_printed_layer=13 hatch=1/4 scan=1/8 front_z=0.01248 active_window_cells=65390/109200 printed_cells=65390/109200 cooling_only_cells=0/109200 mechanics_current=0 mechanics_source_step=1712 T_min=347.05 T_max=347.051533166 u_max=8.8754048194e-05 vm_max=643913117.749 laser_center=[0.      0.0025  0.01248] laser_switch=0 effective_power=0 vtk=
global_step=1718 mode=cooling layer=13/13 highest_printed_layer=13 hatch=1/4 scan=1/8 front_z=0.01248 active_window_cells=65390/109200 printed_cells=65390/109200 cooling_only_cells=0/109200 mechanics_current=0 mechanics_source_step=1712 T_min=347.05 T_max=347.051533166 u_max=8.8754048194e-05 vm_max=643913117.749 laser_center=[0.      0.0025  0.01248] laser_switch=0 effective_power=0 vtk=
global_step=1719 mode=cooling layer=13/13 highest_printed_layer=13 hatch=1/4 scan=1/8 front_z=0.01248 active_window_cells=65390/109200 printed_cells=65390/109200 cooling_only_cells=0/109200 mechanics_current=0 mechanics_source_step=1712 T_min=347.05 T_max=347.051533166 u_max=8.8754048194e-05 vm_max=643913117.749 laser_center=[0.      0.0025  0.01248] laser_switch=0 effective_power=0 vtk=
global_step=1720 mode=cooling layer=13/13 highest_printed_layer=13 hatch=1/4 scan=1/8 front_z=0.01248 active_window_cells=65390/109200 printed_cells=65390/109200 cooling_only_cells=0/109200 mechanics_current=0 mechanics_source_step=1712 T_min=347.05 T_max=347.051533166 u_max=8.8754048194e-05 vm_max=643913117.749 laser_center=[0.      0.0025  0.01248] laser_switch=0 effective_power=0 vtk=
global_step=1721 mode=cooling layer=13/13 highest_printed_layer=13 hatch=1/4 scan=1/8 front_z=0.01248 active_window_cells=65390/109200 printed_cells=65390/109200 cooling_only_cells=0/109200 mechanics_current=0 mechanics_source_step=1712 T_min=347.05 T_max=347.051533166 u_max=8.8754048194e-05 vm_max=643913117.749 laser_center=[0.      0.0025  0.01248] laser_switch=0 effective_power=0 vtk=
global_step=1722 mode=cooling layer=13/13 highest_printed_layer=13 hatch=1/4 scan=1/8 front_z=0.01248 active_window_cells=65390/109200 printed_cells=65390/109200 cooling_only_cells=0/109200 mechanics_current=0 mechanics_source_step=1712 T_min=347.05 T_max=347.051533166 u_max=8.8754048194e-05 vm_max=643913117.749 laser_center=[0.      0.0025  0.01248] laser_switch=0 effective_power=0 vtk=
global_step=1723 mode=cooling layer=13/13 highest_printed_layer=13 hatch=1/4 scan=1/8 front_z=0.01248 active_window_cells=65390/109200 printed_cells=65390/109200 cooling_only_cells=0/109200 mechanics_current=0 mechanics_source_step=1712 T_min=347.05 T_max=347.051533166 u_max=8.8754048194e-05 vm_max=643913117.749 laser_center=[0.      0.0025  0.01248] laser_switch=0 effective_power=0 vtk=
global_step=1724 mode=cooling layer=13/13 highest_printed_layer=13 hatch=1/4 scan=1/8 front_z=0.01248 active_window_cells=65390/109200 printed_cells=65390/109200 cooling_only_cells=0/109200 mechanics_current=0 mechanics_source_step=1712 T_min=347.05 T_max=347.051533166 u_max=8.8754048194e-05 vm_max=643913117.749 laser_center=[0.      0.0025  0.01248] laser_switch=0 effective_power=0 vtk=
global_step=1725 mode=cooling layer=13/13 highest_printed_layer=13 hatch=1/4 scan=1/8 front_z=0.01248 active_window_cells=65390/109200 printed_cells=65390/109200 cooling_only_cells=0/109200 mechanics_current=0 mechanics_source_step=1712 T_min=347.05 T_max=347.051533166 u_max=8.8754048194e-05 vm_max=643913117.749 laser_center=[0.      0.0025  0.01248] laser_switch=0 effective_power=0 vtk=
global_step=1726 mode=cooling layer=13/13 highest_printed_layer=13 hatch=1/4 scan=1/8 front_z=0.01248 active_window_cells=65390/109200 printed_cells=65390/109200 cooling_only_cells=0/109200 mechanics_current=0 mechanics_source_step=1712 T_min=347.05 T_max=347.051533166 u_max=8.8754048194e-05 vm_max=643913117.749 laser_center=[0.      0.0025  0.01248] laser_switch=0 effective_power=0 vtk=
global_step=1727 mode=cooling layer=13/13 highest_printed_layer=13 hatch=1/4 scan=1/8 front_z=0.01248 active_window_cells=65390/109200 printed_cells=65390/109200 cooling_only_cells=0/109200 mechanics_current=0 mechanics_source_step=1712 T_min=347.05 T_max=347.051533166 u_max=8.8754048194e-05 vm_max=643913117.749 laser_center=[0.      0.0025  0.01248] laser_switch=0 effective_power=0 vtk=
global_step=1728 mode=cooling layer=13/13 highest_printed_layer=13 hatch=1/4 scan=1/8 front_z=0.01248 active_window_cells=65390/109200 printed_cells=65390/109200 cooling_only_cells=0/109200 mechanics_current=1 mechanics_source_step=1728 T_min=347.05 T_max=347.051533166 u_max=8.8754048194e-05 vm_max=643913117.749 laser_center=[0.      0.0025  0.01248] laser_switch=0 effective_power=0 vtk=/home/user/work/output/amb_l0_20260731T092534Z/step_001728_cooling.vtu
global_step=1729 mode=cooling layer=13/13 highest_printed_layer=13 hatch=1/4 scan=1/8 front_z=0.01248 active_window_cells=65390/109200 printed_cells=65390/109200 cooling_only_cells=0/109200 mechanics_current=0 mechanics_source_step=1728 T_min=347.05 T_max=347.051533166 u_max=8.8754048194e-05 vm_max=643913117.749 laser_center=[0.      0.0025  0.01248] laser_switch=0 effective_power=0 vtk=
global_step=1730 mode=cooling layer=13/13 highest_printed_layer=13 hatch=1/4 scan=1/8 front_z=0.01248 active_window_cells=65390/109200 printed_cells=65390/109200 cooling_only_cells=0/109200 mechanics_current=0 mechanics_source_step=1728 T_min=347.05 T_max=347.051533166 u_max=8.8754048194e-05 vm_max=643913117.749 laser_center=[0.      0.0025  0.01248] laser_switch=0 effective_power=0 vtk=
global_step=1731 mode=cooling layer=13/13 highest_printed_layer=13 hatch=1/4 scan=1/8 front_z=0.01248 active_window_cells=65390/109200 printed_cells=65390/109200 cooling_only_cells=0/109200 mechanics_current=0 mechanics_source_step=1728 T_min=347.05 T_max=347.051533166 u_max=8.8754048194e-05 vm_max=643913117.749 laser_center=[0.      0.0025  0.01248] laser_switch=0 effective_power=0 vtk=
global_step=1732 mode=cooling layer=13/13 highest_printed_layer=13 hatch=1/4 scan=1/8 front_z=0.01248 active_window_cells=65390/109200 printed_cells=65390/109200 cooling_only_cells=0/109200 mechanics_current=0 mechanics_source_step=1728 T_min=347.05 T_max=347.051533166 u_max=8.8754048194e-05 vm_max=643913117.749 laser_center=[0.      0.0025  0.01248] laser_switch=0 effective_power=0 vtk=
global_step=1733 mode=cooling layer=13/13 highest_printed_layer=13 hatch=1/4 scan=1/8 front_z=0.01248 active_window_cells=65390/109200 printed_cells=65390/109200 cooling_only_cells=0/109200 mechanics_current=0 mechanics_source_step=1728 T_min=347.05 T_max=347.051533166 u_max=8.8754048194e-05 vm_max=643913117.749 laser_center=[0.      0.0025  0.01248] laser_switch=0 effective_power=0 vtk=
global_step=1734 mode=cooling layer=13/13 highest_printed_layer=13 hatch=1/4 scan=1/8 front_z=0.01248 active_window_cells=65390/109200 printed_cells=65390/109200 cooling_only_cells=0/109200 mechanics_current=0 mechanics_source_step=1728 T_min=347.05 T_max=347.051533166 u_max=8.8754048194e-05 vm_max=643913117.749 laser_center=[0.      0.0025  0.01248] laser_switch=0 effective_power=0 vtk=
global_step=1735 mode=cooling layer=13/13 highest_printed_layer=13 hatch=1/4 scan=1/8 front_z=0.01248 active_window_cells=65390/109200 printed_cells=65390/109200 cooling_only_cells=0/109200 mechanics_current=0 mechanics_source_step=1728 T_min=347.05 T_max=347.051533166 u_max=8.8754048194e-05 vm_max=643913117.749 laser_center=[0.      0.0025  0.01248] laser_switch=0 effective_power=0 vtk=
global_step=1736 mode=cooling layer=13/13 highest_printed_layer=13 hatch=1/4 scan=1/8 front_z=0.01248 active_window_cells=65390/109200 printed_cells=65390/109200 cooling_only_cells=0/109200 mechanics_current=0 mechanics_source_step=1728 T_min=347.05 T_max=347.051533166 u_max=8.8754048194e-05 vm_max=643913117.749 laser_center=[0.      0.0025  0.01248] laser_switch=0 effective_power=0 vtk=
global_step=1737 mode=cooling layer=13/13 highest_printed_layer=13 hatch=1/4 scan=1/8 front_z=0.01248 active_window_cells=65390/109200 printed_cells=65390/109200 cooling_only_cells=0/109200 mechanics_current=0 mechanics_source_step=1728 T_min=347.05 T_max=347.051533166 u_max=8.8754048194e-05 vm_max=643913117.749 laser_center=[0.      0.0025  0.01248] laser_switch=0 effective_power=0 vtk=
global_step=1738 mode=cooling layer=13/13 highest_printed_layer=13 hatch=1/4 scan=1/8 front_z=0.01248 active_window_cells=65390/109200 printed_cells=65390/109200 cooling_only_cells=0/109200 mechanics_current=0 mechanics_source_step=1728 T_min=347.05 T_max=347.051533166 u_max=8.8754048194e-05 vm_max=643913117.749 laser_center=[0.      0.0025  0.01248] laser_switch=0 effective_power=0 vtk=
global_step=1739 mode=cooling layer=13/13 highest_printed_layer=13 hatch=1/4 scan=1/8 front_z=0.01248 active_window_cells=65390/109200 printed_cells=65390/109200 cooling_only_cells=0/109200 mechanics_current=0 mechanics_source_step=1728 T_min=347.05 T_max=347.051533166 u_max=8.8754048194e-05 vm_max=643913117.749 laser_center=[0.      0.0025  0.01248] laser_switch=0 effective_power=0 vtk=
global_step=1740 mode=cooling layer=13/13 highest_printed_layer=13 hatch=1/4 scan=1/8 front_z=0.01248 active_window_cells=65390/109200 printed_cells=65390/109200 cooling_only_cells=0/109200 mechanics_current=0 mechanics_source_step=1728 T_min=347.05 T_max=347.051533166 u_max=8.8754048194e-05 vm_max=643913117.749 laser_center=[0.      0.0025  0.01248] laser_switch=0 effective_power=0 vtk=
global_step=1741 mode=cooling layer=13/13 highest_printed_layer=13 hatch=1/4 scan=1/8 front_z=0.01248 active_window_cells=65390/109200 printed_cells=65390/109200 cooling_only_cells=0/109200 mechanics_current=0 mechanics_source_step=1728 T_min=347.05 T_max=347.051533166 u_max=8.8754048194e-05 vm_max=643913117.749 laser_center=[0.      0.0025  0.01248] laser_switch=0 effective_power=0 vtk=
global_step=1742 mode=cooling layer=13/13 highest_printed_layer=13 hatch=1/4 scan=1/8 front_z=0.01248 active_window_cells=65390/109200 printed_cells=65390/109200 cooling_only_cells=0/109200 mechanics_current=0 mechanics_source_step=1728 T_min=347.05 T_max=347.051533166 u_max=8.8754048194e-05 vm_max=643913117.749 laser_center=[0.      0.0025  0.01248] laser_switch=0 effective_power=0 vtk=
global_step=1743 mode=cooling layer=13/13 highest_printed_layer=13 hatch=1/4 scan=1/8 front_z=0.01248 active_window_cells=65390/109200 printed_cells=65390/109200 cooling_only_cells=0/109200 mechanics_current=0 mechanics_source_step=1728 T_min=347.05 T_max=347.051533166 u_max=8.8754048194e-05 vm_max=643913117.749 laser_center=[0.      0.0025  0.01248] laser_switch=0 effective_power=0 vtk=
global_step=1744 mode=cooling layer=13/13 highest_printed_layer=13 hatch=1/4 scan=1/8 front_z=0.01248 active_window_cells=65390/109200 printed_cells=65390/109200 cooling_only_cells=0/109200 mechanics_current=1 mechanics_source_step=1744 T_min=347.05 T_max=347.051533166 u_max=8.8754048194e-05 vm_max=643913117.749 laser_center=[0.      0.0025  0.01248] laser_switch=0 effective_power=0 vtk=/home/user/work/output/amb_l0_20260731T092534Z/step_001744_cooling.vtu
global_step=1745 mode=cooling layer=13/13 highest_printed_layer=13 hatch=1/4 scan=1/8 front_z=0.01248 active_window_cells=65390/109200 printed_cells=65390/109200 cooling_only_cells=0/109200 mechanics_current=0 mechanics_source_step=1744 T_min=347.05 T_max=347.051533166 u_max=8.8754048194e-05 vm_max=643913117.749 laser_center=[0.      0.0025  0.01248] laser_switch=0 effective_power=0 vtk=
global_step=1746 mode=cooling layer=13/13 highest_printed_layer=13 hatch=1/4 scan=1/8 front_z=0.01248 active_window_cells=65390/109200 printed_cells=65390/109200 cooling_only_cells=0/109200 mechanics_current=0 mechanics_source_step=1744 T_min=347.05 T_max=347.051533166 u_max=8.8754048194e-05 vm_max=643913117.749 laser_center=[0.      0.0025  0.01248] laser_switch=0 effective_power=0 vtk=
global_step=1747 mode=cooling layer=13/13 highest_printed_layer=13 hatch=1/4 scan=1/8 front_z=0.01248 active_window_cells=65390/109200 printed_cells=65390/109200 cooling_only_cells=0/109200 mechanics_current=1 mechanics_source_step=1747 T_min=347.05 T_max=347.051533166 u_max=8.8754048194e-05 vm_max=643913117.749 laser_center=[0.      0.0025  0.01248] laser_switch=0 effective_power=0 vtk=/home/user/work/output/amb_l0_20260731T092534Z/step_001747_cooling.vtu
[amb-l0-rev2-20260731T092534Z] wall=19944.282s steps=1748 lin_iters=4534
  nonlinear_solve   19166.382s   96.1%  calls=1885  per_step=10964.749 ms
  solver            17525.111s   87.9%  calls=4534  per_step=10025.807 ms
  assembly           1058.738s    5.3%  calls=12092  per_step=605.685 ms
  local_assembly      852.141s    4.3%  calls=7185  per_step=487.495 ms
  nonlinear_solve_overhead    482.518s    2.4%  calls=1885  per_step=276.040 ms
  python_overhead     444.825s    2.2%  calls=0  per_step=254.477 ms
  io                  215.366s    1.1%  calls=140  per_step=123.207 ms
  global_matrix       206.597s    1.0%  calls=4907  per_step=118.191 ms
  residual_vector      82.540s    0.4%  calls=7185  per_step=47.219 ms
  residual_bc          81.801s    0.4%  calls=7185  per_step=46.797 ms
  dof_to_quad          64.685s    0.3%  calls=5256  per_step=37.005 ms
  residual_scatter     62.086s    0.3%  calls=26571  per_step=35.518 ms
  material             33.030s    0.2%  calls=3496  per_step=18.896 ms
  bc_initial_guess     17.476s    0.1%  calls=4534  per_step=9.998 ms
  face_residual         7.953s    0.0%  calls=21664  per_step=4.550 ms
  quad_state            7.123s    0.0%  calls=6994  per_step=4.075 ms
  setup                 6.655s    0.0%  calls=1  per_step=3.807 ms
  face_jacobian         6.288s    0.0%  calls=4907  per_step=3.597 ms
  postprocess           5.793s    0.0%  calls=3497  per_step=3.314 ms
  cell_residual         3.112s    0.0%  calls=21664  per_step=1.780 ms
  cell_jacobian         1.942s    0.0%  calls=4907  per_step=1.111 ms
  residual_flatten      0.686s    0.0%  calls=7185  per_step=0.392 ms
  history               0.330s    0.0%  calls=1748  per_step=0.189 ms
  activation            0.094s    0.0%  calls=1748  per_step=0.054 ms
