X Position	Z Position	XX Strain	ZZ Strain	45 degree Strain	ShearXZ Strain 
0.24993599	7.75	-2653.641942	3657.007659	257.3161039	244.3667546
0.75011278	7.75	-970.783483	405.4678001	-139.5187966	-143.1390449
1.2499848	7.75	-312.1767884	-1004.75812	-915.0873566	256.6199024
1.7498567	7.75	-0.835441896	-1863.592389	-1301.896954	369.6830386
2.2500335	7.75	-94.9618955	-2380.452442	-1759.997594	522.2904253
2.7499055	7.75	-389.3159235	-2089.718662	-1854.959489	615.4421963
3.2500823	7.75	-442.5057242	-2220.326079	-1904.529042	573.1131404
3.7499543	7.75	-939.8721328	-2216.70583	-1715.162212	136.8732306
4.2501311	7.75	-809.8216777	-1570.073803	-1644.428132	454.4803917
4.750003	7.75	-1334.200708	-1197.466717	-1474.554946	208.7212335
0.24993599	7.25	-2491.566214	3805.716316	387.9235203	269.1515307
0.75011278	7.25	-977.7454988	524.6575106	280.708477	-507.2524711
1.2499848	7.25	-137.8479128	-917.5936823	-668.3535167	140.6327192
1.7498567	7.25	-116.1264235	-1943.51633	-1211.94771	182.1263333
2.2500335	7.25	-8.911380222	-2072.452863	-1748.022927	707.3408054
2.7499055	7.25	103.8732757	-2314.174052	-1682.579978	577.4295899
3.2500823	7.25	32.30375331	-2600.173661	-1323.061482	39.12652816
3.7499543	7.25	-116.1264235	-2259.034886	-1373.187996	185.6073413
4.2501311	7.25	-149.5440994	-1824.605101	-1008.099888	21.0252878
4.750003	7.25	-790.6065141	-1284.631155	-1103.897225	66.27839045
0.24993599	6.75	-2478.756105	3733.311352	274.8603837	352.4172398
0.75011278	6.75	-723.7711624	737.4167134	238.1009403	-231.2781648
1.2499848	6.75	-107.4935239	-658.8851752	-405.1893195	21.99996995
1.7498567	6.75	339.4678903	-1737.997624	-1130.631366	431.3664992
2.2500335	6.75	-89.39228286	-2141.79454	-1696.78249	581.1890786
2.7499055	6.75	300.2021212	-2229.515939	-1483.187846	518.5309371
3.2500823	6.75	489.0119897	-2616.047057	-1822.655736	759.1382024
3.7499543	6.75	446.404453	-2704.325417	-1381.542415	252.581933
4.2501311	6.75	685.0623546	-2639.43943	-751.0622644	-226.1262733
4.750003	6.75	304.1008501	-2130.098354	-722.9357205	-190.0630315
0.24993599	6.25	-2413.870118	3699.058234	221.1136218	421.4804362
0.75011278	6.25	-1023.137842	854.1000982	108.3289658	-192.8478377
1.2499848	6.25	-76.02521252	-767.7711023	-596.5055136	174.6073562
1.7498567	6.25	-17.82276044	-1692.3268	-986.656879	131.5820988
2.2500335	6.25	85.77203464	-2391.870148	-1576.757338	423.7082813
2.7499055	6.25	78.25305758	-2417.211885	-1648.605341	479.1259273
3.2500823	6.25	198.2782099	-2797.616429	-1460.909395	161.2402855
3.7499543	6.25	173.4934337	-2841.616368	-1574.251012	240.1895449
4.2501311	6.25	309.6704627	-2499.085191	-993.3404142	-101.36695
4.750003	6.25	-112.5061753	-1466.479008	-583.4169239	-206.0756678
0.24993599	5.75	-2561.743333	3797.361897	245.0629561	372.7463259
0.75011278	5.75	-1194.681911	1393.795563	46.78474617	52.77207983
1.2499848	5.75	-466.4550585	-255.9237008	-630.4801507	269.2907711
1.7498567	5.75	125.594765	-1396.85885	-1128.682001	493.0499585
2.2500335	5.75	1.670883792	-2086.376895	-1482.352404	439.9993984
2.7499055	5.75	69.34167736	-2470.680167	-1705.41539	504.7461452
3.2500823	5.75	252.3034525	-2590.9838	-1870.832885	701.4927113
3.7499543	5.75	365.9235504	-2705.160859	-1653.061031	483.4423767
4.2501311	5.75	121.9745168	-2545.591457	-1134.251614	-77.5568561
4.750003	5.75	-231.1389245	-1593.466176	-625.1890187	-287.1135316
0.24993599	5.25	-2441.718181	3898.171886	189.0883491	539.1385034
0.75011278	5.25	-982.4796695	1226.150222	255.0882589	-133.2529827
1.2499848	5.25	-348.1007899	25.62021814	-351.7210382	190.4807523
1.7498567	5.25	-90.78468602	-1215.567958	-911.4671084	258.2907864
2.2500335	5.25	-224.73387	-1963.009975	-1339.77032	245.8983975
2.7499055	5.25	-33.1391952	-2396.882799	-1622.428162	407.4171649
3.2500823	5.25	117.2403461	-2899.818821	-1793.69375	402.4045126
3.7499543	5.25	165.1390147	-3010.932593	-1584.276315	161.3795259
4.2501311	5.25	336.4046034	-2635.26222	-1005.593562	-143.8352463
4.750003	5.25	118.3542686	-904.7835732	-552.7840544	159.5694021
0.24993599	4.75	-2528.047177	3705.463289	150.9365025	437.7715535
0.75011278	4.75	-1139.542746	1649.440783	421.3411961	-166.3921776
1.2499848	4.75	-588.1510947	13.36707033	-354.7843251	67.39231292
1.7498567	4.75	-352.8349607	-1050.707424	-926.2265819	224.4553896
2.2500335	4.75	-216.9364123	-1850.225319	-1379.31457	345.7337044
2.7499055	4.75	-209.9743965	-2375.439791	-1664.200257	371.4931633
3.2500823	4.75	146.4808124	-2784.527839	-1662.250892	343.2273787
3.7499543	4.75	507.670192	-2882.831502	-1625.769929	438.189274
4.2501311	4.75	346.7083868	-2677.591276	-1227.542626	62.1011814
4.750003	4.75	-184.9111396	-795.8976461	-995.8467399	505.4423471
0.24993599	4.25	-2393.541032	3886.197219	244.2275142	502.1005793
0.75011278	4.25	-1363.162693	1495.440994	369.265318	-303.1261675
1.2499848	4.25	-546.6574805	47.0632268	-213.0376834	-36.75944345
1.7498567	4.25	-330.5565101	-1020.353035	NaN	NaN
2.2500335	4.25	-70.45559988	-1994.199805	-1410.22592	377.8982176
2.7499055	4.25	-78.81001884	-2521.363642	-1712.655886	412.5690556
3.2500823	4.25	110.5568109	-3070.527448	-1788.124138	308.1388195
3.7499543	4.25	480.9360514	-3170.501995	-1807.617782	462.8348102
4.2501311	4.25	559.189109	-3009.81867	-1637.744597	412.4298165
4.750003	4.25	-172.3795112	-477.3158032	-940.1506135	615.3029563
0.24993599	3.75	-2406.351141	3521.387591	474.2525162	83.2657088
0.75011278	3.75	-1246.479309	2120.630012	611.2649871	-174.1896356
1.2499848	3.75	-699.5433475	318.3033623	-206.3541483	15.7341557
1.7498567	3.75	-605.1384132	-862.1760365	-864.1254009	130.4681761
2.2500335	3.75	-190.2022716	-1669.212908	-1450.605612	520.8980222
2.7499055	3.75	-226.6832344	-2449.237158	-1517.162483	179.2022868
3.2500823	3.75	365.3665891	-3022.90726	-1888.655646	559.8853106
3.7499543	3.75	276.5312675	-3079.160347	-1674.782521	273.4679813
4.2501311	3.75	42.32905606	-2868.072028	-1286.302039	-126.569447
4.750003	3.75	-66.2783904	-1079.66941	NaN	NaN
0.24993599	3.25	-2390.199264	3473.767403	306.3286951	235.4553744
0.75011278	3.25	-1512.706793	2178.553984	940.7075747	-607.7839792
1.2499848	3.25	-582.581482	565.5941635	46.50626554	-54.99992479
1.7498567	3.25	-380.6830239	-682.5560289	-620.1763674	88.556841
2.2500335	3.25	-54.30372323	-1739.946988	-1211.66923	314.5438744
2.7499055	3.25	-103.0378338	-2408.578986	-1485.972652	230.1642421
3.2500823	3.25	252.8604138	-2976.122514	-1484.580249	122.9491989
3.7499543	3.25	312.455269	-3032.932563	-1722.95967	362.721023
4.2501311	3.25	279.0375932	-2768.932923	-1483.744807	238.7971421
4.750003	3.25	-204.9617451	-833.4925314	-828.4798801	309.2527419
0.24993599	2.75	-2265.718422	3473.767403	169.5947049	434.4297856
0.75011278	2.75	-1385.162663	2380.452442	614.0497935	-116.404904
1.2499848	2.75	-908.4038214	722.3787593	159.5694021	-252.5819332
1.7498567	2.75	-552.2270932	-340.3033322	-782.2520951	335.9868824
2.2500335	2.75	-227.2401957	-1694.276165	-1380.706973	419.9487927
2.7499055	2.75	15.59491539	-2407.743544	-1374.301919	178.2276047
3.2500823	2.75	221.3921024	-3053.261649	-1806.225379	390.2906057
3.7499543	2.75	500.7081762	-3226.198121	-1463.13724	100.3922676
4.2501311	2.75	648.0244305	-2583.186342	-1365.669019	398.0880633
4.750003	2.75	-146.759293	-729.6192557	-769.4419861	331.2527118
0.24993599	2.25	-2302.477865	3265.18541	383.1893496	98.1644229
0.75011278	2.25	-1412.453765	2494.07254	836.5558184	-295.7464309
1.2499848	2.25	-826.5305156	1010.327733	171.5440693	-79.6454606
1.7498567	2.25	-258.4300265	-360.910899	-504.3284245	194.6579618
2.2500335	2.25	-293.2401054	-1623.820565	-1376.251283	417.7209478
2.7499055	2.25	43.72145922	-2552.553472	-1531.364995	276.9489886
3.2500823	2.25	176.27824	-2922.932713	-1790.351983	417.0247465
3.7499543	2.25	384.5817527	-2960.806079	-1598.200347	310.0881839
4.2501311	2.25	541.0878679	-2895.08465	-1425.263874	248.265483
4.750003	2.25	97.46822118	-1069.644107	-1063.517533	577.4295901
0.24993599	1.75	-2078.579437	3287.46386	312.7337497	291.7084618
0.75011278	1.75	-1605.440843	2351.768937	815.669771	-442.505724
1.2499848	1.75	-984.7075146	1014.226462	346.4299061	-331.6704324
1.7498567	1.75	-413.5437384	-665.2902297	-507.670192	-31.74679205
2.2500335	1.75	-244.2275142	-1548.352314	-1215.289478	318.9995639
2.7499055	1.75	-9.746822118	-2303.034826	-1753.035578	596.6447539
3.2500823	1.75	179.341527	-2910.958046	-1571.466206	205.6579465
3.7499543	1.75	648.3029112	-3113.970426	-1629.947139	397.1133816
4.2501311	1.75	498.2018506	-2796.224025	-1560.0485	411.0374128
4.750003	1.75	-104.7087176	-1264.85903	-1089.137752	404.3538782
0.24993599	1.25	-2225.33873	3046.299633	141.7466417	268.7338098
0.75011278	1.25	-1799.820324	2763.08483	563.6447991	-82.0125461
1.2499848	1.25	-1121.441505	1550.858639	241.4427079	-26.7341409
1.7498567	1.25	-368.1513954	-227.2401957	-545.543558	247.8477625
2.2500335	1.25	41.77209479	-1740.225469	-948.7835131	99.556826
2.7499055	1.25	179.0630463	-2351.211976	-1584.554796	498.4803312
3.2500823	1.25	248.4047237	-3143.767854	-1688.428072	240.7465069
3.7499543	1.25	667.7965554	-3274.653751	-1919.845477	616.4168792
4.2501311	1.25	674.4800906	-2896.477053	-1460.073953	349.0754718
4.750003	1.25	11.13922528	-1369.010787	-935.973404	257.0376231
0.24993599	0.75	-2189.136248	3014.27436	81.59482516	330.9742308
0.75011278	0.75	-1698.174894	2601.287583	449.7462206	1.8101239
1.2499848	0.75	-675.0370518	758.0242802	-133.1137421	174.6073563
1.7498567	0.75	15.31643476	-758.3027608	-835.1634152	463.6702522
2.2500335	0.75	210.2528771	-1996.42765	NaN	NaN
2.7499055	0.75	365.9235504	-2496.857346	-1572.023167	506.5562692
3.2500823	0.75	456.4297558	-3370.451088	-1504.630854	47.6201879
3.7499543	0.75	567.8220085	-3374.071337	-1560.883942	157.7592778
4.2501311	0.75	320.2527267	-3169.388072	-1735.491298	310.9236254
4.750003	0.75	70.17711925	-1858.301257	-1527.744747	633.6826781
0.24993599	0.25	-1461.744837	2620.502747	-109.1644077	688.5433627
0.75011278	0.25	-700.65727	1895.896142	-121.1390749	718.7585109
1.2499848	0.25	83.82267022	265.1135616	-214.4300866	388.8982025
1.7498567	0.25	201.0630163	-1477.896714	-488.4550284	-149.9618205
2.2500335	0.25	596.5055136	-2113.946477	-1106.403551	347.6830693
2.7499055	0.25	550.5562094	-2815.71767	-1298.276706	165.6959757
3.2500823	0.25	438.0500341	-2953.008621	-1269.871682	12.39238855
3.7499543	0.25	697.593983	-3248.198091	-1514.934638	239.632584
4.2501311	0.25	734.3534265	-2931.287132	-1482.630885	384.1640323
4.750003	0.25	-141.7466417	-1682.858459	-1361.213329	448.9107787
5.249875	7.75	-1173.795864	-905.0620538	-2082.478166	1043.049207
5.7500518	7.75	-1600.428192	-1059.061843	-1935.997353	606.2523355
6.2499238	7.75	-1330.023498	-1156.530064	-1946.022656	702.745875
6.7501006	7.75	-1001.694833	-1330.301979	-1926.250531	760.252125
5.249875	7.25	-1638.301558	-609.872584	-1669.769869	545.682798
5.7500518	7.25	-822.6317868	-737.9736747	-1796.200076	1015.897345
6.2499238	7.25	-802.5811813	-1022.3024	-2009.23776	1096.795969
6.7501006	7.25	-702.885115	-940.1506135	-2069.389576	1247.871712
5.249875	6.75	-997.239143	-677.8218582	-957.6948933	120.1643927
5.7500518	6.75	-1226.707184	-1208.327462	-2086.098414	868.581091
6.2499238	6.75	-869.6950136	-1178.251554	-1908.706251	884.7329672
6.7501006	6.75	-515.1891691	-1160.707274	-1456.175224	618.2270025
5.249875	6.25	-1972.199835	-802.3027006	-320.2527267	-1066.998541
5.7500518	6.25	955.4670482	-477.5942838	-1127.011118	1365.9475
6.2499238	6.25	-970.5050023	-806.2014295	-2078.857918	1190.504702
6.7501006	6.25	-677.5433775	-1627.719294	-1838.807613	686.1762773
5.249875	5.75	-1979.997293	-2406.629621	NaN	NaN
5.7500518	5.75	11609.57907	3690.703815	NaN	NaN
6.2499238	5.75	-4155.209509	187.1389847	404.075397	-2388.110659
6.7501006	5.75	-705.948402	-2344.806921	-2036.528861	511.1511995
7.2499726	7.75	-1075.492201	-1210.555307	-2240.655165	1097.631411
7.2499726	7.25	-1434.175255	-872.4798199	-2131.769238	978.4417006
7.2499726	6.75	-896.7076349	-1122.276947	-527.4423169	-482.0499741
7.2499726	6.25	-223.0629862	-2416.933405	-1052.378308	-267.6198876
7.2499726	5.75	444.4550886	-2664.224206	-1974.984642	865.1000833
7.2499726	5.25	265.3920422	-2972.502265	-1584.276315	230.7212036
7.2499726	4.75	237.5439791	-3396.906749	-1246.479309	-333.202076
7.2499726	4.25	-406.5817226	-3040.45154	-1137.593382	-585.9232493
7.2499726	3.75	-583.1384433	-2651.971058	-901.7202863	-715.8344644
7.2499726	3.25	-493.1891992	-2466.781438	-861.062114	-618.9232046
7.2499726	2.75	-2580.401536	-2103.921174	-718.4800304	-1623.681325
7.2499726	2.25	-615.7206772	-2397.16128	-735.1888683	-771.2521103
7.2499726	1.75	-652.20164	-2457.313096	-740.758481	-813.998887
7.2499726	1.25	-864.6823622	-2594.325567	257.5945846	-1987.098549
7.2499726	0.75	-1006.150523	-2640.553352	-955.1885676	-868.1633699
7.2499726	0.25	-833.7710121	-2614.376173	-1151.795894	-572.2776986
7.7501494	7.75	-679.492742	-1461.466356	-2067.718692	997.239143
8.2500213	7.75	-981.9227083	-1643.314209	-1930.706221	618.0877624
8.7498933	7.75	-1165.719925	-1382.099376	-1624.377526	350.4678755
9.2500701	7.75	-1006.985965	-1430.276526	-1470.099256	251.4680105
7.7501494	7.25	-2405.237218	-1235.340083	-2166.857797	346.5691465
8.2500213	7.25	-2876.147967	-921.2139305	-2193.591938	294.9109893
8.7498933	7.25	-1911.491058	-1182.985725	-2069.389576	522.1511845
9.2500701	7.25	-1464.808124	-1442.808154	NaN	NaN
7.7501494	6.75	-1428.327161	-8.354418959	NaN	NaN
8.2500213	6.75	-1957.997323	-383.4678302	-3159.64125	1988.908673
8.7498933	6.75	-2184.402077	-1096.935209	-3290.527147	1649.858504
9.2500701	6.75	-1697.060971	-1421.086665	-3036.552811	1477.478993
7.7501494	6.25	-1620.200317	-2460.933345	-509.6195565	-1530.947275
8.2500213	6.25	-294.354028	-657.7712527	-815.9482516	339.8856113
8.7498933	6.25	-1512.985273	-805.087507	-2938.249148	1779.212758
9.2500701	6.25	-1440.023348	-1118.099737	-2880.325176	1601.263634
7.7501494	5.75	-1496.276435	53.1898007	-646.3535468	-75.18977035
8.2500213	5.75	-3173.286801	-144.2529674	NaN	NaN
8.7498933	5.75	49.56955249	-637.9991278	-259.2654683	-34.94931936
9.2500701	5.75	-1400.757579	-1366.504461	-2494.629501	1110.998481
9.7499421	7.75	-576.7333888	-1285.466597	-1366.504461	435.4044681
10.250119	7.75	-669.1889586	-1050.428944	-1308.302009	448.4930577
10.749991	7.75	-1058.504882	-1165.719925	-1303.289358	191.1769545
11.249863	7.75	-1186.049011	-961.8721028	-1365.669019	291.7084621
11.75004	7.75	-1683.13694	-935.973404	-1767.516571	457.961399
9.7499421	7.25	-942.9354198	-1471.77014	-1775.87099	568.5182101
10.250119	7.25	-974.9606925	-1572.858609	-1559.77002	285.8603693
10.749991	7.25	-725.9990075	-969.6695605	-951.5683194	103.7340354
11.249863	7.25	-1152.631336	-764.1508541	-835.9988571	-122.392238
11.75004	7.25	-2694.021633	-128.9365326	-1434.453735	22.9746522
9.7499421	6.75	-1296.048861	-1728.250802	-2607.414157	1095.264326
10.250119	6.75	-783.087537	-1680.630614	-1916.78219	684.9231145
10.749991	6.75	-944.8847842	-1441.972712	-1193.011027	-0.4177211
11.249863	6.75	-621.5687705	-1233.390719	-257.0376233	-670.4421215
11.75004	6.75	-1211.94771	-578.9612338	280.1515157	-1175.605988
9.7499421	6.25	-1266.808395	-1923.744206	-2851.920152	1256.643852
10.250119	6.25	-1384.327221	-1902.858158	NaN	NaN
10.749991	6.25	-781.4166533	-1823.769659	-1686.478707	383.8855509
11.249863	6.25	-606.5308164	-1807.339301	-446.404453	-760.5306057
11.75004	6.25	-432.2019408	-507.670192	-113.3416172	-356.5944492
9.7499421	5.75	-687.011719	-2265.718422	-2952.45166	1476.08659
10.250119	5.75	-657.7712527	-2676.477354	-2961.920001	1294.795698
10.749991	5.75	-375.1134112	-2440.047297	-2416.376443	1008.796089
11.249863	5.75	-183.7972171	-2215.591908	-1424.428432	224.7338695
11.75004	5.75	-561.416954	7.797457695	-212.7592028	-64.05054535
9.7499421	5.25	-692.302851	-1935.718873	-1742.174833	428.163971
10.250119	5.25	330.5565101	-2824.072089	-2485.718121	1238.960332
10.749991	5.25	381.5184658	-3081.388193	-2328.098083	978.1632194
11.249863	5.25	-13.9240316	-2146.25023	-1733.541934	653.4548032
11.75004	5.25	-433.5943439	42.32905606	-640.2269729	444.594329
9.7499421	4.75	-1629.111697	-1375.972802	-1310.808335	-191.7339145
10.250119	4.75	640.2269729	-3022.071818	-2100.579407	909.6569845
10.749991	4.75	588.4295753	-3334.248606	-1988.351712	615.4421967
11.249863	4.75	379.0121401	-2266.275383	-1727.136879	783.5052576
11.75004	4.75	-275.6958256	-218.3288154	-800.6318169	553.6194964
9.7499421	4.25	-1751.921656	-836.2773377	-950.7328775	-343.3666194
10.250119	4.25	479.5436482	-2755.008892	-1521.339692	383.6070701
10.749991	4.25	854.6570595	-3049.36292	-1550.858639	453.5057088
11.249863	4.25	382.9108689	-2837.160678	NaN	NaN
11.75004	4.25	-61.26573903	-559.189109	-890.0240997	579.7966757
9.7499421	3.75	-1875.288576	329.7210682	NaN	NaN
10.250119	3.75	489.0119897	-2564.80662	-1454.22586	416.3285449
10.749991	3.75	651.0877175	-2854.983439	-1877.23794	775.2900793
11.249863	3.75	544.4296355	-2379.617	-1343.94753	426.3538478
11.75004	3.75	119.4681911	-311.0628659	-705.3914407	609.5941033
9.7499421	3.25	-2060.199715	456.4297558	NaN	NaN
10.250119	3.25	350.8855963	-2350.098053	-1107.795954	108.1897257
10.749991	3.25	467.568981	-2631.085011	-1758.883671	677.125656
11.249863	3.25	734.0749458	-2471.794089	-1824.605101	955.7455294
11.75004	3.25	190.4807523	-796.1761267	-709.0116889	406.1640017
9.7499421	2.75	-1979.718813	950.7328775	-471.7461905	-42.74677725
10.250119	2.75	304.936292	-2010.908643	-1215.567958	362.5817825
10.749991	2.75	776.6824825	-2626.629321	-1454.782821	529.8094018
11.249863	2.75	790.6065141	-2646.122965	-1707.086274	779.3280486
11.75004	2.75	523.2651074	-1072.985875	-1113.087086	838.2267022
9.7499421	2.25	-2089.718662	1191.618624	-238.1009403	-210.9490787
10.250119	2.25	419.3918317	-1860.250621	-1098.884574	378.4551794
10.749991	2.25	292.1261829	-2718.80641	-1731.87105	518.5309365
11.249863	2.25	727.9483719	-2636.097662	-1698.731855	744.65721
11.75004	2.25	550.83469	-1380.985454	-1034.277067	619.201685
9.7499421	1.75	-2221.718482	1335.31463	-264.2781197	-178.9238063
10.250119	1.75	167.3668598	-1578.985183	-951.5683194	245.7591578
10.749991	1.75	551.6701319	-2569.819272	-1724.909034	715.834464
11.249863	1.75	881.3912001	-2767.819001	-1700.402739	757.1888386
11.75004	1.75	469.2398648	-1865.820234	NaN	NaN
9.7499421	1.25	-2189.136248	1972.756797	-156.2276345	48.037909
10.250119	1.25	-292.4046635	-1502.124529	-1023.137842	125.8732458
10.749991	1.25	756.0749157	-2605.464793	-1764.453284	839.7583454
11.249863	1.25	673.6446487	-3107.565372	-1803.997534	587.0371724
11.75004	1.25	940.4290941	-2101.97181	-1317.77035	736.9989921
9.7499421	0.75	-2203.33876	1923.465725	-260.9363521	120.9998346
10.250119	0.75	-524.6575106	-1342.555127	-1148.732607	215.1262882
10.749991	0.75	412.9867772	-2887.287192	-2111.718632	874.5684246
11.249863	0.75	457.8221589	-2999.793367	-1997.541573	726.555969
11.75004	0.75	746.3280936	-2538.07248	-1367.339903	471.4677098
9.7499421	0.25	-1621.035759	1871.389847	-455.5943139	580.7713579
10.250119	0.25	518.8094173	-2067.997173	-1454.782821	680.1889432
10.749991	0.25	689.5180447	-2854.147997	-1067.416262	-14.89871415
11.249863	0.25	806.4799101	-3178.856414	-1773.086184	586.8979321
11.75004	0.25	163.7466116	-2660.046996	-1976.377045	728.2268528
12.249912	7.75	-1184.378128	-1302.732396	-1756.377346	512.822084
12.750088	7.75	-1407.719595	-1245.365386	-1584.276315	257.7338245
13.24996	7.75	-1221.416052	-1286.58052	-1573.415571	319.417285
13.750137	7.75	-985.2644758	-1370.960151	-1296.884303	118.7719896
12.249912	7.25	-3179.413375	-1055.441595	-2654.755864	537.328379
12.750088	7.25	-2552.274992	-682.5560289	-2431.971359	814.5558486
13.24996	7.25	-1634.95979	-963.8214672	-2470.123205	1170.732576
13.750137	7.25	-1280.732426	-1275.441294	-2143.186943	865.100083
12.249912	6.75	-1701.516661	366.202031	-1700.124258	1032.466943
12.750088	6.75	-1802.883611	-504.3284245	-3335.362529	2181.756511
13.24996	6.75	-1929.592299	-615.4421966	-3046.021152	1773.503904
13.750137	6.75	-2018.984582	-854.3785788	-2755.565853	1318.884273
12.249912	6.25	-2220.604559	-1029.821377	2286.325988	-3911.538956
12.750088	6.25	-792.8343592	-890.8595416	-793.6698011	-48.1771493
13.24996	6.25	-1377.643686	-915.0873566	-2986.983258	1840.617737
13.750137	6.25	-1606.554766	-964.3784284	-2946.882047	1661.41545
12.249912	5.75	-2194.70586	-54.0252426	-164.8605341	-959.5050172
12.750088	5.75	-3211.160167	8394.241689	NaN	NaN
13.24996	5.75	-465.0626554	-999.4669881	-174.8858369	-557.3789849
13.750137	5.75	-1270.707124	-824.5811512	-2253.465274	1205.821136
14.250009	7.75	-780.0242501	-1189.112298	-1449.491689	464.923415
14.749881	7.75	-167.6453404	-1483.744807	-1225.871742	400.1766683
15.250058	7.75	-15.87339602	-1519.111847	-957.9733739	190.4807524
15.74993	7.75	-20.0506055	-1514.656157	-1120.049102	352.6957208
16.250107	7.75	-289.3413766	-1410.782881	-1118.656699	268.5945702
16.749979	7.75	-137.8479128	-1380.428493	-685.8977965	-73.2404064
17.249851	7.75	-138.6833547	-1479.846078	-948.5050324	139.2403161
17.750027	7.75	-385.138714	-1491.542265	-713.7458597	-224.5946298
18.249899	7.75	-289.062896	-1505.466296	-844.6317567	-52.6328393
18.750076	7.75	-267.8983679	-1482.073923	-1077.441565	202.4554196
14.250009	7.25	-774.4546375	-1450.884092	-1750.250772	637.5814073
14.749881	7.25	-539.6954647	-1449.77017	-1945.465695	950.7328777
15.250058	7.25	-284.8856865	-1561.162423	-1502.124529	579.1004743
15.74993	7.25	-315.2400754	-1427.491719	-1107.238993	235.8730958
16.250107	7.25	16.70883792	-1538.04853	-888.6316966	127.9618506
16.749979	7.25	27.56958256	-1788.402618	-1031.492261	151.0757433
17.249851	7.25	-192.4301167	-1273.49193	-703.4420763	-29.51894705
17.750027	7.25	-281.5439189	-1473.719504	NaN	NaN
18.249899	7.25	-534.4043327	-1289.365326	-824.3026706	-87.58215875
18.750076	7.25	-1055.163114	-1135.087056	-1058.504882	-36.620203
14.250009	6.75	-1580.934548	-1519.668809	-2761.413946	1211.112268
14.749881	6.75	-1312.200738	-1457.010666	-2227.288094	842.682392
15.250058	6.75	-1006.150523	-1707.643235	-1962.174533	605.277654
15.74993	6.75	-704.2775182	-1729.643205	-1700.681219	483.7208574
16.250107	6.75	-365.0881085	-1561.719384	-1265.415992	302.0122458
16.749979	6.75	120.5821136	-1729.086244	-960.201219	155.9491538
17.249851	6.75	-146.2023318	-1597.364905	-1004.75812	132.9745016
17.750027	6.75	138.6833547	-1763.339362	-503.2145019	-309.1135018
18.249899	6.75	48.17714933	-1603.769959	-70.17711925	-707.6192856
18.750076	6.75	-118.0757879	-1662.529373	-96.63277929	-793.6698012
14.250009	6.25	-1404.377827	-902.2772475	-2922.932713	1769.605176
14.749881	6.25	-1377.922167	-1547.795352	-3013.717399	1550.85864
15.250058	6.25	-1173.795864	-1646.934457	-2656.148268	1245.783108
15.74993	6.25	-1020.074555	-1780.605161	-2338.680347	938.340489
16.250107	6.25	-899.7709218	-1712.377406	-1827.668387	521.5942231
16.749979	6.25	-688.9610834	-1762.50392	-1430.833487	205.1009853
17.249851	6.25	-315.518556	-1936.832795	-939.8721328	-186.3035427
17.750027	6.25	-460.6069652	-1825.719023	-397.3918618	-745.7711323
18.249899	6.25	-12.25314781	-1475.668869	-116.6833848	-627.2776236
18.750076	6.25	-111.3922528	-1844.377225	92.17708918	-1070.061828
14.250009	5.75	-1410.782881	-886.6823321	-2865.287222	1716.554615
14.749881	5.75	-855.770982	-1433.061332	-2898.147937	1753.73178
15.250058	5.75	-1083.011178	-1739.946988	-2966.932653	1555.45357
15.74993	5.75	-894.2013092	-1865.541753	-2669.515338	1289.643807
16.250107	5.75	-798.4039718	-1956.047959	-2477.642182	1100.416217
16.749979	5.75	-779.1888082	-1785.617812	-1868.32656	585.9232499
17.249851	5.75	-649.1383531	-2079.136398	-1375.415841	11.27846545
17.750027	5.75	-387.0880784	-2117.288245	-731.8471008	-520.3410609
18.249899	5.75	-363.6957053	-2074.123747	-297.9742762	-920.93545
18.750076	5.75	-220.5566605	-1027.036571	-158.4554796	-465.3411362
14.250009	5.25	-1349.517142	-648.3029112	-2173.819813	1174.909786
14.749881	5.25	-418.8348705	-1620.200317	-2670.907741	1651.390147
15.250058	5.25	-576.4549081	-2259.034886	-2685.945695	1268.200798
15.74993	5.25	-102.4808726	-2354.275263	-2912.071968	1683.6939
16.250107	5.25	-644.4041823	-2279.363973	NaN	NaN
16.749979	5.25	-907.2898989	-2088.326259	-1932.377105	434.5690261
17.249851	5.25	-358.1260927	-2493.794059	-1573.13709	147.1770142
17.750027	5.25	-196.0503649	-2302.756346	-1027.872013	-221.5313425
18.249899	5.25	-213.3161641	-1867.491118	-514.6322078	-525.7714333
18.750076	5.25	-350.0501544	-12.53162844	-186.0250621	4.73417068
14.250009	4.75	-2422.224537	978.5809407	-452.5310269	-269.2907713
14.749881	4.75	-396.8349005	-1737.440663	-1937.668237	870.5304553
15.250058	4.75	-62.93662282	-2215.313427	-2308.88292	1169.757895
15.74993	4.75	-385.138714	-2367.363852	-2388.806861	1012.555578
16.250107	4.75	-267.3414067	-2519.971239	-2295.237369	901.5810462
16.749979	4.75	-350.6071156	-2665.059648	-2469.287764	961.4543822
17.249851	4.75	-25.34173751	-2556.730682	257.5945846	-1548.630794
17.750027	4.75	-91.06316665	-2521.085161	-1395.187966	89.11380218
18.249899	4.75	-51.24043628	-1778.934277	-939.3151716	24.22781496
18.750076	4.75	-414.657661	-10.58226401	-277.3667094	64.7467469
14.250009	4.25	-2452.857406	2040.984552	-692.302851	486.366424
14.749881	4.25	-358.683054	-1335.593111	-1176.58067	329.4425875
15.250058	4.25	135.0631065	-2161.845146	-1992.250441	978.8594213
15.74993	4.25	-80.48090263	-2509.388975	-2195.262822	900.3278832
16.250107	4.25	-189.0883491	-2571.490155	-2469.287764	1088.998512
16.749979	4.25	37.03792405	-2733.008922	-2130.655315	782.669816
17.249851	4.25	-73.2404062	-2561.743333	-1942.123927	624.6320574
17.750027	4.25	-49.84803312	-2907.894759	-1687.035668	208.1642719
18.249899	4.25	-46.78474617	-1714.605251	-1068.530185	187.8351864
18.750076	4.25	-420.2272736	396.8349005	257.5945846	-269.2907712
14.250009	3.75	-2612.98377	2277.693089	257.5945846	-425.2399251
14.749881	3.75	-653.8725238	-923.9987368	-1017.289749	228.3541187
15.250058	3.75	-238.6579016	-1981.946658	-1797.313999	687.0117192
15.74993	3.75	186.0250621	-2277.971569	-2149.035037	1103.061784
16.250107	3.75	-82.43026706	-2597.667335	-2121.186974	781.138173
16.749979	3.75	-50.12651375	-3089.464131	-2191.642573	621.8472506
17.249851	3.75	135.3415871	-2835.768275	-1828.78231	478.5689661
17.750027	3.75	198.2782099	-2864.730261	NaN	NaN
18.249899	3.75	127.5441294	-1789.516541	-1230.605913	399.6197072
18.750076	3.75	-346.4299061	536.3536971	-539.4169841	634.3788796
14.250009	3.25	-2563.692698	2263.769057	-206.6326289	56.6708084
14.749881	3.25	-683.6699514	-331.9489133	-778.6318469	270.8224146
15.250058	3.25	133.1137421	-1849.668357	-1316.377947	458.1006396
15.74993	3.25	-185.7465815	-2485.718121	-2040.984552	705.2522008
16.250107	3.25	81.0378639	-2831.034104	-2149.313517	774.315397
16.749979	3.25	133.6707033	-2980.021243	-1778.655796	355.4805262
17.249851	3.25	73.51888683	-3008.704748	-2025.946597	558.3536664
17.750027	3.25	123.0884393	-2674.527989	-1861.921505	586.2017302
18.249899	3.25	465.8980973	-1947.97202	-1322.226041	581.1890797
18.750076	3.25	-406.5817226	677.8218582	257.5945846	-121.9745168
14.250009	2.75	-2405.237218	2570.097752	-135.0631065	217.4933735
14.749881	2.75	-589.2650172	-181.8478527	-678.6573001	293.1008652
15.250058	2.75	-114.4555397	-1562.276345	-1085.517503	247.1515607
15.74993	2.75	-59.87333587	-2256.528561	-1674.225559	516.0246106
16.250107	2.75	10.86074465	-2576.224326	-1991.136518	708.4547273
16.749979	2.75	33.1391952	-3068.021122	-1874.453134	357.0121706
17.249851	2.75	425.7968863	-2996.73008	-1687.87111	402.4045132
17.750027	2.75	608.4801808	-2808.755654	-1700.402739	600.2650024
18.249899	2.75	340.3033322	-1729.921686	-1529.415631	834.6064541
18.750076	2.75	-187.6959459	551.1131706	-430.8095376	612.51815
14.250009	2.25	-2423.89542	3032.375601	171.8225499	132.4175406
14.749881	2.25	-742.4293648	-100.8099888	-109.721369	-311.8983078
15.250058	2.25	-70.45559988	-1467.871411	-1218.352765	449.1892596
15.74993	2.25	128.3795713	-2186.072961	-1513.820715	484.9740202
16.250107	2.25	117.2403461	-2707.945665	-1766.124168	470.7715086
16.749979	2.25	287.3920122	-2869.185951	-2129.819873	838.9229036
17.249851	2.25	237.8224597	-2974.73011	-2117.009764	748.5559389
17.750027	2.25	111.6707334	-2528.325657	-1743.845717	535.5182552
18.249899	2.25	453.9234301	-1951.035307	NaN	NaN
18.750076	2.25	-405.4678001	420.7842349	-333.8982777	341.5564951
14.250009	1.75	-2315.844935	3064.679355	69.62015799	304.797052
14.749881	1.75	-971.3404442	141.7466417	-369.8222792	-44.97462205
15.250058	1.75	-120.5821136	-1316.934908	-1072.150433	353.3919222
15.74993	1.75	-159.0124408	-2174.376774	-1481.795443	315.1008356
16.250107	1.75	181.2908914	-2731.616519	-1927.364454	652.2016402
16.749979	1.75	118.9112298	-2745.54055	-2200.832434	887.5177739
17.249851	1.75	405.7462808	-3174.679204	-2096.680678	712.2142164
17.750027	1.75	443.8981273	-2799.565793	-2248.174142	1070.340309
18.249899	1.75	291.290741	-2250.123506	-1627.997774	648.5813915
18.750076	1.75	-99.97454687	400.4551487	-596.5055136	746.7458145
14.250009	1.25	-2477.363702	2976.957956	-6.405054535	256.2021815
14.749881	1.25	-589.8219785	350.328635	-283.4932833	163.7466116
15.250058	1.25	-115.2909816	-1276.276736	NaN	NaN
15.74993	1.25	131.9998195	-2172.148929	-1683.41542	663.3408653
16.250107	1.25	298.2527568	-2774.781017	-1653.617993	415.3538629
16.749979	1.25	528.5562394	-2951.616218	-2092.224988	880.6949987
17.249851	1.25	362.3033022	-2902.325146	-1814.858278	544.8473561
17.750027	1.25	443.3411661	-2793.7177	-1770.858339	595.6700721
18.249899	1.25	386.8095978	-2064.933886	-1928.756857	1089.694713
18.750076	1.25	-12.25314781	67.9492742	-589.5434978	617.391561
14.250009	0.75	-2370.427139	2820.17336	-3.620248215	228.4933587
14.749881	0.75	-1310.808335	271.5186162	-326.3793006	-193.2655588
15.250058	0.75	6.683535167	-1211.112268	-1138.150343	535.9359766
15.74993	0.75	115.8479429	-2234.807071	-1555.871291	496.391727
16.250107	0.75	436.1006696	-2629.692608	-1691.491358	594.6953888
16.749979	0.75	389.3159235	-3223.970276	-2065.212367	647.8851908
17.249851	0.75	433.8728246	-3214.501935	-1957.440362	567.1258068
17.750027	0.75	609.872584	-2750.831682	-1961.896052	891.416503
18.249899	0.75	266.5059648	-2435.591607	257.5945846	-1342.137406
18.750076	0.75	-206.6326289	-339.4678903	-845.188718	572.1384584
14.250009	0.25	-2007.009914	2424.173901	-356.7336895	565.315683
14.749881	0.25	-62.93662282	-501.8220988	-519.6448592	237.2654984
15.250058	0.25	580.353637	-1653.896473	-1208.605943	671.834525
15.74993	0.25	377.0627757	-2581.236978	-1418.85882	316.7717189
16.250107	0.25	698.9863862	-2922.097271	-1577.59278	466.0373376
16.749979	0.25	359.7969765	-2668.401415	-1871.668327	717.3661078
17.249851	0.25	600.1257619	-3102.552721	-1854.402528	603.1890485
17.750027	0.25	261.4933134	-3034.603446	-1825.162062	438.6069957
18.249899	0.25	402.6829938	-2474.578896	-1866.098715	830.1507639
18.750076	0.25	-160.9618053	-864.9608428	-1219.188207	706.226883
19.249948	7.75	-442.5057242	-1408.555036	-837.3912603	-88.1391198
19.750125	7.75	-736.5812715	-1199.416082	-828.7583607	-139.2403161
20.249997	7.75	-529.9486426	-1240.352735	-1067.416262	182.2655732
20.749869	7.75	-326.3793006	-1107.795954	-945.7202261	228.6325988
19.249948	7.25	-1078.833968	-796.1761267	-794.505243	-142.9998044
19.750125	7.25	-1198.023679	-534.4043327	-1036.783393	170.5693872
20.249997	7.25	-452.2525463	-612.9358709	-1177.973073	645.3788644
20.749869	7.25	-361.1893796	-741.8724035	NaN	NaN
19.249948	6.75	-1203.03633	-631.3155926	-1874.174653	956.9986917
19.750125	6.75	-1786.453254	-697.8724637	-1647.491419	405.3285602
20.249997	6.75	-412.7082966	-897.5430768	-1410.22592	755.1002333
20.749869	6.75	-222.2275443	-909.517744	-816.7836935	250.9110494
19.249948	6.25	-1892.832855	516.5815723	-2697.641882	2009.516241
19.750125	6.25	-372.8855662	-417.9994286	-942.9354198	547.4929224
20.249997	6.25	-1455.339783	-553.8979769	-2243.16149	1238.54261
20.749869	6.25	-932.0746751	-1271.264085	-1555.59281	453.92343
19.249948	5.75	-2623.566034	6922.193068	-1449.213209	3598.526726
19.750125	5.75	-895.3152317	-746343.6885	-1272.934969	-372346.5669
20.249997	5.75	-666482.6838	-230.8604439	309.6704627	-333666.4426
20.749869	5.75	-551.6701319	-1954.377075	-2377.389155	1124.365552
21.250046	7.75	-358.9615346	-1300.783032	-1340.327282	510.4549987
21.250046	7.25	-476.7588419	-1192.732547	-1278.226101	443.4804066
21.250046	6.75	-539.1385035	-1074.656759	-561.9739153	-244.923716
21.250046	6.25	-109.1644077	-1641.086364	-643.2902598	-231.8351261
21.250046	5.75	-42.88601732	-2223.110885	257.5945846	-1390.593036
21.250046	5.25	212.7592028	-2570.097752	-1890.048049	711.3787744
21.250046	4.75	70.17711925	-2917.920062	-1235.061603	-188.8098684
21.250046	4.25	-351.1640769	-2831.591066	-1552.529523	-38.84804845
21.250046	3.75	-456.1512751	-2297.465214	-1243.972983	-132.8352616
21.250046	3.25	-468.4044229	-2235.642513	-1109.466838	-242.55663
21.250046	2.75	-514.0752466	-2151.262882	-771.1128699	-561.5561944
21.250046	2.25	-360.3539377	-1959.668207	-893.6443479	-266.3667245
21.250046	1.75	-755.5179545	-2208.908373	257.5945846	-1739.807748
21.250046	1.25	-674.7585712	-2135.111005	-911.745589	-493.1891991
21.250046	0.75	-817.3406548	-2467.059918	-1236.454006	-405.7462804
21.250046	0.25	-981.365747	-2416.097963	-1239.795773	-458.936082
21.749918	7.75	-208.5819933	-1429.162603	-1052.656789	233.7844909
22.250094	7.75	-265.9490035	-1297.719745	-967.4417154	185.6073412
22.749966	7.75	-395.720978	-1115.871892	-860.2266721	104.4302371
23.250143	7.75	-192.4301167	-1204.428733	-1216.12492	517.6954952
21.749918	7.25	-993.8973754	-1181.593321	257.5945846	-1345.339933
22.250094	7.25	-1235.618564	-858.8342689	-1250.099557	202.8731406
22.749966	7.25	-616.8345998	-897.5430768	-1504.073893	746.8850547
23.250143	7.25	-274.5819031	-1170.454096	-1171.011057	448.4930575
21.749918	6.75	-1735.491298	99.41758561	-1962.453013	1144.416157
22.250094	6.75	-2052.680738	-695.0876573	-2629.971088	1256.08689
22.749966	6.75	-1541.947259	-829.3153219	-2379.338519	1193.707229
23.250143	6.75	-815.3912904	-1129.795924	-1949.364424	976.7708168
21.749918	6.25	-1870.832885	792.2773979	-965583.9711	965044.6934
22.250094	6.25	-34.81007899	-194.1010005	-163.1896503	48.73411056
22.749966	6.25	-1487.365055	-623.7966156	-3091.135015	2035.55418
23.250143	6.25	-1645.820535	-841.8469504	-2659.768516	1415.934773
21.749918	5.75	-2310.832284	-1635.795232	-366.7589923	-1606.554766
22.250094	5.75	-2681.490005	206.3541483	NaN	NaN
22.749966	5.75	1001617.416	-543.5941936	257.5945846	500279.3163
23.250143	5.75	-1037.340354	-1128.403521	-2588.198993	1505.327056
23.750015	7.75	-2.78480632	-1331.972863	-1173.795864	506.4170293
24.249887	7.75	5.291132007	-1189.112298	-1111.694683	519.7841
24.750064	7.75	79.08849947	-1400.757579	-964.0999478	303.265408
25.249936	7.75	-320.2527267	-1241.745138	-1175.188267	394.1893347
25.750113	7.75	-233.6452502	-1269.593201	-1222.251494	470.6322684
23.750015	7.25	-80.75938327	-1518.833367	257.5945846	-1057.39096
24.249887	7.25	221.670583	-1075.770681	-901.9987669	474.9487179
24.750064	7.25	-44.55690111	-1153.466778	-1202.200888	603.1890484
25.249936	7.25	-309.3919821	-1104.454186	-900.3278831	193.4047991
25.750113	7.25	-1245.922347	-1426.099316	-1204.150253	-131.8605785
23.750015	6.75	-437.7715534	-1297.441264	-1497.668839	630.0624303
24.249887	6.75	-321.0881686	-1758.605191	-1144.276917	104.4302372
24.750064	6.75	36.75944342	-1126.175676	-959.6442577	414.9361414
25.249936	6.75	-604.0244907	-1406.048711	-329.4425876	-675.5940133
25.750113	6.75	-605.9738551	-1560.0485	55.97460702	-1138.985785
23.750015	6.25	-1216.681881	-1019.517594	-2715.186162	1597.086425
24.249887	6.25	-1213.618594	-1380.985454	NaN	NaN
24.750064	6.25	-237.5439791	-1758.883671	-1311.922257	313.708432
25.249936	6.25	-361.1893796	-1840.200016	-455.8727945	-644.8219033
25.750113	6.25	108.3289658	-1553.086484	-117.7973073	-604.5814518
23.750015	5.75	-953.5176838	-1623.542084	-2838.831562	1550.301678
24.249887	5.75	-694.5306961	-2128.984431	-2430.578956	1018.821392
24.750064	5.75	-379.0121401	-2108.098384	-1880.022746	636.467484
25.249936	5.75	-28.12654383	-1886.14932	-954.0746451	-3.063286815
25.750113	5.75	-328.6071457	-832.1001283	-476.7588419	-103.5947951
23.750015	5.25	-886.6823321	-1658.073683	-2482.097873	1209.719865
24.249887	5.25	224.1769087	-2521.085161	-2450.908042	1302.453916
24.750064	5.25	230.025002	-2800.122754	-1962.174533	677.125657
25.249936	5.25	483.4423771	-2166.579317	-1385.719625	544.1511551
25.750113	5.25	-32.30375331	-630.4801507	-692.0243704	360.6324184
23.750015	4.75	-1854.959489	-695.0876573	-455.5943139	-819.4292593
24.249887	4.75	673.0876874	-2863.894819	-1702.630584	607.2270182
24.750064	4.75	661.3915009	-2917.641581	-1687.59263	559.46759
25.249936	4.75	550.2777287	-2383.237248	-1568.402919	651.9231594
25.750113	4.75	14.48099286	-465.0626554	-733.7964652	508.5056339
23.750015	4.25	-1928.199896	-120.0251524	-633.8219183	-390.2906059
24.249887	4.25	226.1262731	-2569.540791	-1035.112509	-136.59475
24.750064	4.25	1008.099888	-3068.299603	-1475.947349	445.8474915
25.249936	4.25	838.2267022	-2430.857436	-1172.960422	376.6450551
25.750113	4.25	79.08849947	-478.4297257	-706.2268826	506.5562695
23.750015	3.75	-1848.832916	10.30378338	-371.2146824	-548.0498839
24.249887	3.75	284.0502446	-2500.477594	-1165.998406	57.7847313
24.750064	3.75	702.0496731	-2828.249298	-1425.263874	362.1640616
25.249936	3.75	704.2775182	-2430.578956	-1365.9475	502.7967811
25.750113	3.75	177.3921626	-583.6954046	-681.4421064	478.2904854
23.750015	3.25	-1823.769659	263.7211585	-401.2905906	-378.7336597
24.249887	3.25	404.3538776	-2237.313397	-899.2139606	-17.2657991
24.750064	3.25	729.6192557	-2698.755804	-1149.568049	164.9997749
25.249936	3.25	699.2648668	-2548.097782	-1066.023859	141.6074014
25.750113	3.25	189.0883491	-435.5437084	-612.9358709	489.7081913
23.750015	2.75	-2071.33894	321.9236105	-399.0627456	-475.6449192
24.249887	2.75	424.1260025	-2110.047748	-1114.201008	271.2401353
24.750064	2.75	753.5685901	-2613.540731	-1018.403671	88.41760055
25.249936	2.75	592.3283042	-2380.730923	-877.2139906	-16.9873188
25.750113	2.75	231.9743664	-488.1765478	-735.467349	607.3662583
23.750015	2.25	-2059.642754	424.6829637	-226.4047538	-591.0751414
24.249887	2.25	54.58220386	-2171.870449	-1066.58082	7.93669743
24.750064	2.25	770.277428	-2515.794029	-1203.871772	331.1134715
25.249936	2.25	793.9482817	-2393.819512	-1124.783272	324.8476569
25.750113	2.25	376.2273338	-689.5180447	-606.2523358	449.6069804
23.750015	1.75	-1940.174563	733.7964652	-581.1890789	-21.99997
24.249887	1.75	210.2528771	-1960.503649	-723.4926818	-151.6327042
24.750064	1.75	709.0116889	-2718.80641	-1071.314991	66.41763045
25.249936	1.75	394.6070555	-2527.211735	-1137.314901	71.01256125
25.750113	1.75	-160.404844	-465.0626554	-704.8344795	392.1007298
23.750015	1.25	-2189.136248	829.5938026	-399.0627456	-280.7084771
24.249887	1.25	127.2656488	-1758.883671	-909.517744	93.7087329
24.750064	1.25	323.3160137	-2272.123476	-1423.592991	449.1892599
25.249936	1.25	560.8599927	-2562.300295	-1321.390599	320.6704479
25.750113	1.25	124.7593231	-832.1001283	-519.9233399	166.2529373
23.750015	0.75	-2336.174021	595.3915911	NaN	NaN
24.249887	0.75	-120.303633	-2023.161791	257.5945846	-1329.327297
24.750064	0.75	280.9869576	-2731.616519	-1336.985514	111.6707333
25.249936	0.75	593.999188	-2439.768817	-1449.213209	526.3283945
25.750113	0.75	-144.2529674	-1098.327612	-927.8974657	306.607176
23.750015	0.25	-1692.883762	469.7968261	-588.9865366	-22.55693135
24.249887	0.25	161.7972472	-2165.186913	-907.8468602	-93.8479727
24.750064	0.25	563.3663184	-2835.768275	-1297.719745	161.5187667
25.249936	0.25	271.7970968	-2704.046936	-1299.390629	83.2657094
25.750113	0.25	236.7085372	-1441.694232	-1158.479429	555.9865816
26.249985	7.75	-17.26579918	-1608.22565	-874.707665	61.96194041
26.749857	7.75	-387.6450397	-1282.681791	-766.9356604	-68.22775495
27.250034	7.75	-119.1897105	-1243.137541	-827.0874769	145.9238512
27.749906	7.75	-18.10124108	-1521.339692	NaN	NaN
26.249985	7.25	-1688.149591	-1204.428733	-1012.277097	-434.012065
26.749857	7.25	-1331.694382	-928.4544269	-1100.833938	-29.24046645
27.250034	7.25	-247.2908012	-1069.922588	-1371.517112	712.9104174
27.749906	7.25	105.5441595	-1196.909756	-1402.985424	857.3026258
26.249985	6.75	-1516.04856	66.2783904	-1944.908734	1220.023649
26.749857	6.75	-2159.617301	-557.7967058	-2861.945455	1503.238452
27.250034	6.75	-1819.592449	-867.7456492	-2415.819482	1072.150433
27.749906	6.75	-1228.099587	-1089.694713	-1847.440512	688.543362
26.249985	6.25	-1942.680888	-17939.16535	-1498.782761	-8442.140358
26.749857	6.25	-987.2138403	-407.6956452	NaN	NaN
27.250034	6.25	-1468.149892	-527.1638363	-2822.401205	1824.744341
27.749906	6.25	-1869.440482	-689.7965253	-2973.059227	1693.440723
26.249985	5.75	-1729.921686	-660451.3503	NaN	NaN
26.749857	5.75	-3655.336775	-1548.352314	NaN	NaN
27.250034	5.75	-279.8730351	-131.1643776	-279.5945545	74.07584815
27.749906	5.75	-1287.415962	-1039.568199	-2242.047568	1078.555488
28.250082	7.75	-9.746822118	-1393.795563	-870.5304555	168.7592629
28.749954	7.75	-5.848093271	-1276.276736	257.5945846	-898.6569992
29.250131	7.75	277.6451901	-1402.985424	-776.1255212	213.4554043
29.750003	7.75	339.1894097	-1748.579888	-844.9102373	140.2149982
30.249875	7.75	341.4172548	-1593.187695	-851.3152919	225.4300718
30.750052	7.75	180.1769689	-1554.757368	-896.9861155	209.695916
31.249924	7.75	153.7213088	-1681.466056	-855.770982	91.8986084
31.750101	7.75	421.3411961	-1532.478918	-863.5684397	307.9995788
32.249973	7.75	228.0756376	-1662.529373	-891.4165029	174.1896352
32.750149	7.75	-5.848093271	-1836.579768	-981.0872664	59.87333576
28.250082	7.25	240.0503047	-1316.656428	-1122.833908	584.5308464
28.749954	7.25	220.2781799	-1399.922137	-1121.998466	532.1764875
29.250131	7.25	405.1893195	-1577.314299	-1355.643716	769.5812263
29.750003	7.25	304.6578114	-1572.858609	-924.8341787	290.7337799
30.249875	7.25	240.0503047	-1629.668658	-1051.542866	356.7336894
30.750052	7.25	72.96192557	-1972.199835	-849.3659274	-100.2530273
31.249924	7.25	317.1894398	-1760.554555	-783.3660177	61.6834601
31.750101	7.25	189.923791	-1558.656097	-358.4045733	-325.9615797
32.249973	7.25	-205.797187	-1396.023408	-850.47985	49.5695525
32.750149	7.25	-570.3283342	-1845.491148	NaN	NaN
28.250082	6.75	-1034.834028	-1026.201129	-1929.592299	899.0747205
28.749954	6.75	-361.7463409	-1300.504551	-1621.035759	789.9103131
29.250131	6.75	-377.8982176	-1626.04841	-1340.605762	338.6324482
29.750003	6.75	-6.126573903	-1389.618353	-1208.327462	510.4549985
30.249875	6.75	117.5188267	-1814.022837	-984.4290339	136.1770288
30.750052	6.75	66.55687104	-1797.592479	-722.1002786	-143.4175254
31.249924	6.75	53.1898007	-1697.896413	-788.9356303	-33.41767585
31.750101	6.75	328.8856263	-1566.732035	-590.6574204	-28.26578395
32.249973	6.75	315.7970366	-1284.352675	-208.0250321	-276.2527871
32.750149	6.75	-213.0376834	-1829.339271	-223.6199475	-797.5685297
28.250082	6.25	-1796.757037	-788.6571497	-2396.325838	1103.618745
28.749954	6.25	-1241.466657	-1398.251253	-2371.262581	1051.403626
29.250131	6.25	-509.0625952	-1322.504521	-1926.807492	1011.023934
29.750003	6.25	-828.7583607	-1433.896774	NaN	NaN
30.249875	6.25	-759.695164	-1516.327041	-1610.453495	472.4423925
30.750052	6.25	-535.7967359	-1788.681099	-1092.479519	-69.75939845
31.249924	6.25	-282.9363221	-1790.630463	NaN	NaN
31.750101	6.25	-299.0881987	-2017.313698	-527.9992782	-630.2016702
32.249973	6.25	-461.9993684	-1991.97196	45.67082364	-1272.656488
32.750149	6.25	-67.67079356	-1956.60492	98.02518245	-1110.163039
28.250082	5.75	-1482.630885	-908.9607827	-2799.008832	1603.212998
28.749954	5.75	-1196.909756	-1121.163024	-3146.55266	1987.51627
29.250131	5.75	-1229.213509	-1640.807883	-2751.388644	1316.377948
29.750003	5.75	-784.7584208	-1803.162092	NaN	NaN
30.249875	5.75	-727.3914107	-1874.174653	-1905.364484	604.5814522
30.750052	5.75	-428.0247313	-1636.630674	-1413.010727	380.6830244
31.249924	5.75	-384.5817527	-1850.503799	-1018.12519	-99.41758585
31.750101	5.75	-310.7843853	-2394.097993	-492.9107186	-859.5304706
32.249973	5.75	-59.31637461	-1898.123987	-106.658082	-872.0620988
32.750149	5.75	-52.07587817	-943.492381	-43.72145922	-454.0626704
28.250082	5.25	-1295.77038	-1017.289749	-2005.06055	848.5304855
28.749954	5.25	-274.5819031	-1281.289388	-2738.300054	1960.364408
29.250131	5.25	-481.4930126	-1967.744145	NaN	NaN
29.750003	5.25	-530.7840845	-2056.022506	-2333.946176	1040.542881
30.249875	5.25	-297.9742762	-2071.895902	-2266.275383	1081.340294
30.750052	5.25	-583.1384433	-2074.123747	-1795.643115	467.0120199
31.249924	5.25	-691.7458898	-2555.338279	-1187.162934	-436.3791504
31.750101	5.25	-289.8983379	-2291.895601	-508.2271533	-782.6698162
32.249973	5.25	77.41761568	-2091.111065	NaN	NaN
32.750149	5.25	-252.0249719	-86.05051527	-381.5184658	212.4807222
28.250082	4.75	-2497.414307	1080.783333	-244.5059949	-463.8094921
28.749954	4.75	-150.9365025	-1457.567628	-1789.516541	985.2644758
29.250131	4.75	-177.6706432	-2078.022476	-2351.768937	1223.922377
29.750003	4.75	-277.9236707	-2452.300445	-2340.908192	975.7961342
30.249875	4.75	-727.11293	-2459.540941	-2105.313578	511.9866425
30.750052	4.75	-601.2396844	-2507.996571	-1923.744206	369.1260783
31.249924	4.75	-520.4803011	-2438.376413	-1173.238902	-306.1894551
31.750101	4.75	-244.5059949	-2378.503077	-991.6695304	-319.8350056
32.249973	4.75	-185.7465815	-1770.301377	-877.7709519	-100.2530274
32.750149	4.75	-583.4169239	69.06319672	-158.7339602	-98.44290339
28.250082	4.25	-2411.920753	1778.655796	-324.7084169	8.0759384
28.749954	4.25	-599.5688006	-1187.441415	-1157.643987	264.1388792
29.250131	4.25	-200.7845356	-2254.857677	-1706.250832	478.4297257
29.750003	4.25	-288.7844153	-2632.477414	-2071.06046	610.4295454
30.249875	4.25	-297.4173149	-2595.996451	-1625.491449	178.7845661
30.750052	4.25	-214.7085672	-2565.920543	NaN	NaN
31.249924	4.25	38.70880784	-2424.452382	-1541.390298	348.5185109
31.750101	4.25	-57.36701018	-2623.844514	-1213.897075	-126.7086871
32.249973	4.25	157.6200377	-1452.276496	-896.9861155	249.6578864
32.750149	4.25	-551.6701319	747.7204968	-325.5438588	423.5690413
28.250082	3.75	-2553.945876	2216.70583	102.7593532	-271.3793762
28.749954	3.75	-688.6826028	-767.7711023	-852.9861757	124.7593232
29.250131	3.75	-221.670583	-1916.225228	-1339.77032	270.8224145
29.750003	3.75	-1.113922528	-2704.603898	-1619.364875	266.5059647
30.249875	3.75	-5.848093271	-2611.312886	-1650.276225	341.6957354
30.750052	3.75	-7.518977063	-3088.628689	-2002.832705	454.758872
31.249924	3.75	-103.5947951	-2887.287192	-1584.833276	89.39228245
31.750101	3.75	461.4424071	-2445.89539	-1115.871892	123.6454006
32.249973	3.75	197.4427681	-1550.023197	-837.3912603	161.1010459
32.750149	3.75	-519.9233399	888.3532159	-254.252817	438.467755
28.250082	3.25	-2746.932954	2442.553623	-9.189860854	-142.9998046
28.749954	3.25	-795.0622042	-461.7208878	-537.4676197	-90.9239263
29.250131	3.25	-54.30372323	-1594.858579	-1238.681851	414.1006999
29.750003	3.25	16.15187665	-2467.338399	-1533.31436	307.7210988
30.249875	3.25	84.37963148	-2869.742912	-1858.579738	465.8980977
30.750052	3.25	99.69606624	-2958.299753	-1633.845868	204.5440246
31.249924	3.25	-110.8352915	-2733.008922	-1596.250982	174.3288753
31.750101	3.25	411.8728547	-2568.426868	-1195.795834	117.5188274
32.249973	3.25	258.1515458	-1508.808064	-912.3025503	286.9742912
32.750149	3.25	-536.3536971	1286.58052	-189.923791	565.0372025
28.250082	2.75	-2451.743484	2636.097662	111.3922528	-19.2151638
28.749954	2.75	-535.7967359	-263.1641972	-463.9487328	64.46826625
29.250131	2.75	-79.64546074	-1858.301257	NaN	NaN
29.750003	2.75	48.73411059	-2111.440151	-1341.441204	310.0881838
30.249875	2.75	44.27842048	-2666.452051	-1744.124198	433.0373827
30.750052	2.75	401.2905906	-3035.99585	-1534.706763	217.3541333
31.249924	2.75	200.2275744	-2833.54043	-1796.478557	479.8221292
31.750101	2.75	192.7085973	-2634.148298	-1180.479399	-40.24045135
32.249973	2.75	398.2273037	-1343.112088	-699.2648668	226.8224747
32.750149	2.75	-505.7208276	1303.567838	70.45559988	328.4679053
28.250082	2.25	-2664.781167	2768.097482	10.30378338	41.35437412
28.749954	2.25	-607.0877777	-437.4930728	-451.4171044	-70.87332085
29.250131	2.25	-202.4554194	-1593.744657	-1038.175796	140.0757578
29.750003	2.25	-24.78477624	-2293.288004	NaN	NaN
30.249875	2.25	182.9617752	-2743.034225	-1548.909275	268.8730501
30.750052	2.25	574.2270631	-2966.654172	-1842.984822	646.7712676
31.249924	2.25	344.2020611	-2884.780866	-1747.187485	476.8980826
31.750101	2.25	255.0882589	-2433.642243	-1609.618053	520.341061
32.249973	2.25	150.3795413	-1314.150102	-736.0243102	154.1390299
32.750149	2.25	-547.4929224	987.7708015	-124.2023618	344.3413014
28.250082	1.75	-2646.958407	2620.502747	-6.683535167	-6.544294833
28.749954	1.75	-250.3540881	-88.83532159	-408.2526064	238.6579016
29.250131	1.75	-51.79739754	-1526.073863	-1015.340384	226.4047537
29.750003	1.75	231.1389245	-2250.680467	-1105.568109	95.79733775
30.249875	1.75	328.8856263	-2588.477474	-1450.048651	320.2527272
30.750052	1.75	70.45559988	-2794.831622	-1766.95961	404.7715989
31.249924	1.75	265.9490035	-2845.236617	-1984.731464	695.0876573
31.750101	1.75	403.2399551	-2656.426748	-1339.49184	212.8984436
32.249973	1.75	226.961715	-1452.554976	-918.4291242	305.6324937
32.750149	1.75	-348.3792706	1080.226371	-321.0881686	687.0117188
28.250082	1.25	-2539.464883	2753.616489	267.6198873	-160.5440843
28.749954	1.25	-540.8093872	-27.0126213	-168.2023017	-115.7087026
29.250131	1.25	5.848093271	-1585.111757	-894.7582705	105.1264386
29.750003	1.25	197.4427681	-2110.047748	-1356.757639	400.4551491
30.249875	1.25	289.6198572	-2677.034315	-1626.326891	432.6196621
30.750052	1.25	430.531057	-2832.704988	-1830.731674	629.6447085
31.249924	1.25	399.6197068	-2962.476963	-1667.263543	385.8349149
31.750101	1.25	250.6325688	-2303.034826	-1546.124469	519.9233404
32.249973	1.25	164.8605341	-1802.883611	-1084.403581	265.3920426
32.750149	1.25	-639.1130503	1107.795954	NaN	NaN
28.250082	0.75	-2675.641912	2507.996571	231.1389245	-314.961595
28.749954	0.75	-756.3533964	-500.151215	-512.4043628	-115.8479429
29.250131	0.75	94.9618955	-1648.326861	-736.5812715	-40.10121125
29.750003	0.75	219.442738	-2641.110313	-1172.403461	-38.4303265
30.249875	0.75	509.0625952	-2802.072119	-1239.238812	92.7340501
30.750052	0.75	472.8601131	-2883.945424	-1643.035729	437.4930736
31.249924	0.75	163.468131	-2978.628839	-1502.68149	95.101136
31.750101	0.75	355.619767	-2817.110073	-1491.263784	260.518631
32.249973	0.75	199.3921325	-1620.757278	-1149.846529	439.1639563
32.750149	0.75	-587.872614	557.5182252	-664.1763072	648.9991128
28.250082	0.25	-1968.858068	2556.452201	-240.0503047	533.8473712
28.749954	0.25	-96.35429865	-709.5686502	-776.9609631	373.9994887
29.250131	0.25	414.1006997	-2311.110765	-1113.922528	165.4174954
29.750003	0.25	526.606875	-2739.135496	-1276.833697	170.5693865
30.249875	0.25	431.0880183	-3236.780385	-1715.997654	313.1514707
30.750052	0.25	448.9107787	-3300.830931	-1584.554796	158.5947199
31.249924	0.25	172.1010305	-3273.539829	-1416.352494	-134.3669053
31.750101	0.25	253.6958557	-2863.894819	-1346.175375	41.07589335
32.249973	0.25	303.5438888	-2120.630012	-1114.201008	205.6579464
32.750149	0.25	14.48099286	292.4046635	-292.4046635	445.8474917
33.250021	7.75	-360.0754571	-1656.681279	-759.4166833	-248.9616848
33.749893	7.75	-376.5058144	-1280.732426	-622.9611737	-205.6579465
34.25007	7.75	-370.6577211	-1023.416322	-796.1761267	99.13910515
34.749942	7.75	-235.316134	-899.2139606	-775.8470406	208.5819933
33.250021	7.25	-752.4546675	-1215.289478	-441.113321	-542.7587518
33.749893	7.25	-820.960903	-979.1379019	-657.7712527	-242.2781498
34.25007	7.25	-363.6957053	-927.618985	-971.3404442	325.6830991
34.749942	7.25	-268.7338098	-851.5937725	-725.1635656	164.9997745
33.250021	6.75	-1046.530215	-666.1256716	-1988.351712	1132.023769
33.749893	6.75	-1645.263574	-1098.049132	-1539.162453	167.5061
34.25007	6.75	-375.9488531	-1203.871772	-925.6696206	135.7593081
34.749942	6.75	315.2400754	-1088.023829	-566.1511248	179.759248
33.250021	6.25	-1652.50407	-16325.37009	-632.9864764	-8355.950604
33.749893	6.25	5091.739875	-235.316134	-839.3406247	3267.552495
34.25007	6.25	-1587.061121	-549.9992481	-2306.098113	1237.567928
34.749942	6.25	-688.6826028	-1492.377707	-1194.40343	103.8732751
33.250021	5.75	-1603.491479	-2629.971088	-1891.440452	-225.2908315
33.749893	5.75	-4291.108058	NaN	NaN	NaN
34.25007	5.75	-208.5819933	-653.5940432	-235.316134	-195.7718843
34.749942	5.75	-585.9232496	-2086.098414	-2422.781498	1086.770666
35.250119	7.75	37.03792405	-1143.162994	-1044.58085	491.518315
35.250119	7.25	-135.6200678	-1171.289538	-1101.112419	447.6576161
35.250119	6.75	-19.2151636	-1429.719564	-277.9236707	-446.5436931
35.250119	6.25	-147.0377737	-1453.111938	-578.4042726	-221.6705833
35.250119	5.75	125.0378037	-2145.97175	-1529.13715	518.6701769
35.250119	5.25	185.7465815	-2810.705018	-1706.529313	394.0500948
35.250119	4.75	126.1517263	-2951.337737	-1464.529643	51.93663765
35.250119	4.25	3.063286951	-2961.920001	-1344.22601	-135.202347
35.250119	3.75	-151.2149831	-2423.89542	-900.0494025	-387.5057991
35.250119	3.25	-355.619767	-2529.43958	-1204.985694	-237.5439795
35.250119	2.75	-327.2147425	-2245.667816	-763.8723734	-522.5689059
35.250119	2.25	-428.5816926	-2229.515939	-759.695164	-569.3536518
35.250119	1.75	-472.8601131	-2188.579286	-775.8470406	-554.872659
35.250119	1.25	-696.4800605	-2118.123687	-900.8848444	-506.4170294
35.250119	0.75	-711.5180146	-2381.009403	-916.7582404	-629.5054684
35.250119	0.25	-636.328244	-2604.35087	-1114.479489	-505.860068
35.749991	7.75	244.7844755	-1622.985123	-837.9482215	148.8478978
36.249863	7.75	-40.65817226	-1178.251554	-940.7075747	331.2527116
36.75004	7.75	145.3668899	-1181.593321	-1053.21375	535.1005345
37.249912	7.75	103.8732757	-1224.757819	-920.3784886	359.936217
35.749991	7.25	-774.1761568	-914.5303953	-839.3406247	-5.01265135
36.249863	7.25	-739.6445585	-699.8218281	-1087.745348	368.0121547
36.75004	7.25	-28.96198572	-828.4798801	-1138.150343	709.4294101
37.249912	7.25	168.4807823	-1067.694743	-1051.542866	601.9358857
35.749991	6.75	-1261.795743	-252.3034525	-2095.566755	1338.517157
36.249863	6.75	-2111.997113	-522.9866268	-2062.14908	744.6572101
36.75004	6.75	-1317.77035	-667.5180748	-1928.756857	936.1126446
37.249912	6.75	-614.0497935	-1176.023709	-1220.85909	325.8223388
35.749991	6.25	-512.9613241	-1110.30228	-321.6451299	-489.9866722
36.249863	6.25	-483.9993383	-157.6200377	-573.1131406	252.3034526
36.75004	6.25	-1577.035819	-494.5816023	-2791.768335	1755.959624
37.249912	6.25	-1837.69369	-662.2269428	-2537.237038	1287.276722
35.749991	5.75	-1698.731855	-6184.497874	-4267.158723	325.5438585
36.249863	5.75	-999974.3798	-999915.6204	-88214.30978	-911730.6903
36.75004	5.75	154.2782701	166.5314179	228.0756376	-67.6707936
37.249912	5.75	-1145.112359	-1044.58085	-2526.097812	1431.251208
37.750088	7.75	-20.60756676	-1371.795593	-1165.998406	469.7968261
38.24996	7.75	326.3793006	-1321.112118	-814.2773678	316.9109591
38.750137	7.75	83.26570895	-1682.023017	-1070.75803	271.379376
39.250009	7.75	93.56949234	-1572.301648	-865.2393235	125.8732457
39.749881	7.75	228.3541182	-1519.668809	-989.9986466	344.3413012
37.750088	7.25	179.341527	-1212.504672	-1088.30231	571.7207375
38.24996	7.25	112.7846559	-1289.365326	-1168.226251	579.935916
38.750137	7.25	268.4553292	-1379.31457	-784.7584208	229.3288004
39.250009	7.25	-67.39231293	-1275.162814	-863.5684397	192.2908762
39.749881	7.25	-558.0751864	-1727.972321	-1321.112118	178.0883643
37.750088	6.75	-198.5566906	-1151.517413	-1281.567868	606.5308162
38.24996	6.75	-251.18953	-1457.567628	-1178.530034	324.151455
38.750137	6.75	138.6833547	-1354.808274	-705.948402	97.88594235
39.250009	6.75	-43.44297858	-1567.567477	-404.3538776	-401.1513502
39.749881	6.75	-261.4933134	-1662.250892	-15.03795413	-946.8341486
37.750088	6.25	-1118.656699	-1132.023769	NaN	NaN
38.24996	6.25	-719.3154723	-1484.301768	-1913.161942	811.3533219
38.750137	6.25	-369.8222792	-1767.516571	-1417.466417	348.7969919
39.250009	6.25	-2.227845056	-1951.870749	-656.3788495	-320.6704475
39.749881	6.25	-174.8858369	-1998.098534	-252.5819332	-833.9102523
37.750088	5.75	-907.2898989	-1415.238572	-2597.667335	1436.4031
38.24996	5.75	-844.3532761	-1786.174773	NaN	NaN
38.750137	5.75	-259.543949	-2296.908252	-1616.301588	338.0754875
39.250009	5.75	-98.30366308	-2271.566515	-980.2518245	-204.6832645
39.749881	5.75	276.5312675	-1617.972472	-428.3032119	-242.4173904
37.750088	5.25	-773.8976762	-1397.415811	-2001.440302	915.7835584
38.24996	5.25	201.6199775	-2583.464823	-2665.059648	1474.137225
38.750137	5.25	146.759293	-2647.236887	-1907.035368	656.796571
39.250009	5.25	550.83469	-2601.844544	-1489.871381	464.366454
39.749881	5.25	428.5816926	-986.656879	-918.7076048	639.6700116
37.750088	4.75	-1611.845898	33.1391952	-16.15187665	-773.2014748
38.24996	4.75	639.1130503	-2951.894699	-1555.035849	398.6450247
38.750137	4.75	993.3404142	-3213.944973	NaN	NaN
39.250009	4.75	747.7204968	-2643.89512	-1437.238541	489.1512294
39.749881	4.75	431.3664989	-1302.175435	-1077.998526	642.594058
37.750088	4.25	-1768.630494	290.4552991	-294.9109892	-444.1766083
38.24996	4.25	549.9992481	-2490.452292	-1121.163024	150.9365021
38.750137	4.25	751.0622644	-2411.363792	-1433.061332	602.9105682
39.250009	4.25	715.1382628	-2572.882559	NaN	NaN
39.749881	4.25	363.974186	-1252.327402	-968.5556379	524.3790299
37.750088	3.75	-2001.718782	381.2399851	-93.2910117	-716.9483868
38.24996	3.75	553.6194963	-2371.819542	-1061.011208	151.9111852
38.750137	3.75	688.9610834	-2878.654292	-1289.365326	194.5187217
39.250009	3.75	942.9354198	-2855.261919	-1262.631185	306.4679354
39.749881	3.75	226.4047538	-972.7328474	-1054.606153	681.4421062
37.750088	3.25	-1949.364424	692.5813317	-81.59482516	-546.796721
38.24996	3.25	335.5691615	-2228.958978	-850.47985	-96.21505825
38.750137	3.25	703.9990376	-2616.882498	-1057.947921	101.5061908
39.250009	3.25	838.2267022	-2395.768877	NaN	NaN
39.749881	3.25	335.5691615	-905.8974957	-758.8597221	473.695555
37.750088	2.75	-2133.161641	696.7585411	-62.37966156	-655.8218884
38.24996	2.75	414.9361416	-1993.921325	-824.5811512	35.0885595
38.750137	2.75	849.6444081	-2385.743574	-1027.593532	259.5439491
39.250009	2.75	776.9609631	-2536.123115	-1193.289508	313.7084321
39.749881	2.75	300.7590825	-1013.39102	-516.5815723	160.2656036
37.750088	2.25	-2033.744055	659.4421365	91.34164728	-778.4926065
38.24996	2.25	447.2398949	-1798.149441	-1007.264446	331.809673
38.750137	2.25	922.8848143	-2683.996331	-994.4543367	113.8985784
39.250009	2.25	403.5184357	-2201.946357	-903.6696507	4.45569005
39.749881	2.25	372.0501243	-888.9101772	-339.746371	81.31634455
37.750088	1.75	-2061.592118	777.796405	-37.31640468	-604.5814518
38.24996	1.75	406.8602033	-2026.782039	-880.5557582	70.59484035
38.750137	1.75	472.8601131	-2738.857015	-1149.011087	16.01263605
39.250009	1.75	532.4549683	-2307.768997	-888.9101772	1.25316285
39.749881	1.75	213.8731253	-777.796405	-828.7583607	546.7967209
37.750088	1.25	-2146.25023	890.0240997	-21.72148929	-606.3915759
38.24996	1.25	-165.1390147	-1920.680919	-847.6950437	-195.2149232
38.750137	1.25	549.9992481	-2729.388674	-1146.783242	57.08852905
39.250009	1.25	577.0118694	-2303.591787	-1112.808605	249.5186462
39.749881	1.25	136.177029	-786.9862659	-618.7839642	293.3793458
37.750088	0.75	-2285.769027	659.1636558	-147.0377737	-666.2649119
38.24996	0.75	52.35435881	-2109.490787	-885.5684096	-142.9998045
38.750137	0.75	407.1386839	-2649.186252	-992.2264916	-128.7972925
39.250009	0.75	179.341527	-2669.236857	-1426.934758	181.987093
39.749881	0.75	157.8985183	-1083.84662	-1103.061783	640.0877322
37.750088	0.25	-2119.237609	930.682272	-400.4551487	-193.8225198
38.24996	0.25	101.9239113	-2373.490426	-1047.922618	-87.86063935
38.750137	0.25	561.6954346	-2730.502596	-1111.137721	26.7341403
39.250009	0.25	565.5941635	-2697.363401	-1362.884213	296.9995943
39.749881	0.25	41.77209479	-1360.934848	-1255.390689	595.8093124
40.250058	7.75	-213.3161641	-1475.947349	-959.6442577	115.0125012
40.74993	7.75	-78.25305758	-1300.504551	-499.0372925	-190.3415118
41.250107	7.75	-207.4680708	-1311.086815	-768.6065442	9.3291013
41.749979	7.75	228.0756376	-1131.188327	-880.8342389	429.2778942
40.250058	7.25	-882.7836033	-1340.327282	-898.9354799	-212.6199628
40.74993	7.25	-652.20164	-906.1759764	-1102.783303	323.5944948
41.250107	7.25	-412.9867772	-809.2647164	-1386.555066	775.4293192
41.749979	7.25	73.51888683	-1424.428432	-1184.099647	508.6448744
40.250058	6.75	-1222.808455	108.0504852	-1862.756947	1305.377962
40.74993	6.75	-1979.161851	-456.7082364	-2593.768606	1375.833562
41.250107	6.75	-1510.200467	-899.7709218	-2026.782039	821.7963446
41.749979	6.75	-1018.960632	-926.7835431	-1969.69351	996.8214225
40.250058	6.25	-1629.947139	-1221.137571	NaN	NaN
40.74993	6.25	-663.6193459	-326.10082	NaN	NaN
41.250107	6.25	-1462.301798	-591.4928623	-2722.705139	1695.807809
41.749979	6.25	-1762.7824	-480.9360514	-2348.427169	1226.567943
40.250058	5.75	-1736.883701	-1203.871772	-4259.082785	2788.705049
40.74993	5.75	-3095.590705	-8639.583126	-2537.515518	-3330.071398
41.250107	5.75	89.94924412	-282.1008802	295.7464311	-391.8222491
41.749979	5.75	-993.6188948	-884.1760064	-1995.313728	1056.416277
42.249851	7.75	454.758872	-1318.884273	-1089.137752	657.0750515
42.750027	7.75	353.1134413	-1439.744867	-892.5304254	349.2147126
43.249899	7.75	483.9993383	-1931.820144	-791.9989173	68.08851445
43.750076	7.75	483.4423771	-1512.149831	-580.353637	65.99991005
44.249948	7.75	676.9864163	-1550.858639	-859.6697108	422.7335995
44.750125	7.75	409.9234902	-1588.732005	-841.2899891	251.8857317
45.249997	7.75	70.73408052	-1420.808184	-886.1253709	211.0883192
45.749869	7.75	225.0123506	-1741.896353	-933.7455589	175.3035577
46.250046	7.75	-173.4934337	-1667.263543	-1074.099797	153.7213087
46.749918	7.75	233.9237308	-1891.440452	-1269.871682	441.1133214
42.249851	7.25	464.5056941	-1406.884153	-1047.087176	575.8979466
42.750027	7.25	474.2525162	-1697.339452	-1185.49205	573.9485821
43.249899	7.25	571.4422568	-1432.22589	-1089.973193	659.5813764
43.750076	7.25	227.2401957	-1668.098985	-937.0873265	216.6579319
44.249948	7.25	155.6706733	-1616.301588	-1008.656849	278.3413917
44.750125	7.25	480.1006095	-1756.934307	-800.0748556	161.6580069
45.249997	7.25	247.2908012	-1728.529283	-834.3279733	93.7087324
45.749869	7.25	2.227845056	-1767.795052	-704.2775182	-178.5060853
46.250046	7.25	-213.5946447	-1448.656247	-932.3531558	101.22771
46.749918	7.25	-968.8341186	-1570.352284	-1070.75803	-198.8351713
42.249851	6.75	-695.366138	-1409.668959	-1602.656037	550.1384885
42.750027	6.75	-580.353637	-1445.59296	-1267.643837	254.6705385
43.249899	6.75	-325.2653781	-1414.124649	-1267.365356	397.6703425
43.750076	6.75	-154.2782701	-1157.087026	-1218.352765	562.670117
44.249948	6.75	304.936292	-1913.161942	-1183.821166	379.708341
44.750125	6.75	287.1135315	-1744.124198	-849.3659274	120.8605942
45.249997	6.75	411.594374	-1772.250742	-711.5180146	31.1898306
45.749869	6.75	584.5308465	-1810.124108	-409.366529	-203.4301018
46.250046	6.75	79.92394137	-1800.377286	-257.8730652	-602.3536071
46.749918	6.75	-52.91132007	-2003.668147	327.2147425	-1355.504476
42.249851	6.25	-1533.31436	-842.9608729	-2749.160799	1561.023183
42.750027	6.25	-1316.377947	-1229.49199	-2352.325898	1079.39093
43.249899	6.25	-972.7328474	-1531.086514	-2012.858008	760.9483273
43.750076	6.25	-627.6953444	-1446.428402	-1594.301618	557.2397448
44.249948	6.25	-273.7464612	-1584.554796	-1408.276556	479.1259274
44.750125	6.25	-477.5942838	-1830.731674	-1199.694562	45.5315831
45.249997	6.25	-237.8224597	-1794.529192	-742.7078454	-273.4679805
45.749869	6.25	-191.5946748	-1908.14929	-251.7464913	-798.1254911
46.250046	6.25	-267.6198873	-1881.415149	117.5188267	-1192.036345
46.749918	6.25	-155.3921926	-2078.022476	-113.8985785	-1002.808756
42.249851	5.75	-1404.656308	-871.644378	-2739.692457	1601.542114
42.750027	5.75	-1307.466567	-1038.454277	-2984.755413	1811.794991
43.249899	5.75	-781.6951339	-1602.377556	-2506.047207	1314.010862
43.750076	5.75	-795.8976461	-1708.757158	-2359.287914	1106.960512
44.249948	5.75	-771.1128699	-1568.95988	NaN	NaN
44.750125	5.75	-653.5940432	-1825.997504	-1343.112088	103.3163144
45.249997	5.75	-546.9359612	-2109.490787	-1107.795954	-220.4174201
45.749869	5.75	-227.2401957	-2054.630103	-557.2397445	-583.6954049
46.250046	5.75	289.8983379	-1988.073231	-227.5186763	-621.5687703
46.749918	5.75	-176.8352013	-1278.504581	-86.3289959	-641.3408953
42.249851	5.25	-1000.30243	-583.9738852	-1597.086424	804.9482664
42.750027	5.25	-296.3033924	-1566.453555	-2942.426357	2011.047883
43.249899	5.25	-166.2529373	-2079.693359	-2807.641731	1684.668583
43.750076	5.25	-482.6069352	-1933.212547	-2241.490607	1033.580866
44.249948	5.25	-607.6447389	-1952.984672	-1952.14923	671.8345246
44.750125	5.25	-389.8728847	-2328.098083	-1972.199835	613.2143512
45.249997	5.25	-604.8599326	-2339.79427	-1141.21363	-331.1134713
45.749869	5.25	-16.43035729	-2235.642513	-862.1760365	-263.8603986
46.250046	5.25	89.94924412	-2407.743544	-332.2273939	-826.669756
46.749918	5.25	-355.0628057	42.88601732	-327.2147425	171.1263483
42.249851	4.75	-2169.921084	1345.618414	81.87330579	-494.0246408
42.750027	4.75	-131.7213389	-1604.326921	-1590.402889	722.3787591
43.249899	4.75	-136.177029	-2075.237669	-2326.148719	1220.44137
43.750076	4.75	-192.7085973	-2415.541002	-1976.098564	671.9737644
44.249948	4.75	-532.7334489	-2338.958828	-2194.70586	758.8597216
44.750125	4.75	-391.2652879	-2403.844815	-1792.858308	395.3032566
45.249997	4.75	-159.0124408	-2589.591397	-1563.947229	189.6453101
45.749869	4.75	-67.39231293	-2440.325778	-632.9864764	-620.8725691
46.250046	4.75	-105.2656789	-1790.073502	-938.7582103	-8.91138015
46.749918	4.75	-690.075006	489.8474316	38.15184658	-138.2656338
42.249851	4.25	-2355.667666	2073.009824	NaN	NaN
42.750027	4.25	-587.0371722	-1123.947831	-1020.909997	165.4174954
43.249899	4.25	132.8352614	-2234.807071	-1606.833246	555.8473412
43.750076	4.25	-164.8605341	-2399.110644	-2098.073081	816.087492
44.249948	4.25	119.7466717	-2495.743424	-1978.326409	790.3280329
44.750125	4.25	-105.8226401	-2588.198993	-1825.440542	478.4297255
45.249997	4.25	-146.759293	-2777.844304	-1435.289177	-27.0126215
45.749869	4.25	-5.291132007	-2542.249689	-1165.162964	-108.6074465
46.250046	4.25	-6.962015799	-1576.478857	-687.2901997	-104.4302367
46.749918	4.25	-632.9864764	486.7841446	-103.3163145	30.2151486
42.249851	3.75	-2417.768847	2362.351201	213.5946447	-241.3034677
42.750027	3.75	-542.480271	-865.2393235	-653.8725238	-49.98727345
43.249899	3.75	31.18983078	-2012.579527	-1193.567989	202.8731409
43.750076	3.75	130.0504551	-2403.009373	-1685.086304	548.6068451
44.249948	3.75	57.64549081	-2791.489855	-1692.3268	325.4046179
44.750125	3.75	-167.0883792	-2895.920092	-2030.402288	498.8980524
45.249997	3.75	84.37963148	-2864.45178	-1788.95958	398.9235057
45.749869	3.75	406.8602033	-2551.161069	-1182.428763	110.2783302
46.250046	3.75	99.41758561	-1391.567718	-872.4798199	226.4047537
46.749918	3.75	-479.8221289	1116.985815	-202.4554194	521.0372625
42.249851	3.25	-2337.566425	2516.35099	-7.518977063	96.91125956
42.750027	3.25	-847.1380824	-357.8476121	-480.6575707	-121.8352766
43.249899	3.25	-175.9997594	-1754.427981	-1307.466567	342.2526968
43.750076	3.25	-169.3162242	-2497.692788	-1676.731885	343.2273789
44.249948	3.25	35.36704026	-2778.401265	-1623.542084	252.0249716
44.750125	3.25	135.6200678	-2865.565703	-1640.250922	275.2781044
45.249997	3.25	137.8479128	-2754.730411	-1636.909155	328.4679059
45.749869	3.25	602.0751263	-2696.249479	-1352.023468	304.9362917
46.250046	3.25	80.48090263	-1399.086695	-767.7711023	108.4682061
46.749918	3.25	-382.9108689	1019.239113	127.8226101	190.341512
42.249851	2.75	-2401.895451	2686.224176	496.8094474	-354.6450849
42.750027	2.75	-514.6322078	-325.8223394	-598.4548781	178.2276045
43.249899	2.75	-135.6200678	-1811.516511	-944.8847842	-28.6835052
43.750076	2.75	-20.60756676	-2401.61697	-1472.04862	260.9363516
44.249948	2.75	59.31637461	-2800.401235	-1337.263995	-33.27843519
44.750125	2.75	289.6198572	-2963.312405	-1706.250832	369.4045581
45.249997	2.75	225.5693119	-2995.894639	-1689.263513	304.1008495
45.749869	2.75	-15.31643476	-2446.173871	-1194.12495	-36.62020288
46.250046	2.75	133.3922227	-1452.276496	-927.8974657	268.4553291
46.749918	2.75	-604.581452	1198.023679	-91.62012791	388.3412414
42.249851	2.25	-2391.313187	2935.185861	236.9870178	34.9493192
42.750027	2.25	-784.4799402	-294.9109892	-462.8348103	-76.8606544
43.249899	2.25	-145.0884092	-1432.22589	-887.517774	98.8606244
43.750076	2.25	78.53153821	-2180.224868	-1339.49184	288.6451751
44.249948	2.25	133.3922227	-2633.312856	-1465.643566	215.6832494
44.750125	2.25	156.7845958	-2682.325447	-1507.972622	245.2021964
45.249997	2.25	261.2148328	-2638.047026	-1717.390057	528.9739604
45.749869	2.25	599.29032	-2254.300716	-1437.795503	610.290305
46.250046	2.25	219.9996992	-1354.529794	-966.3277929	399.0627455
46.749918	2.25	-570.8852955	1283.517233	-72.40496431	428.7209331
42.249851	1.75	-2353.439821	2915.135255	246.7338399	34.1138771
42.750027	1.75	-688.1256415	-340.0248516	-453.6449494	-60.43029715
43.249899	1.75	-27.56958256	-1592.073773	-642.7332985	-167.0883793
43.750076	1.75	27.29110193	-2384.07269	-1196.631275	18.24048097
44.249948	1.75	219.7212186	-2764.755714	-1624.099046	351.5817983
44.750125	1.75	257.8730652	-2923.768155	-1638.858519	305.9109741
45.249997	1.75	277.3667094	-2655.591306	-1372.909516	183.7972177
45.749869	1.75	203.2908613	-2237.591878	-1408.833517	391.6830087
46.250046	1.75	142.8605642	-1273.49193	-822.6317868	257.3161039
46.749918	1.75	-661.9484621	1111.416202	-124.7593231	349.4931931
42.249851	1.25	-2426.123266	2928.780806	-26.1771794	277.5059494
42.750027	1.25	-845.7456792	-333.8982777	-374.8349306	-214.9870479
43.249899	1.25	-212.2022415	-1664.757218	-946.8341486	8.35441885
43.750076	1.25	204.4047839	-2202.224837	-1262.631185	263.7211585
44.249948	1.25	458.6576008	-2781.743033	-1443.643596	282.1008799
44.750125	1.25	263.1641972	-2641.667275	-1749.693811	560.4422721
45.249997	1.25	291.290741	-2609.920483	-1495.440994	336.126123
45.749869	1.25	-36.75944342	-2264.604499	-1600.985153	450.3031818
46.250046	1.25	215.8224898	-1247.871712	-1082.175736	566.1511249
46.749918	1.25	-674.4800906	899.2139606	-98.02518245	210.3921175
42.249851	0.75	-2596.831893	2653.084981	102.4808726	-74.3543286
42.750027	0.75	-874.4291843	-347.265348	-560.0245509	-50.82271525
43.249899	0.75	-30.35438888	-1636.630674	-1119.21366	285.7211286
43.750076	0.75	147.5947349	-2497.971269	-1327.238692	152.050425
44.249948	0.75	444.4550886	-2810.148057	-1715.719173	532.8726888
44.750125	0.75	473.6955549	-3016.780686	-1885.87084	614.3282745
45.249997	0.75	262.3287553	-2918.755503	-1590.68137	262.4679962
45.749869	0.75	179.8984882	-2853.034074	-1405.213269	68.6454761
46.250046	0.75	-2.78480632	-1848.275954	-1042.909967	117.3795868
46.749918	0.75	-971.3404442	561.9739153	-222.5060249	17.82276045
42.249851	0.25	-2103.642694	2315.009493	177.9491238	-72.2657243
42.750027	0.25	-343.0881386	-942.0999779	-771.6698311	129.0757729
43.249899	0.25	372.6070855	-2245.389335	-1197.466717	261.0755923
43.750076	0.25	224.4553894	-2790.654413	-1316.377947	33.2784352
44.249948	0.25	423.8475218	-2880.603657	-1686.757188	458.3791204
44.750125	0.25	502.9360213	-3036.831291	-1549.744717	282.7970822
45.249997	0.25	373.4425274	-2998.400964	-1218.909726	-93.5694923
45.749869	0.25	344.7590224	-2579.844574	-1758.04823	640.5054542
46.250046	0.25	208.5819933	-2050.174412	-1482.073923	561.2777137
46.749918	0.25	-245.3414367	320.5312074	-126.7086875	164.3035729
47.250094	7.75	9.468341486	-1729.364724	-805.3659876	-54.58220366
47.749966	7.75	-317.7464011	-1005.593562	-567.2650473	-94.40493425
48.250143	7.75	-259.8224296	-1064.074495	-1094.428884	432.4804217
48.750015	7.75	-233.9237308	-1409.390478	-863.289959	41.6328546
47.250094	7.25	-1277.669139	-1256.783092	-563.3663184	-703.8597971
47.749966	7.25	-1128.682001	-745.7711324	-993.0619335	55.8353668
48.250143	7.25	-226.4047538	-1140.656668	-949.8974356	266.3667247
48.750015	7.25	1.670883792	-792.5558785	-1186.327492	790.8849946
47.250094	6.75	-463.1132909	-294.6325086	-1516.04856	1137.17566
47.749966	6.75	-1671.440753	-801.1887781	-2126.756586	890.4418205
48.250143	6.75	-968.5556379	-1091.365597	-1563.111787	533.1511696
48.750015	6.75	57.92397145	-934.0240396	-1106.682031	668.6319969
47.250094	6.25	-1556.149771	NaN	-1269.871682	NaN
47.749966	6.25	-1311.922257	-573.6701018	-142.5820836	-800.2140958
48.250143	6.25	-1049.593502	-322.7590524	-2692.62923	2006.452953
48.750015	6.25	-701.2142313	-1283.517233	-1762.225439	769.8597069
47.250094	5.75	-1672.554675	NaN	NaN	NaN
47.749966	5.75	-146.2023318	11560.00951	NaN	NaN
48.250143	5.75	-534.1258521	-62.93662282	-436.9361115	138.404874
48.750015	5.75	-514.9106885	-2006.174473	-2113.946477	853.4038963
49.249887	7.75	-66.2783904	-1295.4919	-736.5812715	55.6961263
49.249887	7.25	-142.8605642	-1092.479519	-911.1886277	293.5185861
49.249887	6.75	-355.619767	-1133.694653	-189.6453104	-555.0118996
49.249887	6.25	-3.063286952	-2276.300686	-966.0493122	-173.6326743
49.249887	5.75	134.2276646	-2261.262731	-1859.972141	796.4546078
49.249887	5.25	-98.58214371	-2748.325357	-1639.41548	215.9617296
49.249887	4.75	-352.2779994	-2936.299783	-1288.251403	-356.0374882
49.249887	4.25	5455.43558	-2684.274811	-941.5430166	2327.123401
49.249887	3.75	-266.2274841	-2364.857527	-1006.150523	-309.3919826
49.249887	3.25	-397.6703424	-2062.706041	-843.7963148	-386.3918769
49.249887	2.75	-415.2146222	-2009.794721	-1001.973314	-210.5313576
49.249887	2.25	-473.4170743	-2018.984582	-746.049613	-500.1512152
49.249887	1.75	-567.8220085	-1823.212697	-658.8851752	-536.6321776
49.249887	1.25	-740.758481	-1812.908914	-618.7839642	-658.0497333
49.249887	0.75	-1027.872013	-1960.225168	-923.1632949	-570.8852956
49.249887	0.25	-1007.264446	-1900.073352	-969.3910798	-484.2778192
49.750064	7.75	141.468161	-1152.909816	-905.8974957	400.1766682
50.249936	7.75	-259.2654683	-963.5429865	-823.4672287	212.0630013
50.750113	7.75	-196.0503649	-1092.758	-1037.618835	393.2146526
51.249985	7.75	-43.72145922	-1181.871802	-879.7203163	266.9236857
49.750064	7.25	-390.7083266	-1062.960572	-907.5683795	180.7339302
50.249936	7.25	-701.4927119	-921.4924111	-944.0493423	132.5567808
50.750113	7.25	-507.670192	-1166.555367	-1197.745198	360.6324185
51.249985	7.25	30.91135015	-1036.226431	-1254.555247	751.8977066
49.750064	6.75	-851.0368112	-161.2402859	-1946.579617	1440.441068
50.249936	6.75	-1981.389696	-641.3408954	-2016.478256	705.1129603
50.750113	6.75	-1261.795743	-740.2015197	-1514.377677	513.3790457
51.249985	6.75	-789.7710722	-1273.770411	-1707.643235	675.8724934
49.750064	6.25	-1604.326921	-263.1641972	121.6960362	-1055.441595
50.249936	6.25	1200.808485	-237.2654984	-209.1389546	690.9104479
50.750113	6.25	-1362.884213	-331.9489133	NaN	NaN
51.249985	6.25	-1783.946928	-475.6449194	-2461.768786	1331.972862
49.750064	5.75	-1718.225499	-22.55693119	-1238.960332	368.5691169
50.249936	5.75	NaN	-1851.896202	NaN	NaN
50.750113	5.75	-145.0884092	-321.9236105	418.2779092	-651.7839191
51.249985	5.75	-851.3152919	-718.7585111	-2389.085342	1604.048441
51.749857	7.75	48.73411059	-1383.77026	-1121.441505	453.9234303
52.250034	7.75	426.3538475	-1580.099106	-1133.416172	556.5435428
52.749906	7.75	143.9744867	-1552.529523	-1221.137571	516.8600529
53.250082	7.75	-250.3540881	-1342.833607	-1105.011148	308.4173005
53.749954	7.75	-253.4173751	-1556.985213	-1075.492201	170.290907
51.749857	7.25	-81.87330579	-1213.618594	-974.6822118	326.9362619
52.250034	7.25	153.4428282	-1367.896864	-1058.226401	450.9993831
52.749906	7.25	94.68341486	-1642.757248	-1066.58082	292.5439034
53.250082	7.25	-302.7084469	-1201.922407	-957.9733739	205.657947
53.749954	7.25	-854.1000982	-1639.693961	-1103.061783	-143.8352466
51.749857	6.75	-689.7965253	-1313.593141	-1296.327342	294.6325089
52.250034	6.75	-381.5184658	-1221.137571	-1046.251734	244.9237156
52.749906	6.75	-68.50623546	-1649.162302	-831.8216476	-27.01262113
53.250082	6.75	-284.8856865	-1465.922047	-423.5690412	-451.8348256
53.749954	6.75	-410.7589321	-1733.820415	226.961715	-1299.251389
51.749857	6.25	-1450.327131	-1124.504792	-2282.70574	995.2897785
52.250034	6.25	-917.036721	-1284.631155	-1785.339331	684.505393
52.749906	6.25	-293.7970667	-1765.845687	-977.1885375	-52.63283935
53.250082	6.25	-126.1517263	-2174.376774	-503.4929826	-646.7712676
53.749954	6.25	310.227424	-2085.541453	-350.0501544	-537.6068601
51.749857	5.75	-1304.40328	-1183.264205	-2611.034405	1367.200663
52.250034	5.75	-447.2398949	-1858.301257	-2368.199294	1215.428718
52.749906	5.75	-369.5437986	-2530.831983	-1707.643235	257.4553442
53.250082	5.75	-5.848093271	-2475.135857	-1042.631486	-197.8604891
53.749954	5.75	86.88595717	-1523.010576	-519.087898	-198.9744114
51.749857	5.25	-821.2393836	-1462.580279	-2001.161821	859.2519897
52.250034	5.25	98.30366308	-2667.844454	-2373.211945	1088.44155
52.749906	5.25	472.5816324	-3121.489404	-1769.465935	445.0120492
53.250082	5.25	440.2778791	-2498.249749	-1423.31451	394.3285751
53.749954	5.25	269.8477324	-1218.074284	-929.8468301	455.7335543
51.749857	4.75	-1933.769508	27.29110193	-280.1515157	-673.0876873
52.250034	4.75	520.2018205	-2724.376022	-1517.440963	415.3538623
52.749906	4.75	887.517774	-2988.097181	-1436.960061	386.6703575
53.250082	4.75	425.239925	-2748.882318	-1555.59281	393.7716135
53.749954	4.75	118.0757879	-1235.061603	-1044.58085	486.0879425
51.749857	4.25	-1867.212637	356.7336895	-470.3537874	-284.8856864
52.250034	4.25	668.075036	-2422.503017	-989.9986466	112.7846561
52.749906	4.25	895.872193	-2972.780746	-1351.744987	313.2907105
53.250082	4.25	616.2776385	-2588.477474	-1299.390629	313.2907113
53.749954	4.25	91.89860854	-888.6316966	-834.8849346	436.5183906
51.749857	3.75	-1926.250531	433.8728246	-155.113712	-591.0751412
52.250034	3.75	346.7083868	-2235.642513	-932.0746751	-12.392388
52.749906	3.75	762.7584509	-2917.641581	-1158.75791	81.31634495
53.250082	3.75	880.5557582	-2626.907801	-1080.504852	207.3288306
53.749954	3.75	24.78477624	-962.429064	-760.2521252	291.4299813
51.749857	3.25	-1919.010035	693.9737348	-198.8351712	-413.6829789
52.250034	3.25	389.0374428	-2149.035037	-816.7836935	-63.2151036
52.749906	3.25	900.0494025	-2579.287613	-1268.757759	429.1386538
53.250082	3.25	753.8470707	-2268.503228	-1004.479639	247.1515604
53.749954	3.25	246.1768786	-995.8467399	-564.2017603	189.3668297
51.749857	2.75	-1978.047929	656.6573301	-191.5946748	-469.1006247
52.250034	2.75	653.0370819	-1871.668327	-905.0620538	295.7464313
52.749906	2.75	690.075006	-2460.654864	-1053.492231	168.202302
53.250082	2.75	442.2272435	-2346.199324	-1149.011087	197.0250468
53.749954	2.75	59.03789397	-758.0242802	-499.5942537	150.1010606
51.749857	2.25	-2006.731434	780.5812114	-200.506055	-412.5690563
52.250034	2.25	447.5183755	-2055.465544	-908.6823021	104.7087179
52.749906	2.25	858.5557883	-2584.857226	-901.4418056	38.29108675
53.250082	2.25	536.9106584	-2315.009493	-904.5050926	15.4556753
53.749954	2.25	324.9868975	-599.0118393	-412.7082966	275.6958257
51.749857	1.75	-2240.098203	1058.783363	98.30366308	-688.9610831
52.250034	1.75	297.6957956	-1868.883521	-982.7581502	197.1642875
52.749906	1.75	755.2394738	-2828.249298	-912.3025503	-124.2023618
53.250082	1.75	571.7207374	-2312.503168	-883.3405645	12.9493492
53.749954	1.75	94.1264536	-716.8091466	-691.4674091	380.1260626
51.749857	1.25	-2094.731314	589.8219785	1.39240316	-753.8470709
52.250034	1.25	321.6451299	-2126.478106	-900.8848444	-1.53164365
52.749906	1.25	533.8473714	-2565.920543	-1210.555307	194.5187212
53.250082	1.25	291.290741	-2457.034616	-1067.694743	-15.1771945
53.749954	1.25	-23.94933435	-800.6318169	-558.9106283	146.6200527
51.749857	0.75	-2210.857737	590.6574204	-380.1260626	-429.9740957
52.250034	0.75	181.0124108	-2217.262792	-595.1131105	-423.0120801
52.749906	0.75	561.9739153	-2831.869546	-833.7710121	-301.1768033
53.250082	0.75	371.2146824	-2490.730772	-1374.023438	314.2653932
53.749954	0.75	108.8859271	-1172.12498	-791.441956	259.8224296
51.749857	0.25	-1990.858038	293.2401054	-158.1769989	-690.6319674
52.250034	0.25	223.0629862	-2413.034676	-796.733088	-298.2527569
52.749906	0.25	541.3663485	-2989.768065	-1164.327522	-59.87333625
53.250082	0.25	416.885506	-2828.249298	-1314.428583	108.746687
53.749954	0.25	4.177209479	-1639.972442	-1259.010937	441.1133207
54.250131	7.75	-375.9488531	-1476.22583	-801.4672588	-124.6200828
54.750003	7.75	-521.8727043	-1230.884393	-808.4292746	-67.94927405
55.249875	7.75	-216.9364123	-1101.66938	-1023.694803	364.3919069
55.750052	7.75	18.37972171	-1192.175585	-890.0240997	303.1261681
54.250131	7.25	-1996.14917	-1393.517082	-961.0366609	-733.7964651
54.750003	7.25	-1060.732727	-749.6698612	-1091.087116	185.8858219
55.249875	7.25	-347.8223093	-825.4165931	-1552.529523	965.9100718
55.750052	7.25	-44.27842048	-1148.454126	-1281.846349	685.4800758
54.250131	6.75	-1188.555337	152.3289057	-1588.453525	1070.340309
54.750003	6.75	-1897.567026	-424.4044831	-2785.920242	1624.934487
55.249875	6.75	-2051.288335	-704.2775182	-2558.680046	1180.897119
55.750052	6.75	-1040.682122	-908.6823021	-2073.845266	1099.163054
54.250131	6.25	-1657.795202	NaN	NaN	NaN
54.750003	6.25	-167.0883792	-502.37906	-318.0248817	-16.7088379
55.249875	6.25	-1367.896864	-867.7456492	-2912.62893	1794.807673
55.750052	6.25	-1635.795232	-509.6195565	-2634.148298	1561.440904
54.250131	5.75	-2575.945846	958.2518545	-3444.526937	2635.679941
54.750003	5.75	NaN	NaN	NaN	NaN
55.249875	5.75	-1746.073562	-538.3030616	-169.3162242	-972.8720876
55.750052	5.75	-1127.846559	-473.6955549	-1912.3265	1111.555443
56.249924	7.75	25.34173751	-1324.453886	-1316.099467	666.5433928
56.750101	7.75	411.8728547	-1428.327161	-1219.745168	711.5180149
57.249973	7.75	301.3160438	-1607.947169	-1302.453916	649.1383534
57.750149	7.75	550.2777287	-1325.289327	-1273.770411	886.2646119
58.250021	7.75	220.5566605	-1758.04823	-1086.074465	317.3286803
58.749893	7.75	558.3536671	-1990.301077	-1247.03627	531.0625651
59.25007	7.75	551.1131706	-1913.718903	-1101.112419	419.8095528
59.749942	7.75	676.7079356	-1692.605281	-1125.061753	617.1130803
60.250119	7.75	509.3410758	-1764.731765	-1164.884483	537.1891384
60.749991	7.75	890.0240997	-1837.69369	-1108.352915	634.5181199
56.249924	7.25	191.3161941	-982.2011889	-1330.301979	934.8594816
56.750101	7.25	326.6577813	-1599.871231	-1286.58052	649.9737952
57.249973	7.25	213.0376834	-1616.301588	-1326.124769	624.4928167
57.750149	7.25	338.3539678	-1641.364845	-1238.12489	586.6194514
58.250021	7.25	469.5183455	-1837.136729	-1143.998436	460.1892443
58.749893	7.25	210.8098384	-1926.529012	-1176.58067	318.7210832
59.25007	7.25	226.961715	-1639.137	-983.3151114	277.2274689
59.749942	7.25	455.3158332	-1726.579918	-1444.200557	808.5685146
60.250119	7.25	523.8220687	-1733.541934	-1140.656668	535.7967354
60.749991	7.25	608.4801808	-2022.047869	-1213.897075	507.1132309
56.249924	6.75	-1195.517353	-1168.504732	-2376.275232	1194.26419
56.750101	6.75	-780.3027307	-1030.378338	-1746.630524	841.2899897
57.249973	6.75	-536.9106584	-1290.757729	-1826.832946	912.9987523
57.750149	6.75	-121.1390749	-1555.871291	-1490.428342	651.9231591
58.250021	6.75	-221.670583	-1801.769689	-1555.035849	543.315713
58.749893	6.75	235.0376534	-1507.415661	-1471.77014	835.5811362
59.25007	6.75	-73.51888683	-1811.516511	-1336.428553	393.9108541
59.749942	6.75	-18.65820234	-1914.275864	-1149.289568	182.8225348
60.250119	6.75	229.7465214	-2166.300836	-1257.618534	289.3413767
60.749991	6.75	269.0122905	-2013.136488	-985.5429565	113.4808578
56.249924	6.25	-1717.111577	-703.1635957	-2880.882138	1670.744552
56.750101	6.25	-1229.49199	-884.7329677	-2890.350479	1833.238
57.249973	6.25	-1005.315081	-1126.454156	-2692.907711	1627.023093
57.750149	6.25	-960.201219	-1397.415811	-2155.440091	976.631576
58.250021	6.25	-778.6318469	-1549.744717	-2044.326319	880.1380371
58.749893	6.25	-375.3918919	-1710.706522	-1946.022656	902.9734491
59.25007	6.25	-397.6703424	-1631.896503	-1853.567086	838.7836633
59.749942	6.25	-350.8855963	-1826.275984	-1522.175134	433.5943439
60.250119	6.25	-122.5314781	-1753.314059	-1476.22583	538.3030615
60.749991	6.25	-278.480632	-1840.200016	-1504.073893	444.733569
56.249924	5.75	-1784.78237	-859.1127496	-2708.224146	1386.276586
56.750101	5.75	-1348.40322	-950.7328775	-3112.578023	1963.009974
57.249973	5.75	-858.8342689	-1526.352344	-2821.844244	1629.250938
57.750149	5.75	-1059.618805	-1617.13703	-2729.945635	1391.567718
58.250021	5.75	-583.6954046	-1772.250742	-2299.414578	1121.441505
58.749893	5.75	-457.8221589	-1711.820445	-2217.262792	1132.44149
59.25007	5.75	-813.4419259	-1976.934006	-1920.959399	525.7714331
59.749942	5.75	-317.4679204	-1663.643295	-1693.440723	702.8851153
60.250119	5.75	-621.0118092	-1832.959519	-1673.390117	446.4044529
60.749991	5.75	-176.5567207	-2105.870539	-1551.972562	410.7589322
56.249924	5.25	-1242.302099	-324.9868975	-1696.50401	912.8595118
56.750101	5.25	-465.0626554	-1264.85903	-2950.780776	2085.819933
57.249973	5.25	-333.3413164	-1645.542054	-2792.603777	1803.162092
57.750149	5.25	-719.593953	-1819.87093	-2761.692427	1491.959986
58.250021	5.25	-440.5563597	-1674.225559	-2843.287252	1785.896293
58.749893	5.25	-504.0499438	-1968.579587	-2551.996511	1315.681746
59.25007	5.25	-490.1259122	-2061.035157	-2245.667816	970.0872814
59.749942	5.25	-537.4676197	-2087.490817	-1892.554375	580.0751567
60.250119	5.25	-745.2141711	-1758.883671	-1985.845386	733.796465
60.749991	5.25	-447.2398949	-1907.035368	-1631.896503	454.7588716
56.249924	4.75	-2401.338489	1707.364754	138.1263934	-485.1132609
56.750101	4.75	-260.6578715	-1109.745318	-1379.871531	694.6699363
57.249973	4.75	-462.277849	-1461.187876	-2387.414458	1425.681596
57.750149	4.75	-510.4549984	-1707.086274	-2625.236917	1516.466281
58.250021	4.75	-597.6194362	-1994.478286	-2711.844394	1415.795533
58.749893	4.75	-685.8977965	-1882.250591	-2572.325597	1288.251403
59.25007	4.75	-600.9612037	-1997.263092	-2349.541092	1050.428944
59.749942	4.75	-944.3278229	-1941.566966	-2168.807162	725.8597676
60.250119	4.75	-627.6953444	-2148.199595	-1865.263273	477.3158033
60.749991	4.75	-541.0878679	-2150.42744	-1622.706642	276.9489881
56.249924	4.25	-2644.730562	2850.806229	90.50620538	12.53162812
56.750101	4.25	-572.8346599	-624.3535768	-765.5432572	166.9491389
57.249973	4.25	-182.6832946	-1544.732065	-1695.668568	831.9608882
57.750149	4.25	-449.46774	-1691.212878	-2269.060189	1198.71988
58.250021	4.25	-329.164107	-2166.300836	-2366.24993	1118.517459
58.749893	4.25	-829.5938026	-2087.212336	-2384.629651	926.2265817
59.25007	4.25	-542.2017904	-2083.035127	-2425.009343	1112.390884
59.749942	4.25	-640.5054535	-1972.199835	-2454.806771	1148.454127
60.250119	4.25	-697.3155024	-2124.528741	-1968.301107	557.3789853
60.749991	4.25	-847.9735243	-2145.414789	-1859.41518	362.7210234
56.249924	3.75	-2671.743183	3169.945033	191.8731554	57.2277696
56.750101	3.75	-877.2139906	154.2782701	-520.7587817	159.2909215
57.249973	3.75	-221.670583	-1251.770441	-1397.694292	660.97378
57.750149	3.75	-220.5566605	-1566.453555	-1965.794781	1072.289673
58.250021	3.75	-173.4934337	-2002.275744	-2056.857948	968.9733592
58.749893	3.75	-378.7336595	-2232.300746	-2177.718542	872.2013393
59.25007	3.75	-496.2524861	-2303.870268	-2447.566274	1047.504897
59.749942	3.75	-680.3281839	-2045.440242	-2233.414668	870.5304551
60.250119	3.75	-653.3155626	-2164.908433	-2406.908102	997.7961042
60.749991	3.75	-685.0623546	-2325.034796	-1885.035398	379.9868227
56.249924	3.25	-2560.07245	3247.64113	118.6327492	225.1515908
56.750101	3.25	-914.5303953	392.1007298	-212.7592028	-48.45562995
57.249973	3.25	-169.5947049	-917.3152016	-1037.618835	494.1638818
57.750149	3.25	-355.3412864	-1602.934518	-1568.124439	588.9865368
58.250021	3.25	-414.657661	-1961.896052	-2026.782039	838.5051825
58.749893	3.25	-406.303242	-2142.629982	-2132.326199	857.859587
59.25007	3.25	-480.3790901	-2337.566425	-2447.009313	1038.036555
59.749942	3.25	-618.7839642	-2437.262491	-2118.959129	590.9359014
60.250119	3.25	-442.7842048	-2232.300746	-2261.541212	923.9987366
60.749991	3.25	-580.353637	-2336.174021	-2190.25017	731.986341
56.249924	2.75	-2502.705439	3542.273638	323.0375331	196.7465664
56.750101	2.75	-861.8975559	827.6444382	-196.8858068	179.759248
57.249973	2.75	-308.2780596	-791.9989173	-759.695164	209.5566756
57.750149	2.75	-333.3413164	-1413.567688	-1401.036059	527.5815568
58.250021	2.75	-304.6578114	-1981.946658	-1731.592569	588.2903343
58.749893	2.75	-229.1895601	-2132.88316	-2215.034947	1033.998587
59.25007	2.75	-286.5565703	-2240.098203	-2144.022385	880.6949984
59.749942	2.75	-568.6574504	-2083.035127	-2374.882829	1049.03654
60.250119	2.75	-642.4548179	-2197.212186	-2369.034736	949.2012341
60.749991	2.75	-368.7083567	-2369.870178	-2018.42762	649.1383527
56.249924	2.25	-2500.756075	3699.615195	377.3412563	222.0883037
56.750101	2.25	-827.9229188	1091.644077	-20.60756676	152.4681459
57.249973	2.25	-452.2525463	-258.9869877	-740.758481	385.138714
57.750149	2.25	-125.594765	-1119.770621	-925.39114	302.708447
58.250021	2.25	-333.6197971	-1910.377135	-1636.630674	514.632208
58.749893	2.25	-326.6577813	-2076.073111	-2045.997203	844.6317569
59.25007	2.25	-233.0882889	-1952.427711	-2067.440212	974.6822121
59.749942	2.25	-353.3919219	-2381.844845	-2188.022325	820.4039416
60.250119	2.25	-376.784295	-2382.680287	-2065.769328	686.037037
60.749991	2.25	-439.4424372	-2613.819211	-2162.123626	635.4928019
56.249924	1.75	-2509.388975	3668.703845	226.961715	352.69572
56.750101	1.75	-1116.150373	1124.504792	119.7466717	-115.5694622
57.249973	1.75	-661.1130203	-157.6200377	-466.7335391	57.3670101
57.750149	1.75	-190.4807523	-969.6695605	-1045.694773	465.6196166
58.250021	1.75	-245.0629561	-1843.820264	-1558.934578	514.492968
58.749893	1.75	-84.65811211	-1874.453134	-1996.14917	1016.593547
59.25007	1.75	-243.1135917	-2028.452923	-2147.921114	1012.137857
59.749942	1.75	-99.41758561	-2320.579106	-2208.908373	998.9100272
60.250119	1.75	-201.8984582	-2403.844815	-2169.921084	867.0494474
60.749991	1.75	-178.5060851	-2432.806801	-2101.136368	795.479925
56.249924	1.25	-2356.781588	3521.666072	429.1386538	153.3035882
56.750101	1.25	-1311.922257	1267.365356	373.7210081	-395.9994586
57.249973	1.25	-817.3406548	-227.2401957	-406.5817226	-115.7087027
57.750149	1.25	-196.8858068	-1017.011268	-1263.745108	656.7965706
58.250021	1.25	-195.214923	-1589.010486	-1694.276165	802.1634605
58.749893	1.25	200.2275744	-1934.047989	-1750.807733	883.8975257
59.25007	1.25	-52.91132007	-2237.591878	-2096.123717	950.872118
59.749942	1.25	161.7972472	-2441.718181	-1934.32647	794.3660031
60.250119	1.25	-93.56949234	-2484.604198	-2088.326259	799.2394138
60.749991	1.25	-263.1641972	-2683.71785	-2102.807252	629.3662284
56.249924	0.75	-2250.123506	3308.071427	213.8731253	315.1008352
56.750101	0.75	-1656.681279	1123.66935	150.3795413	-416.8855058
57.249973	0.75	-305.4932532	-274.0249418	-607.3662583	317.6071608
57.750149	0.75	125.8732456	-1016.454307	-907.8468602	462.5563295
58.250021	0.75	165.4174954	-1864.984792	-1542.22574	692.4420917
58.749893	0.75	431.6449795	-2202.503318	-1573.415571	687.9864018
59.25007	0.75	-41.21513353	-2362.351201	-1644.706612	442.9234447
59.749942	0.75	212.4807222	-2443.667545	-1892.832855	777.2394436
60.250119	0.75	22.55693119	-2753.059527	-1973.870719	608.6194211
60.749991	0.75	-216.6579317	-2722.983619	-1925.136609	455.3158337
56.249924	0.25	-1954.098594	2408.578986	120.0251524	107.2150436
56.750101	0.25	-1007.542926	1008.656849	-137.5694322	138.1263937
57.249973	0.25	145.9238511	-458.3791202	-610.9865065	454.758872
57.750149	0.25	305.4932532	-1480.68152	-1180.757879	593.1637456
58.250021	0.25	105.2656789	-1970.250471	-1420.529704	488.037308
58.749893	0.25	-87.1644378	-2368.756255	-1724.073592	496.1132456
59.25007	0.25	243.670553	-2933.793458	-1669.769869	324.7084165
59.749942	0.25	125.0378037	-2572.325597	-1761.389997	537.7461004
60.250119	0.25	-7.518977063	-2628.021724	-1867.491118	549.7207675
60.749991	0.25	-162.0757278	-2863.337858	-1656.95976	144.2529671
61.249863	7.75	353.1134413	-1916.78219	-1111.137721	329.3033467
62.249912	7.75	466.4550585	-1830.731674	-1016.454307	334.3159993
63.24996	7.75	346.7083868	-1894.225259	-839.0621441	65.303708
64.250009	7.75	205.2402257	-2061.035157	-588.9865366	-338.9109291
65.250058	7.75	238.1009403	-1814.858278	-581.1890789	-207.18959
66.250107	7.75	86.60747654	-1722.124228	-884.1760064	66.41763067
67.249851	7.75	-11.97466717	-2039.592148	-726.2774881	-299.5059195
68.249899	7.75	-272.6325387	-1914.832825	-600.4042425	-493.3284394
69.249948	7.75	-302.9869276	-2058.807312	-472.0246712	-708.8724486
70.249997	7.75	-410.7589321	-2249.009584	-546.1005193	-783.7837388
71.250046	7.75	-504.8853857	-1831.567116	-54.58220386	-1113.644047
72.250094	7.75	-182.4048139	-1273.213449	-21.72148929	-706.0876422
73.250143	7.75	-873.5937424	929.0113882	408.5310871	-380.8222642
74.249887	7.75	-1643.59269	3851.665621	1270.707124	-166.6706585
61.249863	7.25	146.4808124	-2304.427229	-1152.631336	73.6581277
62.249912	7.25	292.1261829	-2135.946447	-970.783483	48.87335095
63.24996	7.25	355.3412864	-2086.655375	-717.9230692	-147.7339751
64.250009	7.25	-17.54427981	-1957.997323	-657.492772	-330.2780294
65.250058	7.25	85.49355401	-1902.301197	-841.2899891	-67.1138324
66.250107	7.25	-98.30366308	-1964.680858	-614.8852353	-416.6070252
67.249851	7.25	-426.3538475	-1903.415119	-374.55645	-790.3280333
68.249899	7.25	-328.3286651	-1963.009975	-460.8854459	-684.7838742
69.249948	7.25	-438.6069953	-1978.883371	-459.7715234	-748.9736598
70.249997	7.25	-426.0753669	-1976.655526	-596.227033	-605.1384135
71.250046	7.25	-465.6196166	-1574.251012	-68.78471609	-951.1505982
72.250094	7.25	-238.1009403	-1017.568229	144.8099286	-772.6445133
73.250143	7.25	-979.6948632	1499.896684	714.0243403	-453.9234299
74.249887	7.25	-4252.120769	3687.362048	996.4037011	-1278.783062
61.249863	6.75	163.468131	-2043.490877	-1227.264145	287.252772
62.249912	6.75	263.1641972	-2074.402227	-898.9354799	-6.683535
63.24996	6.75	51.51891691	-1792.858308	-956.0240095	85.35431396
64.250009	6.75	62.65814219	-2000.60486	-593.4422267	-375.5311322
65.250058	6.75	-108.3289658	-2038.756707	-511.8474015	-561.6954349
66.250107	6.75	-359.7969765	-2005.617511	-780.5812114	-402.1260324
67.249851	6.75	-277.0882288	-2103.364213	257.5945846	-1447.820806
68.249899	6.75	-322.2020912	-2016.199775	-493.4676798	-675.7332533
69.249948	6.75	-451.9740657	-1948.250501	-495.4170442	-704.6952392
70.249997	6.75	-349.7716737	-1880.858188	-494.0246411	-621.2902898
71.250046	6.75	-307.7210983	-1803.440573	-313.8476722	-741.7331635
72.250094	6.75	-329.9995489	-640.7839341	-77.41761568	-407.9741258
73.250143	6.75	-946.8341486	1829.617752	616.5561191	-175.1643174
74.249887	6.75	-1555.314329	3830.501092	1294.377977	-156.7845955
61.249863	6.25	49.56955249	-1972.756797	-1285.466597	323.8729747
62.249912	6.25	174.8858369	-2023.161791	-1243.137541	318.999564
63.24996	6.25	81.0378639	-1827.946868	-937.3658071	63.91130505
64.250009	6.25	-72.12648368	-2195.262822	-637.7206472	-495.9740056
65.250058	6.25	43.44297858	-2039.592148	-448.6322981	-549.4422866
66.250107	6.25	-182.4048139	-1971.921355	-403.2399551	-673.9231294
67.249851	6.25	-496.2524861	-1930.984702	-696.4800605	-517.1385336
68.249899	6.25	-485.3917415	-2178.275503	-464.2272135	-867.6064088
69.249948	6.25	-696.7585411	-1912.60498	-698.7079056	-605.973855
70.249997	6.25	-445.8474918	-1568.124439	-403.5184357	-603.4675297
71.250046	6.25	-272.354058	-1681.466056	-152.3289057	-824.5811513
72.250094	6.25	-336.9615647	-438.3285147	94.9618955	-482.6069352
73.250143	6.25	-1045.137812	2187.186883	687.5686803	-116.5441448
74.249887	6.25	-1394.352524	5818.574324	1347.567778	864.543122
61.249863	5.75	91.34164728	-2130.376834	-1459.795473	440.2778796
62.249912	5.75	-274.8603837	-1954.098594	-1060.454246	-54.02524285
63.24996	5.75	-10.02530275	-1896.174623	-915.9227985	-37.17716438
64.250009	5.75	-214.9870479	-1946.022656	-937.3658071	-143.1390449
65.250058	5.75	-228.3541182	-2082.756646	-801.1887781	-354.366604
66.250107	5.75	-258.4300265	-1826.554465	-446.6829336	-595.8093122
67.249851	5.75	-340.5818129	-2307.490516	-703.1635957	-620.8725688
68.249899	5.75	-642.4548179	-1861.364544	-504.6069051	-747.3027759
69.249948	5.75	-501.8220988	-2218.933675	-799.796375	-560.5815119
70.249997	5.75	-571.999218	-2019.263062	-239.4933435	-1056.137797
71.250046	5.75	-563.9232797	-1444.479038	-58.20245208	-945.9987068
72.250094	5.75	-307.9995789	-161.7972472	209.4174352	-444.3158483
73.250143	5.75	-1003.365717	2367.920813	555.2903801	126.9871679
74.249887	5.75	-1544.453585	5764.549081	1399.643656	710.404092
61.249863	5.25	-432.7589021	-2011.465605	-1413.567688	191.4554345
62.249912	5.25	-523.8220687	-1971.085913	-1242.302099	-5.15189185
63.24996	5.25	-289.8983379	-2091.111065	-765.2647766	-425.2399249
64.250009	5.25	-327.2147425	-2146.25023	-885.8468902	-350.8855961
65.250058	5.25	-206.3541483	-2353.718301	-772.7837537	-507.252471
66.250107	5.25	-620.1763674	-2084.42753	-644.1257017	-708.176247
67.249851	5.25	-149.2656187	-2067.997173	-672.2522455	-436.3791504
68.249899	5.25	-487.0626253	-1872.225289	-432.7589021	-746.8850551
69.249948	5.25	-513.2398047	-2181.617271	-474.2525162	-873.1760217
70.249997	5.25	-399.6197068	-1900.908794	-319.1388042	-831.1254462
71.250046	5.25	-440.5563597	-1215.567958	-362.3033022	-465.7588567
72.250094	5.25	-664.7332685	12.53162844	41.77209479	-367.8729148
73.250143	5.25	-911.4671084	2642.224236	825.9735544	39.4050094
74.249887	5.25	-1451.719534	4068.602033	1338.377917	-29.9366675
61.249863	4.75	-500.4296956	-2053.51618	-1880.301227	603.3282892
62.249912	4.75	-382.075427	-2193.313457	-1155.416142	-132.2783
63.24996	4.75	-431.6449795	-1850.225319	-1135.087056	-5.84809325
64.250009	4.75	-278.480632	-2068.554134	-763.0369315	-410.4804515
65.250058	4.75	-174.050395	-2103.364213	-866.9102073	-271.7970967
66.250107	4.75	-247.0123205	-2217.541272	-508.7841146	-723.4926817
67.249851	4.75	-428.3032119	-2238.7058	-571.4422568	-762.0622492
68.249899	4.75	-529.670162	-2248.731103	-614.3282741	-774.8723584
69.249948	4.75	-473.6955549	-2311.389245	-733.7964652	-658.7459348
70.249997	4.75	-270.126213	-1816.807643	-352.55648	-690.910448
71.250046	4.75	-700.1003087	-1201.365446	-148.4301768	-802.3027006
72.250094	4.75	-640.5054535	324.7084169	243.670553	-401.5690713
73.250143	4.75	-805.3659876	2603.236947	705.948402	192.9870777
74.249887	4.75	-1334.757669	3741.944252	NaN	NaN
61.249863	4.25	-701.4927119	-2132.326199	-2004.503589	587.5941336
62.249912	4.25	-413.5437384	-2401.338489	-1414.40313	6.9620163
63.24996	4.25	-450.3031819	-2199.161551	-1247.314751	-77.41761545
64.250009	4.25	-378.4551788	-2265.996902	-799.796375	-522.4296654
65.250058	4.25	-353.6704026	-2048.503529	-881.6696808	-319.417285
66.250107	4.25	-162.6326891	-2174.655255	-705.3914407	-463.2525314
67.249851	4.25	-308.2780596	-2140.959098	-266.7844454	-957.8341334
68.249899	4.25	-494.0246411	-2274.629802	-707.6192858	-676.7079358
69.249948	4.25	-237.8224597	-2080.250321	-343.9235805	-815.1128099
70.249997	4.25	-552.2270932	-1592.630734	-199.9490937	-872.4798199
71.250046	4.25	-499.0372925	-763.5938928	-222.7845056	-408.5310871
72.250094	4.25	-890.3025803	837.9482215	376.2273338	-402.4045132
73.250143	4.25	-865.2393235	2951.337737	795.3406849	247.7085219
74.249887	4.25	-1665.314179	3905.412382	1217.517323	-97.4682215
61.249863	3.75	-638.5560891	-2192.478015	-2196.655225	781.138173
62.249912	3.75	-566.708086	-2025.389636	-1403.542385	107.493524
63.24996	3.75	-459.4930427	-2130.655315	-1443.365115	148.2909362
64.250009	3.75	-316.0755173	-2228.402017	-920.3784886	-351.8602786
65.250058	3.75	-235.8730953	-2074.680708	-681.1636258	-474.1132759
66.250107	3.75	-551.6701319	-1944.908734	-746.6065743	-501.6828587
67.249851	3.75	-228.0756376	-2413.591637	-581.4675595	-739.3660778
68.249899	3.75	-177.9491238	-2350.098053	-565.8726441	-698.1509443
69.249948	3.75	-96.35429865	-1886.14932	-407.6956452	-583.5561641
70.249997	3.75	-222.5060249	-1749.972291	-187.9744266	-798.2647314
71.250046	3.75	-593.4422267	-799.796375	2.506325688	-699.1256265
72.250094	3.75	-583.6954046	539.9739454	420.7842349	-442.6449645
73.250143	3.75	-1081.061813	2888.122634	905.3405345	-1.810124
74.249887	3.75	-1284.631155	3820.75427	1253.719805	14.3417525
61.249863	3.25	-436.3791503	-2495.186462	-2363.465123	897.6823169
62.249912	3.25	-468.9613842	-2186.629922	-1866.655676	538.8600229
63.24996	3.25	-314.4046335	-2480.98395	-1489.31442	91.62012825
64.250009	3.25	-100.2530275	-2201.389396	-1274.884333	124.0631213
65.250058	3.25	-215.8224898	-2416.654924	-966.8847541	-349.3539528
66.250107	3.25	77.13913505	-2573.161039	-874.707665	-373.303287
67.249851	3.25	-171.2655886	-2204.452683	-444.176608	-743.6825278
68.249899	3.25	-131.7213389	-1945.187214	-557.2397445	-481.214532
69.249948	3.25	-139.7972772	-2082.756646	-198.8351712	-912.4417904
70.249997	3.25	-357.5691314	-1524.68146	-188.5313878	-752.5939079
71.250046	3.25	-285.1641671	-577.0118694	-145.3668899	-285.7211284
72.250094	3.25	-526.606875	1009.770771	395.4424974	-153.8605494
73.250143	3.25	-890.8595416	2956.90735	769.7204667	263.3034375
74.249887	3.25	-1035.112509	3885.083296	1465.086605	-40.1012115
61.249863	2.75	-574.7840243	-2141.51606	-2064.933886	706.7838439
62.249912	2.75	-540.252426	-2332.275293	-1605.719324	169.4554645
63.24996	2.75	-404.075397	-2537.793999	-1280.175465	-190.759233
64.250009	2.75	-335.0122002	-2511.338339	-1345.896894	-77.2783756
65.250058	2.75	-170.7086274	-2590.148358	-1174.909786	-205.5187067
66.250107	2.75	-9.189860854	-2480.705469	-848.5304856	-396.4171793
67.249851	2.75	-125.8732456	-2027.617481	-547.771403	-528.9739603
68.249899	2.75	-50.68347502	-2119.237609	-384.5817527	-700.3787893
69.249948	2.75	-61.26573903	-2076.073111	-379.0121401	-689.6572849
70.249997	2.75	7.240496431	-1572.301648	-1.39240316	-781.1381726
71.250046	2.75	-305.4932532	-478.4297257	393.4931329	-785.4546224
72.250094	2.75	-698.7079056	1526.909305	407.9741258	6.1265739
73.250143	2.75	-975.7961344	3026.805989	737.9736747	287.5312526
74.249887	2.75	-1048.201099	3953.311051	1198.859121	253.695855
61.249863	2.25	-255.0882589	-2214.199505	-2065.769328	831.1254461
62.249912	2.25	-202.4554194	-2466.224477	-1954.934036	620.5940878
63.24996	2.25	107.2150433	-2549.211705	-1401.871501	180.8731702
64.250009	2.25	49.29107186	-2612.98377	-1265.415992	-16.43035707
65.250058	2.25	109.9998496	-2461.490306	-1105.568109	-70.1771192
66.250107	2.25	118.0757879	-2408.022024	-767.7711023	-377.2020158
67.249851	2.25	62.65814219	-2402.730892	-545.543558	-624.4928169
68.249899	2.25	138.9618353	-2413.870118	-668.9104779	-468.5436635
69.249948	2.25	-72.12648368	-2158.224898	-76.02521252	-1039.150478
70.249997	2.25	74.63280936	-1120.606063	-6.126573903	-516.8600529
71.250046	2.25	-264.5566004	-283.4932833	308.2780596	-582.3030015
72.250094	2.25	-641.8978566	1657.795202	629.6447088	-121.6960361
73.250143	2.25	-1419.1373	3048.527478	621.8472511	192.8478379
74.249887	2.25	-1306.074164	3828.273247	945.7202261	315.3793154
61.249863	1.75	18.37972171	-2582.3509	-1840.478497	558.4929079
62.249912	1.75	59.87333587	-2553.945876	-1676.453404	429.4171339
63.24996	1.75	-120.8605943	-2328.655044	-1445.871441	221.1136219
64.250009	1.75	323.5944943	-2669.515338	-1179.922438	6.96201615
65.250058	1.75	103.3163145	-2626.907801	-1203.03633	-58.75941325
66.250107	1.75	382.6323883	-2408.300505	-884.7329677	-128.1010907
67.249851	1.75	259.2654683	-2518.578835	-497.6448893	-632.0117941
68.249899	1.75	338.3539678	-2154.047688	-327.4932232	-580.3536369
69.249948	1.75	77.97457695	-1978.60489	-83.82267022	-866.4924863
70.249997	1.75	384.8602334	-1599.314269	152.8858669	-760.1128847
71.250046	1.75	151.4934638	-230.3034826	401.8475519	-441.2525613
72.250094	1.75	-407.6956452	2082.478166	1009.492291	-172.1010306
73.250143	1.75	-1164.049042	2946.325086	723.7711624	167.3668596
74.249887	1.75	1230.884393	3396.906749	1095.821287	1218.074284
61.249863	1.25	-204.1263032	-2649.743213	-2000.326379	573.3916209
62.249912	1.25	135.6200678	-3078.603386	-1933.212547	461.7208879
63.24996	1.25	196.6073262	-2725.768426	-1584.276315	319.6957651
64.250009	1.25	487.3411059	-2554.781318	-1387.94747	354.227364
65.250058	1.25	209.6959159	-2338.680347	-1210.555307	146.0630915
66.250107	1.25	420.7842349	-2375.996752	-736.0243102	-241.5819484
67.249851	1.25	104.9871982	-2684.274811	-597.0624749	-692.5813315
68.249899	1.25	651.3661981	-2468.173841	-650.5307562	-257.8730653
69.249948	1.25	519.3663786	-2133.718602	-356.1767283	-450.9993834
70.249997	1.25	296.8603537	-1494.884032	149.5440994	-748.5559386
71.250046	1.25	163.468131	-191.8731554	496.2524861	-510.4549983
72.250094	1.25	64.88598724	1860.529102	1601.263634	-638.5560894
73.250143	1.25	-843.7963148	2831.034104	1238.40337	-244.7844754
74.249887	1.25	-939.5936522	3138.476722	1012.555578	86.8859569
61.249863	0.75	290.7337798	-2678.983679	-1872.503769	678.3788194
62.249912	0.75	134.5061452	-2775.337978	-1624.934487	304.5185706
63.24996	0.75	-125.594765	-2568.426868	-1565.618113	218.6072965
64.250009	0.75	165.4174954	-2488.781408	-1404.934788	243.2528317
65.250058	0.75	311.6198272	-2499.642152	-1234.783122	140.7719596
66.250107	0.75	354.5058445	-2704.325417	-963.8214672	-211.0883191
67.249851	0.75	704.2775182	-2357.61703	-966.8847541	140.2149982
68.249899	0.75	717.3661079	-2543.920573	-700.9357506	-212.341482
69.249948	0.75	518.2524561	-2379.338519	-556.6827833	-373.8602482
70.249997	0.75	656.9358108	-1616.023107	143.1390448	-622.6826929
71.250046	0.75	642.7332985	-472.3031518	608.4801808	-523.2651075
72.250094	0.75	377.8982176	1500.732126	1985.566906	-1046.251734
73.250143	0.75	-97.18974055	2908.45172	2168.807162	-763.1761723
74.249887	0.75	-672.2522455	-683.9484321	1230.327432	-1908.427771
61.249863	0.25	-58.75941334	-2976.679475	-1754.149501	236.4300568
62.249912	0.25	96.63277929	-2771.99621	-1655.288876	317.6071606
63.24996	0.25	219.9996992	-2935.185861	-1553.086484	195.4934031
64.250009	0.25	267.6198873	-2760.300024	-1397.415811	151.0757427
65.250058	0.25	441.3918016	-2819.616398	-1424.985394	235.8730958
66.250107	0.25	392.3792104	-2919.590945	-920.9354499	-342.6704174
67.249851	0.25	603.7460101	-2901.489704	-743.2648067	-405.6070403
68.249899	0.25	682.5560289	-2830.755624	-552.5055738	-521.5942238
69.249948	0.25	566.708086	-2540.578805	-494.0246411	-492.9107184
70.249997	0.25	760.5306059	-2018.14914	-126.7086875	-502.1005796
71.250046	0.25	487.6195865	-985.8214371	331.6704327	-580.771358
72.250094	0.25	153.4428282	960.201219	1323.896924	-767.0749004
73.250143	0.25	494.0246411	2193.034977	2876.426447	-1532.896638
74.249887	0.25	435.5437084	2456.199174	2032.908613	-587.0371718
0.24993599	11.75	-1420.808184	-1004.479639	-1393.517082	180.8731705
1.2499848	11.75	145.0884092	-1849.389877	-57.36701018	-794.7837237
2.2500335	11.75	1355.365236	-2350.655014	-470.632268	-27.012621
3.2500823	11.75	1468.985334	-2314.452532	-653.5940432	230.8604442
4.2501311	11.75	1829.617752	-2321.971509	-494.0246411	247.8477626
5.249875	11.75	1930.706221	-2524.98389	-464.2272135	167.088379
6.2499238	11.75	2089.161701	-2305.262671	-399.6197068	291.5692218
7.2499726	11.75	1741.339392	-2286.604469	80.202422	-352.8349605
8.2500213	11.75	1556.428252	-2066.047808	363.1387441	-617.9485221
9.2500701	11.75	1980.832735	-2292.731043	-392.9361717	236.9870177
10.250119	11.75	1727.136879	-2439.768817	-616.8345998	260.5186308
11.249863	11.75	1794.807673	-2301.920904	-322.4805718	68.9239563
12.249912	11.75	1529.415631	-2319.465184	-258.1515458	-136.8732307
13.24996	11.75	1805.946898	-2158.781859	-304.6578114	128.2403309
14.250009	11.75	1673.390117	-2246.224777	-281.2654383	-5.1518917
15.250058	11.75	1883.364514	-1875.567056	45.94930427	-42.05057527
16.250107	11.75	1683.693901	-2168.528681	-302.9869276	60.5695376
17.249851	11.75	1750.807733	-2367.920813	-582.581482	274.024942
18.249899	11.75	1814.301317	-2501.869997	-641.3408954	297.5565554
19.249948	11.75	1780.605161	-2524.705409	-398.2273037	26.1771797
20.249997	11.75	1972.478316	-2289.389275	-337.7970066	179.3415271
21.250046	11.75	1471.213179	-2139.845176	-380.9615045	46.645506
22.250094	11.75	1478.453675	-2109.769268	50.12651375	-365.7843103
23.250143	11.75	1537.491569	-2302.199384	-614.3282741	231.9743666
24.249887	11.75	1835.465845	-2129.262912	-473.9740356	327.0755021
25.249936	11.75	1325.567808	-2235.364033	-551.1131706	96.2150581
26.249985	11.75	1381.542415	-2298.300655	-491.2398348	32.8607148
27.250034	11.75	1646.655977	-2301.920904	-217.7718542	-109.8606093
28.250082	11.75	1256.226131	-1921.23788	-395.4424974	62.9366229
29.250131	11.75	1319.162754	-1900.073352	47.34170743	-337.7970064
30.249875	11.75	1752.200136	-2245.946297	-486.505664	239.6325835
31.249924	11.75	1643.035729	-2389.363822	-790.8849947	417.7209482
32.249973	11.75	1363.719655	-2478.477624	-604.581452	47.2024675
33.250021	11.75	1752.200136	-2177.161581	-616.8345998	404.3538773
34.25007	11.75	1777.541874	-2220.88304	-528.2777588	306.6071758
35.250119	11.75	1387.390508	-2097.51612	NaN	NaN
36.249863	11.75	1238.960332	-2021.490907	84.37963148	-475.644919
37.249912	11.75	1713.491328	-2353.16134	-451.1386238	131.3036178
38.24996	11.75	1579.263664	-2450.629561	-583.9738852	148.2909367
39.250009	11.75	1670.04835	-2103.364213	-636.328244	419.6703125
40.250058	11.75	1668.655947	-2123.136338	-631.037112	403.7969165
41.250107	11.75	1432.782851	-1944.908734	-312.1767884	56.1138469
42.249851	11.75	1350.352584	-1884.478436	-101.0884694	-165.9744566
43.249899	11.75	1293.821016	-1659.187605	55.69612639	-238.3794209
44.249948	11.75	1308.58049	-2081.364243	-627.4168638	241.0249873
45.249997	11.75	1430.555006	-2228.123536	-513.2398047	114.4555397
46.250046	11.75	1687.87111	-2281.591818	-520.2018205	223.3414665
47.250094	11.75	1580.656067	-2065.769328	-609.872584	367.3159535
48.250143	11.75	1754.984943	-2296.07281	-688.1256415	417.581708
49.249887	11.75	1565.618113	-1787.567176	-91.06316665	-19.91136485
50.249936	11.75	1490.985303	-1876.124017	-70.45559988	-122.1137571
51.249985	11.75	1464.808124	-4931.891992	-499.0372925	-1234.504642
52.250034	11.75	1719.896383	-2562.021814	-410.7589321	-10.3037834
53.250082	11.75	1636.352193	-2350.376534	-394.0500942	37.0379237
54.250131	11.75	1631.339542	-2282.70574	-599.29032	273.607221
55.249875	11.75	1832.681039	-2122.579377	-199.9490937	54.9999247
56.249924	11.75	1270.985604	-1681.187575	-178.7845657	-26.3164198
57.249973	11.75	2019.541543	-1815.136759	440.2778791	-338.0754871
58.250021	11.75	2229.237459	-1908.427771	-474.2525162	634.6573602
59.25007	11.75	1847.162032	-2459.540941	-239.4933435	-66.696111
60.250119	11.75	2036.250381	-2295.515849	-362.8602634	233.2275294
61.249863	11.75	1874.174653	-2338.958828	-481.4930126	249.1009251
62.249912	11.75	2071.617421	-2183.009674	-477.3158032	421.6196767
63.24996	11.75	1766.124168	-1815.136759	15.59491539	-40.10121089
64.250009	11.75	1577.314299	-1987.51627	211.9237609	-417.0247464
65.250058	11.75	1852.174683	-2451.186522	-379.5691013	80.0631818
66.250107	11.75	2059.642754	-2297.465214	-364.8096279	245.8983979
67.249851	11.75	2114.224958	-2442.553623	-388.4804816	224.3161491
68.249899	11.75	1820.14941	-2299.693059	-196.3288455	-43.442979
69.249948	11.75	1920.680919	-2367.363852	-74.63280936	-148.7086571
70.249997	11.75	1752.200136	-1991.69348	64.60750661	-184.3541786
71.250046	11.75	1383.213299	-1850.225319	455.8727945	-689.3788045
72.250094	11.75	1358.150042	-2476.806741	-544.1511548	-15.1771947
73.250143	11.75	1018.682152	-2510.224416	-28.96198572	-716.8091463
74.249887	11.75	789.2141109	233215.5546	NaN	NaN
0.24993599	11.25	-1794.250712	270.126213	-663.6193459	-98.4429036
1.2499848	11.25	-51.51891691	-849.0874468	-1365.9475	915.6443181
2.2500335	11.25	437.7715534	-804.5305457	-599.29032	415.9108239
3.2500823	11.25	903.1126894	-1233.6692	-233.3667696	68.0885143
4.2501311	11.25	789.4925916	-1130.074404	-296.0249118	125.7340056
5.249875	11.25	1234.783122	-868.3026104	201.6199775	-18.3797217
6.2499238	11.25	1419.694262	-1121.441505	228.9110795	-79.784701
7.2499726	11.25	1839.086093	-961.0366609	575.3409856	-136.3162696
8.2500213	11.25	1353.972833	-1069.922588	330.8349908	-188.8098683
9.2500701	11.25	1460.073953	-1242.58058	44.55690111	64.18978539
10.250119	11.25	1521.339692	-1244.529944	131.7213389	6.6835351
11.249863	11.25	1625.769929	-1284.352675	140.3542385	30.3543885
12.249912	11.25	1495.719474	-921.4924111	180.1769689	106.9365626
13.24996	11.25	1535.263724	-884.1760064	89.39228286	236.1515759
14.250009	11.25	1685.921746	-873.0367812	601.2396844	-194.797202
15.250058	11.25	1628.276255	-931.5177139	155.113712	193.2655586
16.250107	11.25	1676.731885	-883.6190452	-91.89860854	488.4550284
17.249851	11.25	1259.289418	-1245.086905	104.430237	-97.3289805
18.249899	11.25	1545.845988	-975.2391731	307.4426177	-22.13921025
19.249948	11.25	1487.643536	-1050.707424	174.8858369	43.5822191
20.249997	11.25	1519.947289	-954.6316063	102.4808726	180.1769688
21.250046	11.25	1658.073683	-1184.656608	606.809297	-370.1007595
22.250094	11.25	1584.833276	-848.2520049	230.3034826	137.987153
23.250143	11.25	1263.466627	-759.4166833	73.51888683	178.506085
24.249887	11.25	1264.302069	-968.5556379	131.4428583	16.43035725
25.249936	11.25	1079.112449	-1188.276857	-159.2909215	104.7087175
26.249985	11.25	1119.49214	-976.9100569	53.1898007	18.10124085
27.250034	11.25	1381.542415	-1114.479489	77.13913505	56.39232795
28.250082	11.25	1444.479038	-1105.011148	419.948793	-250.214848
29.250131	11.25	1267.643837	-617.6700417	-21.99996992	346.9868676
30.249875	11.25	1303.289358	-980.2518245	-136.4555097	297.9742765
31.249924	11.25	1008.93533	-1010.327733	-42.05057542	41.35437392
32.249973	11.25	1128.12504	-729.8977363	-41.49361416	240.607266
33.250021	11.25	1279.896984	-752.1761869	466.1765779	-202.3161794
34.25007	11.25	1481.238481	-990.2771272	124.7593231	120.7213538
35.250119	11.25	1414.960091	-1132.859211	429.9740957	-288.9236557
36.249863	11.25	1340.605762	-863.5684397	147.8732156	90.64544555
37.249912	11.25	1378.757609	-1045.416292	-234.2022115	400.87287
38.24996	11.25	1113.365567	-835.1634152	46.78474617	92.31632973
39.250009	11.25	1339.213359	-978.30246	-93.2910117	273.7464612
40.250058	11.25	1380.150012	-1089.973193	-91.89860854	236.987018
41.250107	11.25	1422.479068	-974.4037312	83.82267022	140.2149982
42.249851	11.25	1595.972502	-1192.732547	798.4039718	-596.7839943
43.249899	11.25	1067.694743	-802.3027006	55.13916513	77.55685607
44.249948	11.25	1233.94768	-837.6697409	-81.59482516	279.7337947
45.249997	11.25	1238.681851	-903.1126894	-33.41767583	201.2022566
46.250046	11.25	1370.40319	-1008.378368	-245.0629561	426.0753671
47.250094	11.25	1417.187936	-1237.567928	113.8985785	-24.0885745
48.250143	11.25	1368.175345	-1139.264265	200.506055	-86.050515
49.249887	11.25	1560.0485	-1210.833788	521.0372624	-346.4299064
50.249936	11.25	1538.04853	-858.8342689	-34.25311773	373.8602483
51.249985	11.25	1344.22601	-1036.226431	NaN	NaN
52.250034	11.25	1311.086815	-1060.732727	-59.59485524	184.7718992
53.250082	11.25	1423.31451	-1101.390899	126.4302069	34.5315986
54.250131	11.25	1447.263844	-919.8215273	178.2276044	85.49355395
55.249875	11.25	1360.377887	-897.5430768	357.0121702	-125.5947651
56.249924	11.25	1582.326951	-1311.922257	640.7839341	-505.5815871
57.249973	11.25	1357.3146	-645.2396242	31.18983078	324.8476571
58.250021	11.25	1350.352584	-1254.833728	28.68350509	19.07592291
59.25007	11.25	1464.808124	-1079.66941	11.97466717	180.5946898
60.250119	11.25	1392.124679	-1027.036571	-54.30372323	236.8477772
61.249863	11.25	1608.50413	-1020.353035	168.4807823	125.5947652
62.249912	11.25	1411.339843	-1159.593351	274.8603837	-148.9871377
63.24996	11.25	1789.23806	-1100.555457	673.9231293	-329.5818278
64.250009	11.25	1639.137	-950.4543968	-65.16446788	409.5057695
65.250058	11.25	1546.402949	-977.7454988	74.63280936	209.6959157
66.250107	11.25	1516.605522	-814.5558485	-65.72142914	416.7462659
67.249851	11.25	1366.782942	-1113.087086	-20.32908613	147.1770141
68.249899	11.25	1464.808124	-1191.618624	-120.303633	256.898383
69.249948	11.25	1260.40334	-1081.897255	160.404844	-71.1518015
70.249997	11.25	1084.403581	-1222.808455	639.1130503	-708.3154873
71.250046	11.25	986.9353596	-722.3787593	38.70880784	93.56949231
72.250094	11.25	653.0370819	-505.9993083	411.3158934	-337.7970066
73.250143	11.25	93.56949234	-473.9740356	927.3405044	-1117.542776
74.249887	11.25	-233.0882889	695.9230992	NaN	NaN
0.24993599	10.75	-2153.769208	1445.871441	8.911380222	-362.8602637
1.2499848	10.75	117.5188267	-740.758481	-1732.984973	1421.365146
2.2500335	10.75	52.91132007	-657.7712527	-1417.744897	1115.314931
3.2500823	10.75	327.4932232	-1043.188447	-619.0624448	261.2148329
4.2501311	10.75	290.1768185	-653.0370819	-381.7969464	200.3668147
5.249875	10.75	994.4543367	-921.2139305	-93.56949234	130.1896954
6.2499238	10.75	643.2902598	-735.467349	-7.240496431	-38.84804817
7.2499726	10.75	867.1886879	-757.4673189	-13.0885897	67.9492742
8.2500213	10.75	1026.479609	-776.6824825	-316.9109592	441.8095225
9.2500701	10.75	1144.555397	-843.5178342	79.08849947	71.43028193
10.250119	10.75	1241.188177	-575.6194662	48.73411059	284.0502448
11.249863	10.75	1027.315051	-639.391531	40.101211	153.860549
12.249912	10.75	1399.922137	-819.8469805	33.41767583	256.6199024
13.24996	10.75	1081.061813	-689.2395641	-87.44291843	283.3540429
14.250009	10.75	1590.402889	-1031.21378	28.40502446	251.18953
15.250058	10.75	1407.162633	-702.6066344	47.0632268	305.2147725
16.250107	10.75	1473.719504	-929.0113882	-94.1264536	366.4805115
17.249851	10.75	1236.454006	-697.3155024	-56.25308765	325.8223395
18.249899	10.75	1485.415691	-965.492351	-53.74676197	313.708432
19.249948	10.75	1524.124499	-930.9607526	233.9237308	62.6581424
20.249997	10.75	1127.011118	-970.783483	347.265348	-269.1515305
21.250046	10.75	1262.909666	-740.758481	147.0377737	114.0378188
22.250094	10.75	1248.150192	-840.4545472	264.5566004	-60.708778
23.250143	10.75	1356.757639	-404.075397	27.29110193	449.0500191
24.249887	10.75	1083.011178	-555.0118995	-187.4174653	451.4171046
25.249936	10.75	1103.897225	-890.8595416	177.6706432	-71.1518015
26.249985	10.75	1059.340324	-719.3154723	49.56955249	120.4428734
27.250034	10.75	1130.631366	-620.454848	282.3793608	-27.2911018
28.250082	10.75	1140.656668	-884.7329677	254.5312976	-126.5694475
29.250131	10.75	1255.94765	-861.8975559	-125.3162844	322.3413315
30.249875	10.75	1223.643897	-829.3153219	-187.1389847	384.3032723
31.249924	10.75	1251.49196	-543.3157129	107.2150433	246.8730803
32.249973	10.75	1197.188237	-991.3910497	16.15187665	86.746717
33.250021	10.75	1362.327252	-753.8470707	194.1010005	110.1390902
34.25007	10.75	1491.542265	-553.0625351	365.3665891	103.8732759
35.250119	10.75	1380.985454	-846.0241599	243.3920723	24.08857475
36.249863	10.75	1467.871411	-829.8722832	94.1264536	224.8731103
37.249912	10.75	1309.415931	-706.5053633	92.73405044	208.7212334
38.24996	10.75	896.1506736	-517.1385335	264.835081	-75.32901095
39.250009	10.75	1251.213479	-576.1764275	133.3922227	204.1263031
40.250058	10.75	1001.694833	-698.7079056	157.0630764	-5.5696127
41.250107	10.75	1157.922468	-780.0242501	60.1518165	128.7972925
42.249851	10.75	1112.808605	-956.8594514	185.4681009	-107.4935241
43.249899	10.75	1145.112359	-595.9485524	129.7719745	144.8099288
44.249948	10.75	1115.314931	-502.37906	-52.63283944	359.1007749
45.249997	10.75	1091.922558	-561.416954	-262.6072359	527.8600379
46.250046	10.75	1087.745348	-479.2651676	-119.1897105	423.4298007
47.250094	10.75	1238.681851	-747.1635355	134.5061452	111.2530126
48.250143	10.75	1285.466597	-814.2773678	221.3921024	14.2025122
49.249887	10.75	1388.504431	-705.948402	181.569372	159.7086425
50.249936	10.75	1252.605883	-1125.618714	-123.6454006	187.1389851
51.249985	10.75	1303.289358	-486.505664	-14.48099286	422.8728399
52.250034	10.75	1282.681791	-824.5811512	81.87330579	147.1770141
53.250082	10.75	1201.086966	-607.3662583	-53.1898007	350.0501546
54.250131	10.75	1072.150433	-702.6066344	115.2909816	69.4809177
55.249875	10.75	1524.959941	-658.0497333	394.8855361	38.56956775
56.249924	10.75	1476.782791	-599.29032	152.8858669	285.8603686
57.249973	10.75	1501.010606	-749.6698612	40.37969163	335.2906808
58.250021	10.75	1718.78246	-634.100399	45.11386238	497.2271681
59.25007	10.75	1573.13709	-773.0622343	125.594765	274.4426629
60.250119	10.75	1501.010606	-836.5558184	-238.6579016	570.8852954
61.249863	10.75	1307.188086	-602.6320875	-32.86071457	385.1387138
62.249912	10.75	1528.580189	-747.9989774	35.08855963	355.2020462
63.24996	10.75	1550.858639	-1110.30228	43.72145922	176.5567203
64.250009	10.75	1714.605251	-838.7836634	221.1136218	216.797172
65.250058	10.75	1514.934638	-743.2648067	203.2908613	182.5440544
66.250107	10.75	1282.12483	-612.100429	319.9742461	15.0379544
67.249851	10.75	1360.099406	-558.9106283	256.2021814	144.3922075
68.249899	10.75	943.7708617	-756.3533964	38.98728847	54.72144418
69.249948	10.75	1046.251734	-182.6832946	190.4807523	241.3034674
70.249997	10.75	684.2269127	-628.5307863	438.0500341	-410.2019709
71.250046	10.75	408.8095677	-518.8094173	507.670192	-562.6701168
72.250094	10.75	91.34164728	-231.6958858	719.3154723	-789.4925916
73.250143	10.75	32.02527267	-398.2273037	1008.656849	-1191.757865
74.249887	10.75	-541.6448291	1442.529674	1026.479609	-576.0371866
0.24993599	10.25	-2306.933555	2174.655255	125.0378037	-191.1769537
1.2499848	10.25	-3.063286952	-955.4670482	-2016.199775	1536.934607
2.2500335	10.25	-125.0378037	-742.986326	-1726.579918	1292.567853
3.2500823	10.25	-59.59485524	-900.6063637	-1066.30234	586.2017305
4.2501311	10.25	-216.6579317	-886.4038515	-909.7962246	358.265333
5.249875	10.25	397.6703424	-565.3156829	-763.8723734	680.0497032
6.2499238	10.25	199.3921325	-812.606484	-476.4803613	169.8731856
7.2499726	10.25	808.9862358	-908.9607827	-482.6069352	432.6196618
8.2500213	10.25	719.0369917	-683.3914708	-43.72145922	61.54421967
9.2500701	10.25	817.3406548	-724.885085	-378.4551788	424.6829637
10.250119	10.25	931.7961945	-752.4546675	-189.3668297	279.0375932
11.249863	10.25	1200.251524	-599.29032	-37.87336595	338.353968
12.249912	10.25	1347.010817	-781.6951339	-2.227845056	284.8856866
13.24996	10.25	1211.112268	-903.1126894	-245.6199174	399.6197067
14.250009	10.25	1005.593562	-1079.66941	-82.98722832	45.94930432
15.250058	10.25	1147.897165	-930.9607526	-47.8986687	156.3668749
16.250107	10.25	1112.808605	-412.9867772	50.68347501	299.2274389
17.249851	10.25	1194.40343	-846.5811211	-180.1769689	354.0881234
18.249899	10.25	1015.618865	-899.2139606	-190.2022716	248.4047238
19.249948	10.25	1068.251704	-862.4545172	284.0502446	-181.1516512
20.249997	10.25	887.2392934	-724.3281237	190.7592329	-109.3036481
21.250046	10.25	1231.162874	-728.5053332	158.4554796	92.8732908
22.250094	10.25	1141.49211	-871.3658974	202.4554194	-67.3923131
23.250143	10.25	1048.201099	-999.7454687	-198.5566906	222.7845058
24.249887	10.25	811.7710421	-744.3787292	23.39237308	10.30378337
25.249936	10.25	985.5429565	-808.7077552	-102.4808726	190.8984733
26.249985	10.25	1137.314901	-577.29035	-1.113922528	281.126198
27.250034	10.25	1220.85909	-1033.441625	-235.0376534	328.7463859
28.250082	10.25	1007.821407	-962.9860253	-10.58226401	32.99995486
29.250131	10.25	1048.201099	-774.4546375	-109.4428884	246.3161192
30.249875	10.25	1145.390839	-713.7458597	-178.2276044	394.0500941
31.249924	10.25	1035.66947	-758.5812414	-39.26576911	177.8098834
32.249973	10.25	1271.264085	-709.8471308	-52.07587817	332.7843553
33.250021	10.25	1030.656819	-742.7078454	60.1518165	83.8226703
34.25007	10.25	1032.884664	-860.5051527	-22.55693119	108.7466868
35.250119	10.25	1009.492291	-878.6063938	44.27842048	21.16452812
36.249863	10.25	1000.30243	-901.9987669	116.1264235	-66.97459195
37.249912	10.25	1273.213449	-727.9483719	91.89860854	180.73393
38.24996	10.25	1201.922407	-438.6069953	-174.6073562	556.2650621
39.250009	10.25	850.47985	-818.7330579	-69.06319672	84.93659277
40.250058	10.25	1180.200918	-900.8848444	147.3162543	-7.6582175
41.250107	10.25	1206.935059	-655.5434076	10.86074465	264.8350811
42.249851	10.25	1179.643957	-604.3029713	-70.17711925	357.8476121
43.249899	10.25	994.7328173	-423.8475218	125.8732456	159.5694022
44.249948	10.25	1001.137872	-724.885085	-179.8984882	318.0248817
45.249997	10.25	1113.644047	-956.0240095	-214.9870479	293.7970667
46.250046	10.25	821.2393836	-762.4799703	-508.5056339	537.8853406
47.250094	10.25	1062.682092	-625.1890187	225.0123506	-6.26581395
48.250143	10.25	927.0620238	-959.3657771	-182.1263333	165.9744567
49.249887	10.25	1374.301919	-954.0746451	157.0630764	53.05056055
50.249936	10.25	1238.960332	-791.441956	-150.9365025	374.6956905
51.249985	10.25	1093.871922	-830.9862057	-215.8224898	347.265348
52.250034	10.25	1252.327402	-895.0367511	-67.67079356	246.316119
53.250082	10.25	1095.542806	-886.6823321	-193.2655586	297.6957956
54.250131	10.25	896.9861155	-765.8217379	17.26579918	48.31638962
55.249875	10.25	916.4797597	-943.2139004	-189.6453104	176.2782401
56.249924	10.25	953.5176838	-837.3912603	26.45566004	31.60755171
57.249973	10.25	1319.162754	-1099.720016	61.26573903	48.45562997
58.250021	10.25	1152.352855	-710.9610534	-7.797457695	228.4933585
59.25007	10.25	1101.947861	-893.9228286	-20.0506055	124.0631217
60.250119	10.25	1352.85891	-893.6443479	-125.594765	355.2020461
61.249863	10.25	926.2265819	-960.201219	-30.07590825	13.0885897
62.249912	10.25	1077.163084	-956.0240095	38.98728847	21.58224878
63.24996	10.25	1392.124679	-1100.276977	58.75941334	87.16443766
64.250009	10.25	1337.263995	-961.3151415	-116.4049042	304.379331
65.250058	10.25	915.9227985	-1051.264386	-361.7463409	294.0755472
66.250107	10.25	978.8594213	-994.7328173	-96.91125992	88.97456192
67.249851	10.25	998.6315462	-662.5054234	117.2403461	50.8227153
68.249899	10.25	517.1385335	-878.8848744	36.20248215	-217.0756526
69.249948	10.25	412.1513353	-919.8215273	108.8859271	-362.7210231
70.249997	10.25	44.55690111	-620.1763674	147.3162543	-435.1259874
71.250046	10.25	34.25311773	-806.7583908	388.7589622	-775.0115987
72.250094	10.25	-133.6707033	-785.5938627	714.0243403	-1173.656623
73.250143	10.25	-61.26573903	-472.0246712	854.6570595	-1121.302265
74.249887	10.25	-864.1254009	2459.262461	1112.251644	-314.683114
0.24993599	9.75	-2448.123235	2840.502446	247.8477624	-51.6581569
1.2499848	9.75	-67.39231293	-1158.75791	-1853.845567	1240.770456
2.2500335	9.75	-116.1264235	-972.4543668	-1712.377406	1168.087011
3.2500823	9.75	-135.8985484	-924.2772174	-1647.491419	1117.403536
4.2501311	9.75	-365.9235504	-1043.745409	-1305.517203	600.6827233
5.249875	9.75	-583.9738852	-1032.327703	-914.808876	106.6580819
6.2499238	9.75	-68.50623546	-856.3279432	-655.8218882	193.4047989
7.2499726	9.75	-113.6200978	-1198.023679	-709.5686502	53.7467618
8.2500213	9.75	433.0373827	-862.7329978	-561.416954	346.5691465
9.2500701	9.75	535.5182552	-1133.416172	-671.4168036	372.4678452
10.250119	9.75	455.5943139	-2885.059347	-491.5183154	-723.2142012
11.249863	9.75	919.2645661	-1153.745258	-650.8092369	533.568891
12.249912	9.75	875.8215875	-1051.264386	-387.9235203	300.2021211
13.24996	9.75	862.1760365	-817.0621741	-134.2276646	156.7845958
14.250009	9.75	914.808876	-1154.5807	-187.4174653	67.5315533
15.250058	9.75	865.7962847	-800.3533362	-206.6326289	239.3541032
16.250107	9.75	485.1132609	-1010.327733	-471.1892293	208.5819933
17.249851	9.75	643.0117792	-1202.200888	-373.7210081	94.1264537
18.249899	9.75	629.0877476	-1163.49208	-504.8853857	237.6832195
19.249948	9.75	944.0493423	-1258.175495	-486.505664	329.4425877
20.249997	9.75	638.5560891	-866.9102073	-118.9112298	4.7341707
21.250046	9.75	732.1255814	-1144.276917	-375.9488531	169.8731853
22.250094	9.75	629.0877476	-898.6569993	-324.7084169	189.9237911
23.250143	9.75	1014.226462	-927.0620238	-202.7339001	246.3161192
24.249887	9.75	803.6951038	-948.7835131	-538.5815422	466.0373376
25.249936	9.75	887.2392934	-1025.922648	-104.9871982	35.6455209
26.249985	9.75	892.5304254	-885.5684096	-173.4934337	176.9744416
27.250034	9.75	959.6442577	-1179.922438	-162.9111697	52.77207955
28.250082	9.75	999.7454687	-1026.479609	-194.6579617	181.2908916
29.250131	9.75	900.3278831	-1124.504792	-365.9235504	253.835096
30.249875	9.75	758.5812414	-910.3531858	-451.9740657	376.0880935
31.249924	9.75	1030.656819	-850.7583306	-247.8477624	337.7970066
32.249973	9.75	931.2392332	-1288.529884	-459.4930427	280.8477173
33.250021	9.75	806.2014295	-1159.314871	-343.0881386	166.5314179
34.25007	9.75	905.3405345	-1109.745318	-157.0630764	54.86068465
35.250119	9.75	1033.163145	-1144.276917	-191.3161942	135.7593082
36.249863	9.75	793.1128398	-967.9986767	36.75944342	-124.2023619
37.249912	9.75	815.669771	-1156.530064	-441.3918016	270.9616551
38.24996	9.75	898.100038	-1011.441655	-400.4551487	343.7843402
39.250009	9.75	858.2773077	-984.4290339	-183.5187365	120.4428734
40.250058	9.75	1129.517443	-913.1379922	-309.3919821	417.5817075
41.250107	9.75	930.682272	-1031.770741	-433.8728246	383.3285901
42.249851	9.75	659.4421365	-875.2646262	-448.3538174	340.4425726
43.249899	9.75	930.9607526	-1084.960542	-515.7461304	438.7462357
44.249948	9.75	932.6316364	-887.517774	-538.8600228	561.416954
45.249997	9.75	740.758481	-1126.175676	-410.2019709	217.4933734
46.250046	9.75	934.8594815	-1259.010937	-264.2781197	102.202392
47.250094	9.75	1059.618805	-1292.150132	-383.7463108	267.4806473
48.250143	9.75	966.8847541	-730.4546976	-464.2272135	582.4422418
49.249887	9.75	863.5684397	-1093.871922	-257.3161039	142.1643628
50.249936	9.75	983.0366308	-919.5430467	-316.0755173	347.8223094
51.249985	9.75	928.4544269	-886.9608128	-237.5439791	258.2907862
52.250034	9.75	571.1637761	-1033.720106	-311.8983078	80.62014285
53.250082	9.75	913.4164728	-1348.681701	-347.265348	129.6327339
54.250131	9.75	1065.188417	-1027.036571	-214.4300866	233.5060096
55.249875	9.75	815.669771	-1087.466868	-342.5311773	206.6326288
56.249924	9.75	988.0492822	-1035.39099	-19.77212487	-3.89872903
57.249973	9.75	1016.732787	-776.6824825	-606.2523358	726.2774881
58.250021	9.75	952.6822419	-981.9227083	-450.5816625	435.9614293
59.25007	9.75	1166.555367	-1174.909786	-304.3793307	300.2021212
60.250119	9.75	1347.846259	-935.6949234	-380.6830239	586.7586917
61.249863	9.75	1080.783333	-1110.58076	-229.7465214	214.8478079
62.249912	9.75	906.454457	-1170.732577	-353.9488832	221.8098232
63.24996	9.75	1158.75791	-950.4543968	-193.5440392	297.6957958
64.250009	9.75	1326.960211	-1361.213329	-230.5819633	213.4554043
65.250058	9.75	932.910117	-1015.340384	-397.3918618	356.1767283
66.250107	9.75	881.9481614	-937.9227684	-270.6831743	242.6958708
67.249851	9.75	465.6196166	-1178.251554	-454.4803913	98.1644226
68.249899	9.75	-65.16446788	-1122.555427	-162.3542084	-431.505739
69.249948	9.75	40.37969163	-940.4290941	-294.9109892	-155.113712
70.249997	9.75	-138.9618353	-1028.707454	-148.1516962	-435.6829485
71.250046	9.75	-337.2400453	-1111.137721	165.695976	-889.8848592
72.250094	9.75	-554.1764576	-1330.023498	494.5816023	-1436.68158
73.250143	9.75	-206.9111095	-351.9995188	838.5051828	-1117.960497
74.249887	9.75	-1274.048891	3311.691675	1255.94765	-237.126258
0.24993599	9.25	-2526.097812	3151.286831	433.3158633	-120.7213538
1.2499848	9.25	-124.2023618	-1056.277037	-1373.187996	782.9482966
2.2500335	9.25	-228.0756376	-1406.884153	-2196.655225	1379.17533
3.2500823	9.25	-431.9234602	-1312.479218	-2027.895962	1155.694623
4.2501311	9.25	-444.7335692	-1127.011118	-1647.769899	861.8975554
5.249875	9.25	-881.3912001	-1137.03642	-1492.377707	483.163897
6.2499238	9.25	-554.7334188	-921.7708918	-1469.820775	731.5686197
7.2499726	9.25	-151.7719444	-1287.415962	-969.9480411	250.3540879
8.2500213	9.25	205.2402257	-1320.833637	-837.3912603	279.5945547
9.2500701	9.25	306.3286951	-1139.542746	-911.745589	495.1385636
10.250119	9.25	220.5566605	-1083.568139	-836.834299	405.3285598
11.249863	9.25	291.290741	-1245.365386	-684.2269127	207.1895902
12.249912	9.25	443.3411661	-1382.656338	-732.6825427	263.0249568
13.24996	9.25	621.8472511	-1305.517203	-631.5940733	289.7590974
14.250009	9.25	584.2523658	-1273.213449	-743.2648067	398.7842651
15.250058	9.25	666.4041523	-1199.416082	-500.9866569	234.4806921
16.250107	9.25	361.1893796	-1173.238902	-644.682663	238.6579018
17.249851	9.25	518.8094173	-1289.643807	-610.4295452	225.0123504
18.249899	9.25	280.4299964	-1289.365326	-805.3659876	300.8983228
19.249948	9.25	901.4418056	-1313.31466	-605.9738551	400.0374279
20.249997	9.25	557.2397445	-1200.251524	-465.8980973	144.3922076
21.250046	9.25	624.3535768	-1091.087116	-663.6193459	430.2525763
22.250094	9.25	808.7077552	-1216.681881	-422.4551187	218.4680558
23.250143	9.25	806.2014295	-1123.112389	-484.5562996	326.1008199
24.249887	9.25	531.3410458	-1414.40313	-440.5563597	-0.9746824
25.249936	9.25	556.125822	-1121.998466	-650.5307562	367.5944342
26.249985	9.25	764.1508541	-1206.656578	-326.6577813	105.4049194
27.250034	9.25	897.2645961	-1149.568049	-530.2271232	404.0753968
28.250082	9.25	582.581482	-1152.909816	-666.9611135	381.7969465
29.250131	9.25	728.5053332	-1183.542686	-447.5183755	219.9996991
30.249875	9.25	701.7711925	-1092.479519	-574.2270631	378.8728999
31.249924	9.25	646.3535468	-1315.542505	-602.9105682	268.3160891
32.249973	9.25	796.733088	-1322.226041	-577.5688307	314.8223542
33.250021	9.25	715.4167435	-1544.732065	-643.0117792	228.3541185
34.25007	9.25	855.2140207	-1581.769989	-648.3029112	285.0249271
35.250119	9.25	727.3914107	-1151.517413	-488.7335091	276.670508
36.249863	9.25	813.4419259	-1304.681761	-314.4046335	68.78471595
37.249912	9.25	500.7081762	-1172.12498	-302.4299663	-33.2784356
38.24996	9.25	476.4803613	-1243.694502	-580.9105982	197.3035279
39.250009	9.25	813.4419259	-1096.935209	-744.9356905	603.189049
40.250058	9.25	908.6823021	-1221.137571	-442.2272435	285.9996091
41.250107	9.25	784.2014596	-1115.871892	-421.0627155	255.2274993
42.249851	9.25	1001.973314	-1316.934908	-475.9234	318.442603
43.249899	9.25	711.239534	-1302.175435	-468.4044229	172.9364724
44.249948	9.25	749.6698612	-1334.479188	-452.8095076	160.4048442
45.249997	9.25	593.4422267	-1375.415841	-530.7840845	139.7972774
46.250046	9.25	705.6699214	-1159.03639	-495.4170442	268.7338099
47.250094	9.25	898.3785187	-1225.871742	-452.8095076	289.062896
48.250143	9.25	696.7585411	-1100.276977	-218.3288154	16.56959745
49.249887	9.25	794.2267623	-1103.340264	-359.2400152	204.6832644
50.249936	9.25	604.8599326	-1131.466808	-547.4929224	284.1894847
51.249985	9.25	556.6827833	-1188.276857	-330.8349908	15.03795395
52.250034	9.25	641.0624148	-1012.834058	-622.9611737	437.0753521
53.250082	9.25	578.6827532	-1419.1373	-625.4674994	205.240226
54.250131	9.25	728.7838138	-1115.314931	-496.5309668	303.2654082
55.249875	9.25	806.4799101	-1437.517022	-866.9102073	551.3916514
56.249924	9.25	583.9738852	-1269.03624	-663.6193459	321.0881685
57.249973	9.25	468.9613842	-1506.023258	-997.7961043	479.2651674
58.250021	9.25	593.999188	-1392.124679	-609.0371421	209.9743966
59.25007	9.25	770.277428	-1167.94777	-592.8852654	394.0500944
60.250119	9.25	1023.137842	-1514.377677	-839.3406247	593.7207072
61.249863	9.25	657.2142914	-1597.364905	-566.9865667	96.9112599
62.249912	9.25	838.2267022	-1595.41554	-498.4803312	119.8859123
63.24996	9.25	795.6191655	-1443.643596	-368.1513954	44.13918015
64.250009	9.25	528.8347201	-1474.276466	-629.6447088	156.9238359
65.250058	9.25	575.8979469	-1393.517082	-558.0751864	149.2656189
66.250107	9.25	590.6574204	-1269.871682	-508.2271533	168.6200225
67.249851	9.25	327.4932232	-1430.276526	-525.4929525	-25.8986989
68.249899	9.25	-54.86068449	-1272.378007	-392.1007298	-271.5186159
69.249948	9.25	84.65811211	-1369.289267	-426.3538475	-215.9617299
70.249997	9.25	-305.4932532	-1130.352885	-348.9362318	-368.9868373
71.250046	9.25	-329.164107	-1623.263604	-112.5061753	-863.7076802
72.250094	9.25	-97.46822118	-1544.175104	167.9238211	-988.7454837
73.250143	9.25	-291.5692217	-96.07581802	437.4930728	-631.3155927
74.249887	9.25	-1231.441354	3573.74195	1079.947891	91.202407
0.24993599	8.75	-2588.755955	3467.362348	236.1515759	203.1516206
1.2499848	8.75	103.5947951	-1245.643867	-1464.251163	893.2266271
2.2500335	8.75	-553.8979769	-1688.428072	-2066.60477	945.4417456
3.2500823	8.75	-703.9990376	-1851.617722	-2017.592178	739.7837982
4.2501311	8.75	-954.910087	-1336.150072	-1921.23788	775.7078005
5.249875	8.75	-1082.732697	-1699.845777	-1761.389997	370.10076
6.2499238	8.75	-565.0372022	-1126.175676	-1664.757218	819.1507789
7.2499726	8.75	-467.0120198	-977.4670181	-1841.8709	1119.631381
8.2500213	8.75	15.59491539	-1355.365236	-1230.884393	560.9992327
9.2500701	8.75	-150.3795413	-1402.428463	-1183.264205	406.8602029
10.250119	8.75	-267.6198873	-1319.441234	-1012.277097	218.7465364
11.249863	8.75	69.89863862	-1335.03615	-804.5305457	171.96179
12.249912	8.75	197.9997293	-1214.454036	-977.4670181	469.2398648
13.24996	8.75	255.0882589	-1247.593231	-1049.871982	553.619496
14.250009	8.75	214.4300866	-1249.542596	-760.5306059	242.9743512
15.250058	8.75	305.7717339	-1391.567718	-915.9227985	373.0248065
16.250107	8.75	371.2146824	-1372.909516	-748.5559387	247.7085219
17.249851	8.75	102.2023919	-1384.605702	-813.7204066	172.5187516
18.249899	8.75	201.6199775	-1384.327221	-943.2139004	351.8602787
19.249948	8.75	3.898728847	-1587.618083	-901.7202863	109.8606092
20.249997	8.75	101.0884694	-1477.896714	-739.6445585	51.2404362
21.250046	8.75	447.2398949	-1460.630915	-815.9482516	309.2527416
22.250094	8.75	424.9614444	-1501.846048	-583.1384433	44.6961415
23.250143	8.75	292.4046635	-1521.339692	-344.7590224	-269.7084919
24.249887	8.75	311.8983078	-1301.618474	-637.9991278	143.1390447
25.249936	8.75	550.5562094	-1394.074044	-922.8848143	501.125897
26.249985	8.75	753.0116288	-1508.529583	-661.1130203	283.3540432
27.250034	8.75	504.8853857	-1475.390388	-766.1002185	280.8477174
28.250082	8.75	484.5562996	-1459.795473	-516.8600529	29.2404662
29.250131	8.75	481.214532	-1438.909425	-609.872584	131.0251375
30.249875	8.75	506.2777889	-1155.694623	-590.1004591	265.3920421
31.249924	8.75	601.7966456	-1348.960181	-797.0115686	423.4298009
32.249973	8.75	495.6955249	-1585.668718	-761.3660478	216.3794513
33.250021	8.75	514.3537272	-1476.504311	-726.5559688	245.4806769
34.25007	8.75	628.5307863	-1179.365476	-791.7204366	516.3030918
35.250119	8.75	606.2523358	-1266.529914	-672.8092068	342.6704177
36.249863	8.75	507.670192	-1254.555247	-484.5562996	111.1137721
37.249912	8.75	652.20164	-1154.023739	-646.6320274	395.7209779
38.24996	8.75	332.2273939	-1403.820866	-832.1001283	296.3033923
39.250009	8.75	536.6321778	-1467.59293	-703.9990376	238.5186615
40.250058	8.75	520.2018205	-1433.061332	-846.0241599	389.5944042
41.250107	8.75	679.492742	-1479.567598	-585.644769	185.607341
42.249851	8.75	582.581482	-1236.454006	-700.3787894	373.4425274
43.249899	8.75	429.4171345	-1451.719534	-907.5683795	396.4171798
44.249948	8.75	803.4166232	-1319.998195	-568.6574504	310.3666645
45.249997	8.75	533.5688908	-1579.820625	-368.9868373	-154.1390298
46.250046	8.75	536.0752165	-1360.099406	-793.6698011	381.6577064
47.250094	8.75	592.3283042	-1554.200407	-684.783874	203.8478226
48.250143	8.75	477.3158032	-1380.985454	-751.6192256	299.7844002
49.249887	8.75	653.5940432	-1307.745048	-730.4546976	403.3791952
50.249936	8.75	628.8092669	-1442.529674	-825.1381125	418.277909
51.249985	8.75	584.8093271	-1265.972953	-798.4039718	457.8221589
52.250034	8.75	370.9362018	-1284.631155	-1039.289718	582.4422414
53.250082	8.75	685.6193159	-1183.821166	-850.47985	601.378925
54.250131	8.75	766.9356604	-1561.162423	-853.2646563	456.151275
55.249875	8.75	472.8601131	-1538.04853	-941.5430166	408.9488082
56.249924	8.75	397.1133812	-1393.517082	-641.8978566	143.6960062
57.249973	8.75	636.0497634	-1286.023558	-419.1133511	94.1264538
58.250021	8.75	602.0751263	-1432.782851	-848.5304856	433.1766233
59.25007	8.75	790.6065141	-1657.516721	-541.3663485	107.9112451
60.250119	8.75	633.2649571	-1597.364905	-508.2271533	26.17717935
61.249863	8.75	725.9990075	-1632.731945	-697.593983	244.2275143
62.249912	8.75	734.9103877	-1487.922017	-850.2013693	473.6955547
63.24996	8.75	758.0242802	-1731.314089	-595.1131105	108.4682061
64.250009	8.75	402.6829938	-1330.85894	-491.2398348	27.1518617
65.250058	8.75	363.4172247	-1365.9475	-478.4297257	-22.83541195
66.250107	8.75	305.4932532	-1579.820625	-518.8094173	-118.3542686
67.249851	8.75	365.9235504	-1589.567447	-493.4676798	-118.3542685
68.249899	8.75	-188.2529072	-1587.339602	-520.2018205	-367.5944341
69.249948	8.75	-511.8474015	-1572.301648	-615.4421966	-426.6323282
70.249997	8.75	-353.9488832	-1634.68131	-232.5313277	-761.7837689
71.250046	8.75	-61.54421966	-1717.668538	-365.3665891	-524.2397897
72.250094	8.75	-316.9109592	-1308.58049	159.2909215	-972.0366461
73.250143	8.75	-741.8724035	432.4804214	407.9741258	-562.6701169
74.249887	8.75	-1307.188086	3592.957113	1146.504762	-3.6202485
0.24993599	8.25	-2659.768516	3657.007659	363.4172247	135.2023468
1.2499848	8.25	-212.2022415	-1011.720136	-1496.833397	884.8722083
2.2500335	8.25	-198.5566906	-1942.680888	-2152.376804	1081.758015
3.2500823	8.25	-519.087898	-1675.061001	-1872.503769	775.4293195
4.2501311	8.25	-668.3535167	-1323.061482	-1856.908854	861.2013547
5.249875	8.25	-1260.960301	-1225.593261	-2066.88325	823.606469
6.2499238	8.25	-1211.390749	-1311.365296	-1796.757037	535.3790145
7.2499726	8.25	-768.6065442	-1311.922257	-2058.250351	1017.98595
8.2500213	8.25	-289.3413766	-1411.618323	-1529.415631	678.9357812
9.2500701	8.25	-373.9994887	-1621.8712	-1272.099527	274.1641827
10.250119	8.25	-312.1767884	-1385.719625	-1383.49178	534.5435733
11.249863	8.25	-825.1381125	-1303.010877	-1155.694623	91.62012825
12.249912	8.25	-344.2020611	-1422.200587	-1328.909576	445.708252
13.24996	8.25	-235.8730953	-1360.377887	-1135.365536	337.2400449
14.250009	8.25	-71.01256115	-1341.998165	-1030.378338	323.8729749
15.250058	8.25	230.8604439	-1208.048981	-1202.757849	714.1635805
16.250107	8.25	86.60747654	-1268.200798	-610.9865065	20.18984577
17.249851	8.25	278.2021513	-1562.554826	-625.74598	-16.43035735
18.249899	8.25	-24.78477624	-1306.631125	-1190.504702	524.7967514
19.249948	8.25	-204.1263032	-1414.68161	-872.7583005	63.3543439
20.249997	8.25	-366.202031	-1352.580429	-932.910117	73.518887
21.250046	8.25	-114.1770591	-1274.605852	-960.4796996	266.0882441
22.250094	8.25	144.2529674	-1289.643807	-794.2267623	221.5313425
23.250143	8.25	234.4806921	-1050.428944	-713.1888984	305.2147725
24.249887	8.25	299.64516	-1403.263904	-631.3155926	79.5062206
25.249936	8.25	314.9615947	-1427.491719	-972.1758861	415.910824
26.249985	8.25	377.0627757	-1643.87117	-1018.682152	385.2779549
27.250034	8.25	351.9995188	-1475.390388	-891.4165029	329.7210683
28.250082	8.25	684.2269127	-1277.112178	-615.163716	318.7210834
29.250131	8.25	392.1007298	-1352.85891	-872.7583005	392.3792104
30.249875	8.25	379.5691013	-1221.694532	-771.3913505	350.3286352
31.249924	8.25	412.4298159	-1385.719625	-908.4038214	421.7589169
32.249973	8.25	384.3032721	-1749.972291	-927.0620238	244.2275144
33.250021	8.25	285.1641671	-1659.466086	-934.3025202	247.1515608
34.25007	8.25	169.0377436	-1435.289177	-691.7458898	58.6201731
35.250119	8.25	100.5315081	-1144.833878	-806.2014295	284.0502446
36.249863	8.25	174.3288756	-996.1252205	-770.277428	359.3792556
37.249912	8.25	323.872975	-1428.884123	-811.2140809	258.7085069
38.24996	8.25	327.2147425	-1397.972772	-922.8848143	387.5057996
39.250009	8.25	145.6453705	-1623.820565	-936.5303652	197.442768
40.250058	8.25	452.2525463	-1520.22577	-855.770982	321.7843702
41.250107	8.25	216.1009704	-1356.757639	-371.2146824	-199.1136519
42.249851	8.25	315.518556	-1208.048981	-947.3911099	501.1258974
43.249899	8.25	741.8724035	-1611.010456	-666.9611135	232.3920873
44.249948	8.25	302.1514857	-1606.554766	-727.3914107	75.18977055
45.249997	8.25	389.3159235	-1364.555097	-710.1256115	222.5060248
46.250046	8.25	437.4930728	-1587.061121	-887.2392934	312.4552693
47.250094	8.25	173.2149531	-1596.250982	-820.960903	109.4428886
48.250143	8.25	-72.68344494	-1358.707003	-774.4546375	58.75941353
49.249887	8.25	224.4553894	-1338.099437	-824.5811512	267.7591274
50.249936	8.25	424.6829637	-1258.732456	-746.3280936	329.3033475
51.249985	8.25	289.062896	-1072.428914	-861.6190753	469.9360663
52.250034	8.25	-63.49358408	-1374.85888	-980.2518245	261.0755925
53.250082	8.25	180.7339301	-1510.478948	-1118.935179	454.0626701
54.250131	8.25	339.4678903	-1658.909125	-1074.656759	414.9361417
55.249875	8.25	204.9617451	-1562.276345	-811.2140809	132.556781
56.249924	8.25	104.430237	-1335.871591	-915.0873566	299.3666796
57.249973	8.25	542.480271	-1328.074134	-981.6442276	588.8472961
58.250021	8.25	548.8853256	-1232.276796	-780.3027307	438.6069955
59.25007	8.25	647.4674693	-1557.820655	-676.429455	221.2528622
60.250119	8.25	363.1387441	-1719.896383	-804.2520651	125.8732457
61.249863	8.25	556.9612639	-1720.731825	-813.7204066	231.8351261
62.249912	8.25	650.8092369	-1639.972442	-435.2652277	-59.31637485
63.24996	8.25	545.2650774	-1704.301468	-620.1763674	40.6581721
64.250009	8.25	394.0500942	-1579.263664	-856.3279432	263.7211583
65.250058	8.25	76.86065442	-1442.251193	-458.1006396	-224.5946297
66.250107	8.25	78.53153821	-1702.073622	-806.7583908	-5.012651095
67.249851	8.25	-104.430237	-1668.655947	-740.2015197	-146.3415723
68.249899	8.25	-292.1261829	-1705.972351	-500.4296956	-498.6195714
69.249948	8.25	-451.4171044	-1763.060881	-499.8727344	-607.3662583
70.249997	8.25	-482.6069352	-1765.567207	-260.3793909	-863.7076802
71.250046	8.25	-558.9106283	-1715.997654	-264.835081	-872.6190602
72.250094	8.25	-487.6195865	-1195.517353	-72.96192557	-768.6065442
73.250143	8.25	-597.0624749	765.2647766	426.6323281	-342.5311773
74.249887	8.25	-1497.111877	3917.108569	1262.909666	-52.91132
0.49987198	12.25	-646.6320274	-2071.06046	-1007.542926	-351.3033177
7.4999086	12.25	-642.1763373	-2243.439971	-1352.85891	-89.94924415
14.499945	12.25	-1040.12516	-2136.781889	-1408.833517	-179.6200075
21.499982	12.25	-809.2647164	-2267.667786	-1448.934728	-89.5315232
28.500018	12.25	-994.4543367	-2196.376744	-1332.251343	-263.1641974
35.500055	12.25	-907.5683795	-2148.478075	-1085.795984	-442.2272433
42.500091	12.25	-923.9987368	-2252.908312	-1023.694803	-564.7587214
49.500128	12.25	-1083.011178	-2277.693089	-1233.94768	-446.4044535
56.49986	12.25	-887.517774	-2237.870358	-956.3024901	-606.3915759
63.499896	12.25	-751.0622644	-1994.478286	-1404.377827	31.6075518
70.499933	12.25	-493.1891992	-2169.642604	-1119.770621	-211.6452806
